Taxon id;Global sorteringsordning;Vetenskapligt namn;Svenskt namn;Kategori;Observationer;Landskapstyp;RedListCategory;Rödlistningskriterium
227448;1499;Alkmaria romijni;;Art;110;Brackvatten (B) - Stor betydelse;NT;D2
227449;1502;Amage auricula;;Art;14;Marin miljö (M) - Stor betydelse;CR (PRE);D
227474;1539;Lysippe fragilis;;Art;51;Marin miljö (M) - Stor betydelse;EN;B1ab(iii)
227473;1540;Lysippe labiata;;Art;0;Marin miljö (M) - Stor betydelse;VU;D2
227482;1557;Samytha sexcirrata;;Art;81;Marin miljö (M) - Stor betydelse;VU;"B1ab(i,ii); D2"
227485;1564;Sosane wireni;;Art;18;Marin miljö (M) - Stor betydelse;VU;D2
227506;1625;Eupolymnia nesidensis;;Art;98;Marin miljö (M) - Stor betydelse;VU;B1ab(i,ii,iii)+2ab(i,ii,iii)
227513;1638;Neoamphitrite affinis;;Art;83;Marin miljö (M) - Stor betydelse;VU;D2
227528;1661;Proclea graffii;;Art;137;Marin miljö (M) - Stor betydelse;VU;D2
227497;1683;Trichobranchus glacialis;;Art;24;Marin miljö (M) - Stor betydelse;VU;D2
101516;2662;Pauropus lanceolatus;lansettfåfoting;Art;0;Skog (S) - Stor betydelse, Urban miljö (U) - Har betydelse;NT;B2a
200841;2678;Decapauropus multiplex;spatelfåfoting;Art;0;Skog (S) - Stor betydelse;NT;"B2a; D2"
100242;2682;Decapauropus verticillatus;kransfåfoting;Art;9;Skog (S) - Stor betydelse;NT;B2a
101369;2722;Nanogona polydesmoides;kölfoting;Art;19;Skog (S) - Stor betydelse, Urban miljö (U) - Har betydelse;NT;"B1a+2a; D2"
101279;2788;Megaphyllum sjaelandicum;skuggkejsarfoting;Art;2;Skog (S) - Stor betydelse, Våtmark (V) - Har betydelse;CR;B1ab(ii,iii,v)+2ab(ii,iii,v)
200883;2818;Julus scanicus;ålkejsarfoting;Art;26;Skog (S) - Stor betydelse, Våtmark (V) - Stor betydelse;VU;B2ab(ii,iii,iv)
200923;2897;Lithobius lapidicola;dvärgstenkrypare;Art;41;Skog (S) - Stor betydelse, Urban miljö (U) - Stor betydelse;NT;B2a
200925;2898;Lithobius lucifugus;ölandsstenkrypare;Art;30;Jordbrukslandskap (J) - Stor betydelse;NT;D2
102202;3589;Brachinus crepitans;bombarderbagge;Art;190;Jordbrukslandskap (J) - Stor betydelse, Urban miljö (U) - Stor betydelse;VU;B2ab(iii,iv)c(iv)
100534;3600;Callisthenes reticulatus;alvarlarvmördare;Art;0;Jordbrukslandskap (J) - Stor betydelse;EN;B1ab(iii)c(iv)+2ab(iii)c(iv)
100533;3603;Calosoma maderae;hedlarvmördare;Art;0;Jordbrukslandskap (J) - Stor betydelse, Urban miljö (U) - Har betydelse;CR (PRE);B2ab(iii)
103302;3616;Carabus clathratus;nätlöpare;Art;244;Havsstrand (H) - Stor betydelse, Våtmark (V) - Stor betydelse;NT;B2ab(iii)
100541;3617;Carabus convexus;kullerlöpare;Art;112;Jordbrukslandskap (J) - Stor betydelse, Havsstrand (H) - Har betydelse, Urban miljö (U) - Har betydelse;VU;B2ab(iii)
100542;3623;Carabus intricatus;bokskogslöpare;Art;159;Skog (S) - Stor betydelse;VU;B1ab(iii)+2ab(iii)
100649;3646;Cicindela maritima;strandsandjägare;Art;529;Havsstrand (H) - Stor betydelse, Våtmark (V) - Stor betydelse;VU;B2b(iii)c(iii,iv)
102234;3668;Elaphrus uliginosus;bred groplöpare;Art;118;Havsstrand (H) - Stor betydelse, Våtmark (V) - Stor betydelse, Jordbrukslandskap (J) - Har betydelse, Urban miljö (U) - Har betydelse;NT;B2ab(iii)
100615;3674;Chlaenius costulatus;praktsammetslöpare;Art;32;Våtmark (V) - Stor betydelse, Jordbrukslandskap (J) - Har betydelse;VU;B2ab(iii)
100616;3676;Chlaenius nigricornis;guldgrön sammetslöpare;Art;571;Våtmark (V) - Stor betydelse, Jordbrukslandskap (J) - Har betydelse, Urban miljö (U) - Har betydelse;NT;B2b(iii)
100617;3678;Chlaenius nitidulus;lersammetslöpare;Art;57;Havsstrand (H) - Stor betydelse, Våtmark (V) - Stor betydelse, Jordbrukslandskap (J) - Har betydelse;EN;B1ac(iv)
100618;3679;Chlaenius quadrisulcatus;strimmig sammetslöpare;Art;26;Våtmark (V) - Stor betydelse, Jordbrukslandskap (J) - Har betydelse;VU;B2ab(iii)
100619;3681;Chlaenius sulcicollis;träsksammetslöpare;Art;20;Våtmark (V) - Stor betydelse, Jordbrukslandskap (J) - Har betydelse;VU;B2ab(iii)
100620;3683;Chlaenius tristis;brun sammetslöpare;Art;148;Våtmark (V) - Stor betydelse, Havsstrand (H) - Har betydelse, Jordbrukslandskap (J) - Har betydelse, Urban miljö (U) - Har betydelse;NT;B2b(iii)
100292;3705;Anisodactylus poeciloides;saltängslöpare;Art;0;Havsstrand (H) - Stor betydelse;RE;
102261;3729;Harpalus anxius;smal frölöpare;Art;749;Jordbrukslandskap (J) - Stor betydelse, Havsstrand (H) - Har betydelse, Urban miljö (U) - Har betydelse;NT;B2ab(iii)
101045;3732;Harpalus autumnalis;höstfrölöpare;Art;52;Jordbrukslandskap (J) - Stor betydelse, Havsstrand (H) - Har betydelse, Urban miljö (U) - Har betydelse;CR;B1ab(iii)c(iv)+2ab(iii)c(iv)
101046;3733;Harpalus calceatus;trädesfrölöpare;Art;175;Jordbrukslandskap (J) - Stor betydelse, Urban miljö (U) - Har betydelse;NT°;B2b(iii)c(iii,iv)
101047;3737;Harpalus flavescens;gul frölöpare;Art;218;Jordbrukslandskap (J) - Stor betydelse, Urban miljö (U) - Har betydelse;VU;B1ab(iii,iv)+2ab(iii,iv)
101048;3738;Harpalus froelichii;klumpfrölöpare;Art;161;Jordbrukslandskap (J) - Stor betydelse, Urban miljö (U) - Har betydelse;NT°;B2b(iii)c(iii,iv)
101049;3739;Harpalus griseus;sammetsfrölöpare;Art;281;Jordbrukslandskap (J) - Stor betydelse, Urban miljö (U) - Har betydelse;NT°;B2b(iii)c(iii,iv)
101050;3740;Harpalus hirtipes;platt frölöpare;Art;145;Jordbrukslandskap (J) - Stor betydelse, Urban miljö (U) - Har betydelse;EN;B2ab(iii,iv)
102262;3744;Harpalus luteicornis;kustfrölöpare;Art;11;Havsstrand (H) - Stor betydelse, Jordbrukslandskap (J) - Stor betydelse;VU;B2ab(iii)
101051;3745;Harpalus melancholicus;dysterfrölöpare;Art;127;Havsstrand (H) - Stor betydelse, Jordbrukslandskap (J) - Stor betydelse, Urban miljö (U) - Har betydelse;NT;B2ab(iii)
102263;3747;Harpalus neglectus;dynfrölöpare;Art;161;Havsstrand (H) - Stor betydelse, Jordbrukslandskap (J) - Stor betydelse;NT;B2ab(iii)
102265;3749;Harpalus picipennis;knubbfrölöpare;Art;148;Jordbrukslandskap (J) - Stor betydelse, Urban miljö (U) - Har betydelse;VU;B2ab(iii)
101052;3753;Harpalus rufipalpis;hedfrölöpare;Art;170;Jordbrukslandskap (J) - Stor betydelse, Urban miljö (U) - Har betydelse;NT;B2ab(iii)
101053;3756;Harpalus servus;oval frölöpare;Art;278;Jordbrukslandskap (J) - Stor betydelse, Havsstrand (H) - Har betydelse, Urban miljö (U) - Har betydelse;NT;B2ab(iii)
102266;3760;Harpalus subcylindricus;alvarfrölöpare;Art;93;Jordbrukslandskap (J) - Stor betydelse, Urban miljö (U) - Har betydelse;VU;B1ab(iii)+2ab(iii)
102318;3770;Ophonus azureus;azurlöpare;Art;151;Jordbrukslandskap (J) - Stor betydelse, Urban miljö (U) - Har betydelse;NT;B2ab(iii)
101462;3775;Ophonus puncticollis;hjärthalsad väglöpare;Art;50;Jordbrukslandskap (J) - Stor betydelse, Urban miljö (U) - Stor betydelse;VU;B2ab(iii)
102223;3799;Cymindis humeralis;blank skulderlöpare;Art;104;Jordbrukslandskap (J) - Stor betydelse;EN;B2ab(iii)
102224;3800;Cymindis macularis;dynskulderlöpare;Art;97;Havsstrand (H) - Stor betydelse, Jordbrukslandskap (J) - Stor betydelse, Urban miljö (U) - Har betydelse;NT;B2ab(iii)
101183;3818;Lebia cyanocephala;blå örtlöpare;Art;78;Jordbrukslandskap (J) - Stor betydelse, Urban miljö (U) - Har betydelse;VU;B2ab(iii)
100439;3849;Badister meridionalis;vätbroklöpare;Art;69;Jordbrukslandskap (J) - Stor betydelse, Våtmark (V) - Stor betydelse;NT;B2b(iii)c(iv)
102158;3878;Agonum duftschmidi;lundkärrlöpare;Art;35;Skog (S) - Stor betydelse, Våtmark (V) - Stor betydelse;NT;B1ab(iii)+2ab(iii)
100210;3905;Limodromus krynickii;sumpskogslöpare;Art;162;Skog (S) - Stor betydelse, Våtmark (V) - Stor betydelse, Jordbrukslandskap (J) - Har betydelse;NT;B2ab(iii)
100211;3906;Limodromus longiventris;älvängslöpare;Art;46;Skog (S) - Stor betydelse, Våtmark (V) - Stor betydelse;CR (PRE);B1ab(iii)c(iv)+2ab(iii)c(iv)
100213;3915;Platynus mannerheimii;granskugglöpare;Art;46;Skog (S) - Stor betydelse, Våtmark (V) - Stor betydelse;NT;B2ab(iii)
100209;3917;Sericoda bogemannii;svedjelöpare;Art;1;Skog (S) - Stor betydelse;RE;
101671;3932;Poecilus punctulatus;matt sollöpare;Art;26;Jordbrukslandskap (J) - Stor betydelse, Urban miljö (U) - Stor betydelse;EN;B2ab(iii,iv)c(iv)
101165;3995;Laemostenus terricola;källarlöpare;Art;115;Jordbrukslandskap (J) - Stor betydelse, Urban miljö (U) - Stor betydelse;NT;B2ab(iii)
101810;3999;Sphodrus leucophthalmus;kvarnlöpare;Art;4;Urban miljö (U) - Stor betydelse;RE;
102163;4029;Amara infima;ljungkornlöpare;Art;127;Havsstrand (H) - Stor betydelse, Jordbrukslandskap (J) - Stor betydelse, Urban miljö (U) - Har betydelse;NT;B2ab(iii)
102164;4033;Amara littorea;matt kornlöpare;Art;26;Jordbrukslandskap (J) - Stor betydelse, Urban miljö (U) - Stor betydelse;EN;B2ab(iii)
103450;4038;Amara montivaga;blågrön kornlöpare;Art;66;Jordbrukslandskap (J) - Stor betydelse, Urban miljö (U) - Stor betydelse;VU;B2ab(iii)
102010;4056;Zabrus tenebrioides;axlöpare;Art;15;Jordbrukslandskap (J) - Stor betydelse, Urban miljö (U) - Stor betydelse;VU°;B1ab(iii)c(iv)+2ab(iii)c(iv)
103287;4076;Nebria livida;spöklöpare;Art;266;Havsstrand (H) - Stor betydelse, Våtmark (V) - Stor betydelse;VU;B2ab(iii)
103289;4077;Nebria nivalis;snölöpare;Art;107;Fjäll (F) - Stor betydelse, Våtmark (V) - Stor betydelse;NT;B2b(iii)
103296;4089;Notiophilus fasciatus;granögonlöpare;Art;179;Skog (S) - Stor betydelse;NT;B2ab(iii)
100666;4104;Clivina collaris;brokig mullvadslöpare;Art;42;Våtmark (V) - Stor betydelse, Havsstrand (H) - Har betydelse, Urban miljö (U) - Har betydelse;EN;B1ab(iii)+2ab(iii)
100871;4108;Dyschirius angustatus;mjälgrävare;Art;54;Våtmark (V) - Stor betydelse, Havsstrand (H) - Har betydelse, Urban miljö (U) - Har betydelse;NT;B2ab(iii)
100872;4109;Dyschirius chalceus;saltgrävare;Art;30;Havsstrand (H) - Stor betydelse, Våtmark (V) - Stor betydelse, Jordbrukslandskap (J) - Har betydelse, Urban miljö (U) - Har betydelse;EN;B2ab(iii)c(iv)
100873;4112;Dyschirius impunctipennis;dyngrävare;Art;38;Havsstrand (H) - Stor betydelse, Våtmark (V) - Stor betydelse;EN;B2ab(iii)c(iv)
100874;4113;Dyschirius intermedius;ågrävare;Art;69;Våtmark (V) - Stor betydelse, Havsstrand (H) - Har betydelse, Urban miljö (U) - Har betydelse;NT;B2b(iii)c(iv)
100875;4114;Dyschirius laeviusculus;brantgrävare;Art;5;Våtmark (V) - Stor betydelse, Havsstrand (H) - Har betydelse, Urban miljö (U) - Har betydelse;EN;B1ab(iii)c(iv)+2ab(iii)c(iv)
100466;4142;Bembidion argenteolum;silverlöpare;Art;125;Våtmark (V) - Stor betydelse;VU;B2ab(iii)
100465;4151;Bembidion bualei;havsstrandlöpare;Art;61;Havsstrand (H) - Stor betydelse, Våtmark (V) - Stor betydelse;VU;B2ab(iii)
100468;4184;Bembidion humerale;torvlöpare;Art;72;Våtmark (V) - Stor betydelse, Skog (S) - Har betydelse, Urban miljö (U) - Har betydelse;NT;B2b(iii)c(iv)
102194;4193;Bembidion litorale;brokig spegellöpare;Art;242;Våtmark (V) - Stor betydelse;NT;B2ab(iii)
208475;4198;Bembidion mckinleyi;blågrön strandlöpare;Art;31;Fjäll (F) - Stor betydelse, Våtmark (V) - Stor betydelse;NT;B2b(iii)
102196;4203;Bembidion nigricorne;ljungkvicklöpare;Art;82;Urban miljö (U) - Stor betydelse, Havsstrand (H) - Har betydelse, Jordbrukslandskap (J) - Har betydelse, Skog (S) - Har betydelse, Våtmark (V) - Har betydelse;NT;B2ab(iii,iv)
102197;4212;Bembidion petrosum;älvstrandlöpare;Art;12;Fjäll (F) - Stor betydelse, Våtmark (V) - Stor betydelse;EN;B2ab(iii)c(iv)
100470;4221;Bembidion ruficolle;gul strandlöpare;Art;153;Urban miljö (U) - Stor betydelse, Våtmark (V) - Stor betydelse;NT;B2b(iii)
100471;4226;Bembidion semipunctatum;brokstrandlöpare;Art;88;Våtmark (V) - Stor betydelse;VU;B2ab(iii)
100472;4227;Bembidion stephensii;källkvicklöpare;Art;106;Havsstrand (H) - Stor betydelse, Våtmark (V) - Stor betydelse, Urban miljö (U) - Har betydelse;NT;B2b(iii)
100469;4251;Ocys quinquestriatus;murlöpare;Art;62;Urban miljö (U) - Stor betydelse;VU;B2ab(iii)
101515;4269;Patrobus australis;lövsumplöpare;Art;40;Våtmark (V) - Stor betydelse, Skog (S) - Har betydelse, Urban miljö (U) - Har betydelse;NT;B2b(iii)
101611;4276;Pogonus luridipennis;gulvingad saltlöpare;Art;45;Havsstrand (H) - Stor betydelse;EN;B1ab(iii)c(iv)+2ab(iii)c(iv)
100183;4280;Aepus marinus;tidvattenslöpare;Art;44;Havsstrand (H) - Stor betydelse;NT;B2ab(iii)
101527;4284;Perileptus areolatus;dvärgstrandlöpare;Art;61;Våtmark (V) - Stor betydelse;NT;B2b(iii)
100187;4314;Agabus clypealis;;Art;100;Sötvatten (L) - Stor betydelse, Våtmark (V) - Stor betydelse;VU;B1ab(iii)c(iv)+2ab(iii)c(iv)
100188;4319;Agabus conspersus;;Art;22;Havsstrand (H) - Stor betydelse, Sötvatten (L) - Stor betydelse;NT;B2ab(iii)c(iv)
102331;4374;Rhantus bistriatus;;Art;39;Sötvatten (L) - Stor betydelse, Våtmark (V) - Stor betydelse, Jordbrukslandskap (J) - Har betydelse;NT;B2b(iii)
101705;4377;Rhantus fennicus;finsk gulbuk;Art;15;Sötvatten (L) - Stor betydelse;NT;B2b(iii)
100878;4408;Dytiscus circumflexus;;Art;25;Sötvatten (L) - Stor betydelse;NT;B2b(iii)
101084;4417;Hydaticus continentalis;;Art;68;Sötvatten (L) - Stor betydelse, Våtmark (V) - Stor betydelse, Jordbrukslandskap (J) - Har betydelse;EN;B2ab(iii,iv)
101157;4543;Laccophilus biguttatus;;Art;19;Sötvatten (L) - Stor betydelse, Våtmark (V) - Stor betydelse;NT;B2ab(iii)
101158;4546;Laccophilus poecilus;;Art;22;Brackvatten (B) - Stor betydelse, Sötvatten (L) - Stor betydelse, Våtmark (V) - Stor betydelse, Havsstrand (H) - Har betydelse;VU;B2ab(iii)
102203;4571;Brychius elevatus;;Art;206;Sötvatten (L) - Stor betydelse;NT;B2ab(iii)
101521;4599;Peltodytes caesus;;Art;45;Sötvatten (L) - Stor betydelse, Våtmark (V) - Stor betydelse;NT;B2b(iii)
101718;4612;Rhysodes sulcatus;hakbagge;Art;0;Skog (S) - Stor betydelse;RE;
101913;4615;Trachypachus zetterstedti;nordglanslöpare;Art;21;Skog (S) - Stor betydelse;VU;B2ab(iii)
102308;4620;Sphaerius acaroides;;Art;27;Våtmark (V) - Stor betydelse, Urban miljö (U) - Har betydelse;NT;B2b(iii)
100500;4627;Bostrichus capucinus;rödvingad kapuschongbagge;Art;203;Jordbrukslandskap (J) - Stor betydelse, Skog (S) - Stor betydelse, Urban miljö (U) - Har betydelse;NT;B2ab(iii)
101849;4661;Stephanopachys linearis;slät tallkapuschongbagge;Art;863;Skog (S) - Stor betydelse;NT;B2b(iii)c(iii,iv)
101850;4663;Stephanopachys substriatus;grov tallkapuschongbagge;Art;266;Skog (S) - Stor betydelse;VU;B2b(iii)c(iii,iv)
102297;4671;Lyctus linearis;eksplintbagge;Art;148;Jordbrukslandskap (J) - Stor betydelse, Skog (S) - Stor betydelse;VU;B2ab(iii)
100431;4687;Attagenus punctatus;;Art;34;Skog (S) - Stor betydelse, Jordbrukslandskap (J) - Har betydelse, Urban miljö (U) - Har betydelse;VU;B1ab(iii)+2ab(iii)
105247;4703;Dermestes gyllenhalii;;Art;70;Havsstrand (H) - Stor betydelse, Våtmark (V) - Stor betydelse;NT;B2ab(iii)
100813;4711;Dermestes palmi;urskogsänger;Art;111;Skog (S) - Stor betydelse;VU;B2ab(iii,iv)
100997;4731;Globicornis corticalis;barkänger;Art;55;Skog (S) - Stor betydelse, Jordbrukslandskap (J) - Har betydelse;NT;B2ab(iii)
100998;4734;Globicornis nigripes;;Art;128;Skog (S) - Stor betydelse, Jordbrukslandskap (J) - Har betydelse, Urban miljö (U) - Har betydelse;NT;B2ab(iii)
101280;4736;Megatoma pubescens;ljus tallänger;Art;4;Skog (S) - Stor betydelse;EN;B2ab(iii)
101929;4760;Trinodes hirtus;;Art;147;Skog (S) - Stor betydelse, Jordbrukslandskap (J) - Har betydelse, Urban miljö (U) - Har betydelse;NT;B2ab(iii)
101408;4763;Nosodendron fasciculare;;Art;101;Jordbrukslandskap (J) - Stor betydelse, Skog (S) - Stor betydelse, Urban miljö (U) - Har betydelse;EN;B2ab(iii,iv)
100297;4778;Hemicoelus costatus;gråbandad trägnagare;Art;286;Skog (S) - Stor betydelse, Jordbrukslandskap (J) - Har betydelse;NT;B2ab(iii)
100298;4779;Hemicoelus fulvicornis;;Art;284;Skog (S) - Stor betydelse, Jordbrukslandskap (J) - Har betydelse, Urban miljö (U) - Har betydelse;NT;B2ab(iii)
101032;4787;Hadrobregmus confusus;nordlig trägnagare;Art;122;Skog (S) - Stor betydelse, Urban miljö (U) - Har betydelse;NT;B2ab(iii)
101446;4797;Oligomerus brunneus;;Art;55;Jordbrukslandskap (J) - Stor betydelse, Skog (S) - Stor betydelse;VU;B2ab(iii)
100296;4806;Anitys rubens;;Art;149;Skog (S) - Stor betydelse, Jordbrukslandskap (J) - Har betydelse;NT;B2ab(iii)
100854;4811;Dorcatoma ambjoerni;;Art;5;Skog (S) - Stor betydelse, Jordbrukslandskap (J) - Har betydelse, Urban miljö (U) - Har betydelse;EN;B2ab(iii)
105331;4815;Dorcatoma janssoni;;Art;11;Skog (S) - Stor betydelse;VU;B2ab(iii)
102228;4817;Dorcatoma minor;;Art;39;Skog (S) - Stor betydelse;VU;B2ab(iii)
102250;4827;Grynobius planus;;Art;150;Skog (S) - Stor betydelse, Jordbrukslandskap (J) - Har betydelse, Urban miljö (U) - Har betydelse;NT;B2ab(iii)
105316;4836;Ernobius explanatus;;Art;165;Skog (S) - Stor betydelse, Våtmark (V) - Har betydelse;NT;B2ab(iii)
101651;4915;Pseudoptilinus fissicollis;lindgrengnagare;Art;81;Skog (S) - Stor betydelse, Jordbrukslandskap (J) - Har betydelse;EN;B2ab(iii)
102358;4917;Xyletinus ater;;Art;239;Skog (S) - Stor betydelse, Jordbrukslandskap (J) - Har betydelse, Urban miljö (U) - Har betydelse;NT;B2ab(iii)
101990;4920;Xyletinus laticollis;;Art;16;Havsstrand (H) - Stor betydelse, Jordbrukslandskap (J) - Stor betydelse;EN;B2ab(iii)
101991;4921;Xyletinus longitarsis;;Art;197;Skog (S) - Stor betydelse, Jordbrukslandskap (J) - Har betydelse;NT;B2ab(iii)
101992;4922;Xyletinus pectinatus;;Art;129;Skog (S) - Stor betydelse, Jordbrukslandskap (J) - Har betydelse;NT;B2ab(iii)
101994;4924;Xyletinus tremulicola;aspbarkgnagare;Art;351;Skog (S) - Stor betydelse, Jordbrukslandskap (J) - Har betydelse;NT;B2ab(iii)
101995;4925;Xyletinus vaederoeensis;;Art;39;Skog (S) - Stor betydelse, Jordbrukslandskap (J) - Har betydelse;NT;B2ab(iii)
100218;4937;Agrilus convexicollis;askpraktbagge;Art;106;Skog (S) - Stor betydelse, Jordbrukslandskap (J) - Har betydelse;NT;"A3c; B2b(iii)"
100219;4942;Agrilus guerini;spetspraktbagge;Art;94;Skog (S) - Stor betydelse, Jordbrukslandskap (J) - Har betydelse, Våtmark (V) - Har betydelse;NT;B1ab(iii)+2ab(iii)
102159;4946;Agrilus laticornis;bredhornad praktbagge;Art;200;Skog (S) - Stor betydelse, Jordbrukslandskap (J) - Har betydelse;NT;B2ab(iii)
100220;4948;Agrilus mendax;rönnpraktbagge;Art;35;Skog (S) - Stor betydelse, Jordbrukslandskap (J) - Har betydelse;EN;B2ab(iii)
100221;4950;Agrilus olivicolor;hasselpraktbagge;Art;176;Jordbrukslandskap (J) - Stor betydelse, Skog (S) - Stor betydelse;NT;B2ab(iii)
100222;4957;Agrilus subauratus;juvelpraktbagge;Art;18;Skog (S) - Stor betydelse, Jordbrukslandskap (J) - Har betydelse;VU;B2ab(iii)
6051277;4975;Trachys compressus;ängsväddspraktbagge;Art;26;Jordbrukslandskap (J) - Stor betydelse, Våtmark (V) - Stor betydelse;NT;B2ab(iii)
211273;4979;Trachys scrobiculatus;myntepraktbagge;Art;3;Jordbrukslandskap (J) - Stor betydelse;VU;B2ab(iii)
105223;4980;Trachys troglodytes;åkerväddspraktbagge;Art;72;Jordbrukslandskap (J) - Stor betydelse, Våtmark (V) - Har betydelse;NT;B2ab(iii)
100515;4995;Buprestis haemorrhoidalis;bronspraktbagge;Art;507;Skog (S) - Stor betydelse, Urban miljö (U) - Har betydelse;NT;B2ab(iii,iv)
100516;4996;Buprestis novemmaculata;gulfläckig praktbagge;Art;159;Skog (S) - Stor betydelse;VU;B2ab(iii,iv)
100518;4999;Buprestis splendens;glanspraktbagge;Art;1;Skog (S) - Stor betydelse;RE;
105212;5004;Chrysobothris chrysostigma;barrpraktbagge;Art;441;Skog (S) - Stor betydelse;NT;B2ab(iii)
100606;5016;Chalcophora mariana;jättepraktbagge;Art;0;Skog (S) - Stor betydelse;EN;B1ab(iii)+2ab(iii)
100821;5020;Dicerca alni;alpraktbagge;Art;134;Skog (S) - Stor betydelse, Våtmark (V) - Har betydelse;NT;B2ab(iii)
100822;5021;Dicerca furcata;björkpraktbagge;Art;152;Skog (S) - Stor betydelse;EN;B2ab(iii)
100823;5022;Dicerca moesta;tallpraktbagge;Art;255;Skog (S) - Stor betydelse;NT;B2ab(iii)
105228;5035;Arctobyrrhus dovrensis;;Art;38;Fjäll (F) - Stor betydelse, Våtmark (V) - Stor betydelse;NT;B2ab(iii)
105235;5048;Porcinolus murinus;;Art;142;Jordbrukslandskap (J) - Stor betydelse, Urban miljö (U) - Har betydelse, Våtmark (V) - Har betydelse;NT;B2ab(iii)
102348;5067;Chaetophora spinosa;;Art;29;Havsstrand (H) - Stor betydelse, Jordbrukslandskap (J) - Stor betydelse, Urban miljö (U) - Har betydelse;VU;B1ab(iii)c(iv)+2ab(iii)c(iv)
102231;5083;Dryops nitidulus;;Art;15;Sötvatten (L) - Stor betydelse, Våtmark (V) - Stor betydelse;VU;B2ab(iii)
100922;5099;Esolus angustatus;;Art;2;Sötvatten (L) - Stor betydelse;RE;
102287;5151;Limnichus pygmaeus;;Art;64;Havsstrand (H) - Stor betydelse, Våtmark (V) - Stor betydelse, Urban miljö (U) - Har betydelse;VU;B1ab(iii)+2ab(iii)
102204;5178;Callidium aeneum;grönhjon;Art;1277;Skog (S) - Stor betydelse, Jordbrukslandskap (J) - Har betydelse, Våtmark (V) - Har betydelse;NT;B2ab(iii,iv)
101566;5191;Poecilium pusillum;mörk spegelbock;Art;232;Skog (S) - Stor betydelse, Jordbrukslandskap (J) - Har betydelse;VU;B1ab(iii)+2ab(iii)
101712;5196;Ropalopus femoratus;rödbent ögonbock;Art;289;Skog (S) - Stor betydelse, Jordbrukslandskap (J) - Har betydelse;VU;B1ab(iii)+2ab(iii)
101713;5197;Ropalopus macropus;svart ögonbock;Art;5;Skog (S) - Stor betydelse, Jordbrukslandskap (J) - Har betydelse;RE;
100571;5206;Cerambyx cerdo;större ekbock;Art;311;Jordbrukslandskap (J) - Stor betydelse, Skog (S) - Stor betydelse;CR;B1ab(iii)+2ab(iii)
100572;5207;Cerambyx scopolii;mindre ekbock;Art;1325;Skog (S) - Stor betydelse, Jordbrukslandskap (J) - Har betydelse;NT;B2ab(iii)
100622;5215;Chlorophorus herbstii;lindfläckbock;Art;265;Skog (S) - Stor betydelse, Jordbrukslandskap (J) - Har betydelse;VU;B2ab(iii)
101582;5227;Plagionotus detritus;bredbandad ekbarkbock;Art;527;Jordbrukslandskap (J) - Stor betydelse, Skog (S) - Stor betydelse;VU;B2ab(iii)
102005;5234;Xylotrechus pantherinus;sälggetingbock;Art;184;Skog (S) - Stor betydelse, Jordbrukslandskap (J) - Har betydelse, Urban miljö (U) - Har betydelse;NT;B2ab(iii,iv)
101721;5268;Rosalia alpina;alpbock;Art;6;Skog (S) - Stor betydelse;RE;
101186;5285;Leiopus punctulatus;aspsplintbock;Art;244;Skog (S) - Stor betydelse, Jordbrukslandskap (J) - Har betydelse;VU;B2ab(iii)
101310;5315;Mesosa curculionoides;ögonfläcksbock;Art;147;Skog (S) - Stor betydelse, Jordbrukslandskap (J) - Har betydelse;EN;B2ab(iii)
101312;5317;Mesosa nebulosa;molnfläcksbock;Art;639;Skog (S) - Stor betydelse, Jordbrukslandskap (J) - Har betydelse;NT;B2ab(iii)
101341;5329;Monochamus sartor;granbock;Art;0;Skog (S) - Stor betydelse;EN;B2ab(iii,iv)
101422;5333;Oberea linearis;hasselbock;Art;215;Skog (S) - Stor betydelse, Jordbrukslandskap (J) - Har betydelse;VU;B2ab(iii)
101571;5342;Phytoecia nigricornis;gullrisbock;Art;79;Urban miljö (U) - Stor betydelse, Jordbrukslandskap (J) - Har betydelse;VU;B2ab(iii)
101609;5350;Pogonocherus caroli;sydlig kvistbock;Art;126;Skog (S) - Stor betydelse;NT;B2ab(iii)
101892;5377;Tetrops starkii;askdvärgbock;Art;113;Skog (S) - Stor betydelse, Jordbrukslandskap (J) - Har betydelse;NT;"A3c; B2b(iii)"
101199;5394;Etorofus pubescens;hårig blombock;Art;522;Skog (S) - Stor betydelse;NT;B2ab(iii)
101198;5409;Lepturalia nigripes;nordlig blombock;Art;173;Skog (S) - Stor betydelse;EN;B2ab(iii)
101399;5416;Nivellia sanguinosa;blodbock;Art;6;Skog (S) - Stor betydelse;RE;
101200;5418;Pedostrangalia revestita;almblombock;Art;203;Jordbrukslandskap (J) - Stor betydelse, Skog (S) - Stor betydelse, Urban miljö (U) - Har betydelse;EN;B2ab(iii)
100303;5432;Stictoleptura scutellata;bokblombock;Art;573;Skog (S) - Stor betydelse;VU;B2ab(iii,iv)
101859;5435;Strangalia attenuata;smalvingad blombock;Art;887;Skog (S) - Stor betydelse, Jordbrukslandskap (J) - Har betydelse;NT;B2ab(iii)
100164;5445;Euracmaeops marginatus;kantad kulhalsbock;Art;146;Skog (S) - Stor betydelse;EN;B2ab(iii)c(iv)
100165;5446;Euracmaeops septentrionis;korthårig kulhalsbock;Art;514;Skog (S) - Stor betydelse, Våtmark (V) - Har betydelse;NT;B2ab(iii,iv)
100166;5447;Euracmaeops smaragdulus;grön kulhalsbock;Art;63;Skog (S) - Stor betydelse;RE;
100974;5449;Evodinus borealis;mindre frågeteckenbock;Art;228;Skog (S) - Stor betydelse;VU;B2ab(iii,iv)
105904;5455;Pachyta lamed;bandad skulderbock;Art;803;Skog (S) - Stor betydelse;NT;B2ab(iii)
101704;5463;Rhagium sycophanta;ekträdlöpare;Art;1280;Jordbrukslandskap (J) - Stor betydelse, Skog (S) - Stor betydelse;NT;B2ab(iii)
105894;5479;Ergates faber;smedbock;Art;690;Skog (S) - Stor betydelse;NT;B1ab(iii)
101920;5482;Tragosoma depsarium;raggbock;Art;3350;Skog (S) - Stor betydelse;VU;B2ab(iii,iv)
100397;5489;Arhopalus ferus;kustbarkbock;Art;22;Skog (S) - Stor betydelse;EN;B2ab(iii)
102186;5493;Asemum tenuicorne;slät barkbock;Art;14;Skog (S) - Stor betydelse;EN;B1ab(iii)
101410;5495;Nothorhina muricata;reliktbock;Art;9586;Skog (S) - Stor betydelse, Jordbrukslandskap (J) - Har betydelse, Urban miljö (U) - Har betydelse;NT;B2ab(iii,iv)
212842;5515;Altica carinthiaca;vialjordloppa;Art;4;Jordbrukslandskap (J) - Stor betydelse;NT;B2ab(iii)
100342;5543;Aphthona violacea;kärrtörelsjordloppa;Art;71;Våtmark (V) - Stor betydelse, Havsstrand (H) - Har betydelse, Jordbrukslandskap (J) - Har betydelse;NT;B2b(iii)
106147;5567;Chaetocnema confusa;bronsjordloppa;Art;21;Jordbrukslandskap (J) - Stor betydelse, Våtmark (V) - Stor betydelse, Havsstrand (H) - Har betydelse;NT;B2b(iii)
100819;5590;Dibolia occultans;vattenmyntejordloppa;Art;104;Jordbrukslandskap (J) - Stor betydelse, Våtmark (V) - Stor betydelse;NT;B2b(iii)
101068;5600;Hermaeophaga mercurialis;bingeljordloppa;Art;91;Skog (S) - Stor betydelse, Våtmark (V) - Har betydelse;NT;B2a
102291;5608;Longitarsus apicalis;spetsfläcksjordloppa;Art;46;Jordbrukslandskap (J) - Stor betydelse, Skog (S) - Har betydelse, Våtmark (V) - Har betydelse;NT;B2b(iii)
101232;5616;Longitarsus ferrugineus;större myntejordloppa;Art;25;Jordbrukslandskap (J) - Stor betydelse, Våtmark (V) - Stor betydelse;EN;B2ab(iii)
101235;5629;Longitarsus lycopi;mindre myntejordloppa;Art;98;Jordbrukslandskap (J) - Stor betydelse, Våtmark (V) - Stor betydelse;NT;B2b(iii)
102293;5630;Longitarsus medvedevi;alvarjordloppa;Art;27;Jordbrukslandskap (J) - Stor betydelse;VU;B1ab(iii)+2ab(iii)
101236;5637;Longitarsus niger;svartkämpsjordloppa;Art;83;Jordbrukslandskap (J) - Stor betydelse, Urban miljö (U) - Har betydelse;NT;B2b(iii)
101237;5642;Longitarsus ochroleucus;ljusgul jordloppa;Art;42;Jordbrukslandskap (J) - Stor betydelse, Urban miljö (U) - Stor betydelse, Havsstrand (H) - Har betydelse;NT;B2b(iii)
102295;5644;Longitarsus pellucidus;åkervindejordloppa;Art;62;Jordbrukslandskap (J) - Stor betydelse, Urban miljö (U) - Stor betydelse;NT;B2b(iii)
102296;5645;Longitarsus plantagomaritimus;gulkämpsjordloppa;Art;14;Havsstrand (H) - Stor betydelse, Jordbrukslandskap (J) - Stor betydelse;NT;B2b(iii)
101239;5648;Longitarsus quadriguttatus;hundtungejordloppa;Art;12;Jordbrukslandskap (J) - Stor betydelse, Urban miljö (U) - Stor betydelse, Havsstrand (H) - Har betydelse;EN;B1ab(iii)c(iv)+2ab(iii)c(iv)
101240;5649;Longitarsus reichei;strandängsjordloppa;Art;58;Havsstrand (H) - Stor betydelse, Jordbrukslandskap (J) - Stor betydelse;NT;B2b(iii)
233795;5651;Longitarsus substriatus;gamanderjordloppa;Art;60;Jordbrukslandskap (J) - Stor betydelse, Våtmark (V) - Stor betydelse;VU;B2ab(iii)
233796;5656;Longitarsus tristis;toppfrossörtsjordloppa;Art;34;Jordbrukslandskap (J) - Stor betydelse, Våtmark (V) - Stor betydelse;NT;B2ab(iii)
106141;5664;Mantura obtusata;ängssyrejordloppa;Art;44;Jordbrukslandskap (J) - Stor betydelse, Våtmark (V) - Stor betydelse;NT;B2b(iii)
106142;5665;Mantura rustica;skräppejordloppa;Art;57;Jordbrukslandskap (J) - Stor betydelse, Våtmark (V) - Stor betydelse;NT;B2b(iii)
106088;5690;Phyllotreta dilatata;vattenfränejordloppa;Art;30;Våtmark (V) - Stor betydelse, Jordbrukslandskap (J) - Har betydelse;VU;B2b(iii)c(iv)
101660;5713;Psylliodes chalcomera;blå tisteljordloppa;Art;68;Jordbrukslandskap (J) - Stor betydelse, Urban miljö (U) - Stor betydelse;NT;B2b(iii)c(iv)
101661;5717;Psylliodes cuprea;vägsenapsjordloppa;Art;49;Jordbrukslandskap (J) - Stor betydelse, Urban miljö (U) - Stor betydelse;NT;B2b(iii)c(iv)
101662;5720;Psylliodes hyoscyami;bolmörtsjordloppa;Art;18;Jordbrukslandskap (J) - Stor betydelse, Urban miljö (U) - Stor betydelse;EN;B2ab(iii)c(iv)
101664;5727;Psylliodes tricolor;stillfröjordloppa;Art;162;Jordbrukslandskap (J) - Stor betydelse, Urban miljö (U) - Stor betydelse;NT;B2b(iii)c(iv)
100555;5787;Cassida ferruginea;krisslesköldbagge;Art;242;Jordbrukslandskap (J) - Stor betydelse, Havsstrand (H) - Har betydelse;NT;B2ab(iii)
100556;5793;Cassida murraea;leopardsköldbagge;Art;520;Jordbrukslandskap (J) - Stor betydelse, Havsstrand (H) - Har betydelse, Våtmark (V) - Har betydelse;NT;B2ab(iii)
100557;5798;Cassida prasina;ängssköldbagge;Art;38;Jordbrukslandskap (J) - Stor betydelse;NT;B2b(iii)
100558;5802;Cassida seladonia;ullörtssköldbagge;Art;10;Jordbrukslandskap (J) - Stor betydelse, Urban miljö (U) - Stor betydelse;VU;B1ab(iii,iv)c(iv)+2ab(iii,iv)c(iv)
101575;5811;Pilemostoma fastuosum;pantersköldbagge;Art;74;Jordbrukslandskap (J) - Stor betydelse, Våtmark (V) - Har betydelse;VU;B1ab(iii,iv)+2ab(iii,iv)
102210;5819;Chrysolina analis;mindre röllikebagge;Art;415;Jordbrukslandskap (J) - Stor betydelse, Urban miljö (U) - Har betydelse;NT;B2ab(iii)
100638;5828;Chrysolina gypsophilae;strimsporrebagge;Art;163;Jordbrukslandskap (J) - Stor betydelse, Urban miljö (U) - Stor betydelse;NT;B2ab(iii)
100639;5836;Chrysolina limbata;brämbladbagge;Art;138;Jordbrukslandskap (J) - Stor betydelse, Urban miljö (U) - Har betydelse;VU;B2ab(iii)
106025;5847;Chrysolina sturmi;jordrevebagge;Art;97;Jordbrukslandskap (J) - Stor betydelse, Urban miljö (U) - Har betydelse;VU;B2ab(iii)
106037;5915;Prasocuris hannoveriana;kabblekebagge;Art;46;Skog (S) - Stor betydelse, Våtmark (V) - Stor betydelse;NT;B2ab(iii)
244175;5943;Oulema septentrionis;mannagräsbagge;Art;45;Våtmark (V) - Stor betydelse, Jordbrukslandskap (J) - Har betydelse;VU;B2ab(iii)
101154;5956;Labidostomis humeralis;fläcksäckbagge;Art;106;Jordbrukslandskap (J) - Stor betydelse, Skog (S) - Stor betydelse, Urban miljö (U) - Har betydelse;NT;B2ab(iii)
101156;5960;Labidostomis tridentata;tandsäckbagge;Art;68;Jordbrukslandskap (J) - Stor betydelse, Skog (S) - Stor betydelse, Urban miljö (U) - Har betydelse;VU;B2ab(iii)
100734;5968;Cryptocephalus aureolus;grön fallbagge;Art;47;Jordbrukslandskap (J) - Stor betydelse, Urban miljö (U) - Har betydelse;NT;B2ab(iii)
100736;5971;Cryptocephalus bilineatus;röllikefallbagge;Art;129;Jordbrukslandskap (J) - Stor betydelse, Havsstrand (H) - Har betydelse;NT;B2ab(iii)
100737;5973;Cryptocephalus caerulescens;blå fallbagge;Art;17;Jordbrukslandskap (J) - Stor betydelse, Skog (S) - Stor betydelse;NT;B2ab(iii)
100738;5975;Cryptocephalus cordiger;hjärtfallbagge;Art;112;Jordbrukslandskap (J) - Stor betydelse, Skog (S) - Stor betydelse;VU;B2ab(iii)
100739;5976;Cryptocephalus coryli;röd fallbagge;Art;130;Skog (S) - Stor betydelse, Jordbrukslandskap (J) - Har betydelse;VU;B2ab(iii)
100741;5979;Cryptocephalus distinguendus;skulderfläckig fallbagge;Art;213;Våtmark (V) - Stor betydelse, Jordbrukslandskap (J) - Har betydelse, Skog (S) - Har betydelse;NT;B2ab(iii)
100742;5981;Cryptocephalus elongatus;alvarfallbagge;Art;47;Jordbrukslandskap (J) - Stor betydelse;VU;B1ab(iii)+2ab(iii)
100743;5982;Cryptocephalus exiguus;madfallbagge;Art;14;Jordbrukslandskap (J) - Stor betydelse, Våtmark (V) - Stor betydelse, Skog (S) - Har betydelse;EN;B2ab(iii)
106005;5987;Cryptocephalus hypochaeridis;smaragdfallbagge;Art;440;Jordbrukslandskap (J) - Stor betydelse, Urban miljö (U) - Har betydelse;NT;B2ab(iii)
106013;5997;Cryptocephalus pallifrons;bläsfallbagge;Art;39;Jordbrukslandskap (J) - Stor betydelse, Våtmark (V) - Stor betydelse, Skog (S) - Har betydelse;VU;B2ab(iii)
212587;6020;Donacia antiqua;bronsrörbock;Art;25;Sötvatten (L) - Stor betydelse;NT;B2b(iii)
100853;6041;Donacia tomentosa;blomvassbock;Art;39;Sötvatten (L) - Stor betydelse;VU;B2ab(iii)
105990;6056;Plateumaris rustica;matt starrbock;Art;377;Våtmark (V) - Stor betydelse, Sötvatten (L) - Har betydelse;NT;B2b(iii)
212751;6076;Galeruca interrupta;;Art;67;Jordbrukslandskap (J) - Stor betydelse, Urban miljö (U) - Har betydelse;VU;B2ab(iii)
106076;6077;Galeruca jucunda;;Art;102;Jordbrukslandskap (J) - Stor betydelse;NT;B2ab(iii)
100986;6078;Galeruca laticollis;;Art;92;Våtmark (V) - Stor betydelse, Jordbrukslandskap (J) - Har betydelse;NT;B2ab(iii)
100987;6079;Galeruca melanocephala;;Art;10;Våtmark (V) - Stor betydelse, Skog (S) - Har betydelse;VU;B2ab(iii)
106018;6126;Oomorphus concolor;murgrönebagge;Art;54;Skog (S) - Stor betydelse;NT;B2a
102319;6151;Opilo domesticus;husbockslejon;Art;37;Urban miljö (U) - Stor betydelse, Jordbrukslandskap (J) - Har betydelse, Skog (S) - Har betydelse;EN;B2ab(iii)
100814;6161;Dermestoides sanguinicollis;;Art;1;Jordbrukslandskap (J) - Stor betydelse, Skog (S) - Stor betydelse;RE;
101153;6167;Korynetes ruficornis;;Art;18;Jordbrukslandskap (J) - Stor betydelse, Skog (S) - Stor betydelse;EN;B2ab(iii)
101376;6169;Necrobia ruficollis;rödhalsad köttbagge;Art;23;Jordbrukslandskap (J) - Stor betydelse, Urban miljö (U) - Stor betydelse, Skog (S) - Har betydelse;VU;B2ab(iii)
100797;6186;Danacea pallipes;;Art;1;Skog (S) - Stor betydelse, Jordbrukslandskap (J) - Har betydelse;RE;
100802;6196;Dasytes nigrocyaneus;;Art;36;Skog (S) - Stor betydelse, Jordbrukslandskap (J) - Har betydelse, Urban miljö (U) - Har betydelse;VU;B2ab(iii)
102520;6213;Trichoceble floralis;;Art;161;Skog (S) - Stor betydelse, Jordbrukslandskap (J) - Har betydelse, Urban miljö (U) - Har betydelse;NT;B2ab(iii)
100322;6222;Apalochrus femoralis;;Art;53;Havsstrand (H) - Stor betydelse;VU;B2ab(iii)
105359;6227;Nepachys cardiacae;;Art;135;Skog (S) - Stor betydelse;NT;B2ab(iii)
102233;6230;Ebaeus lapplandicus;;Art;23;Skog (S) - Stor betydelse, Jordbrukslandskap (J) - Har betydelse;VU;B2ab(iii)
101111;6234;Hypebaeus flavipes;;Art;177;Skog (S) - Stor betydelse, Jordbrukslandskap (J) - Har betydelse, Urban miljö (U) - Har betydelse;VU;B2ab(iii)
105360;6243;Axinotarsus ruficollis;;Art;18;Jordbrukslandskap (J) - Stor betydelse, Urban miljö (U) - Stor betydelse;NT;B2ab(iii)
105363;6256;Malachius aeneus;;Art;347;Jordbrukslandskap (J) - Stor betydelse, Urban miljö (U) - Har betydelse;EN;B2ab(iii)
101553;6264;Phloiophilus edwardsii;;Art;10;Skog (S) - Stor betydelse, Jordbrukslandskap (J) - Har betydelse;NT;B2ab(iii)
101520;6275;Peltis grossa;större flatbagge;Art;780;Skog (S) - Stor betydelse;NT;B2ab(iii)
101905;6279;Thymalus oblongus;nordlig flatbagge;Art;36;Skog (S) - Stor betydelse;VU;B2ab(iii)
100524;6284;Calitys scabra;skrovlig flatbagge;Art;670;Skog (S) - Stor betydelse;NT;B2ab(iii,iv)
102349;6289;Temnoscheila caerulea;;Art;31;Skog (S) - Stor betydelse;CR;B1ab(iii)c(iv)+2ab(iii)c(iv)
105339;6292;Tenebroides mauritanicus;spannmålsgnagare;Art;51;Urban miljö (U) - Har betydelse;VU;B2ab(iii)
100481;6300;Biphyllus lunatus;bandad brandsvampbagge;Art;33;Jordbrukslandskap (J) - Stor betydelse, Skog (S) - Stor betydelse;EN;B2ab(iii,iv)c(iv)
100838;6302;Diplocoelus fagi;enfärgad brandsvampbagge;Art;357;Skog (S) - Stor betydelse, Jordbrukslandskap (J) - Har betydelse;NT;B2ab(iii)
100501;6310;Bothrideres bipunctatus;tallbarkbagge;Art;70;Skog (S) - Stor betydelse, Jordbrukslandskap (J) - Har betydelse;EN;B2ab(iii)
101488;6313;Oxylaemus variolosus;;Art;2;Jordbrukslandskap (J) - Stor betydelse, Skog (S) - Stor betydelse;EN;B2ab(iii)
101888;6315;Teredus cylindricus;;Art;4;Jordbrukslandskap (J) - Stor betydelse, Skog (S) - Stor betydelse, Urban miljö (U) - Har betydelse;CR (PRE);B1ab(iii)+2ab(iii)
100577;6328;Cerylon impressum;tallgångbagge;Art;234;Skog (S) - Stor betydelse;VU;B2ab(iii,iv)
105636;6450;Nephus limonii;saltängsdvärgpiga;Art;32;Havsstrand (H) - Stor betydelse, Skog (S) - Har betydelse;NT;B2ab(iii)
101758;6468;Scymnus silesiacus;reliktdvärgpiga;Art;49;Jordbrukslandskap (J) - Stor betydelse, Skog (S) - Har betydelse;NT;B2ab(iii)
100403;6484;Arthrolips obscura;;Art;1;Skog (S) - Stor betydelse, Jordbrukslandskap (J) - Har betydelse;RE;
101725;6486;Clypastraea pusilla;platt punktbagge;Art;24;Skog (S) - Stor betydelse;VU;B2ab(iii)
105556;6519;Atomaria fulvipennis;;Art;18;Jordbrukslandskap (J) - Stor betydelse, Skog (S) - Har betydelse, Våtmark (V) - Har betydelse;NT;B2ab(iii)
100425;6531;Atomaria munda;;Art;40;Jordbrukslandskap (J) - Stor betydelse, Urban miljö (U) - Stor betydelse;EN;B2ab(iii)
100426;6532;Atomaria nigripennis;;Art;50;Jordbrukslandskap (J) - Stor betydelse, Urban miljö (U) - Stor betydelse, Skog (S) - Har betydelse;EN;B2ab(iii)
105545;6537;Atomaria pseudatra;;Art;50;Våtmark (V) - Stor betydelse;NT;B2ab(iii)
100420;6549;Atomaria abietina;;Art;72;Skog (S) - Stor betydelse;VU;B2ab(iii)
100421;6551;Atomaria alpina;;Art;203;Skog (S) - Stor betydelse;NT;B2ab(iii,iv)
100429;6553;Atomaria badia;;Art;204;Skog (S) - Stor betydelse;NT;B2ab(iii,iv)
100422;6556;Atomaria diluta;;Art;108;Skog (S) - Stor betydelse, Jordbrukslandskap (J) - Har betydelse;NT;B2ab(iii)
100423;6557;Atomaria elongatula;;Art;58;Skog (S) - Stor betydelse;NT;B2ab(iii)
100424;6563;Atomaria lapponica;;Art;53;Skog (S) - Stor betydelse;VU;B2ab(iii)
105527;6599;Antherophagus silaceus;;Art;42;Havsstrand (H) - Stor betydelse, Jordbrukslandskap (J) - Stor betydelse, Urban miljö (U) - Har betydelse;VU;B2ab(iii)
105502;6608;Cryptophagus cylindrellus;;Art;35;Skog (S) - Stor betydelse;NT;B2ab(iii)
100752;6615;Cryptophagus fallax;;Art;133;Skog (S) - Stor betydelse, Jordbrukslandskap (J) - Har betydelse, Urban miljö (U) - Har betydelse;VU;B2ab(iii)
100753;6616;Cryptophagus fuscicornis;;Art;109;Skog (S) - Stor betydelse, Jordbrukslandskap (J) - Har betydelse, Urban miljö (U) - Har betydelse;NT;B2ab(iii)
105511;6619;Cryptophagus intermedius;;Art;54;Skog (S) - Stor betydelse, Jordbrukslandskap (J) - Har betydelse, Urban miljö (U) - Har betydelse;NT;B2ab(iii)
100755;6625;Cryptophagus lysholmi;stubbfuktbagge;Art;103;Skog (S) - Stor betydelse;VU;B2ab(iii,iv)
100758;6635;Cryptophagus quadrihamatus;nordlig fuktbagge;Art;33;Skog (S) - Stor betydelse;VU;B2ab(iii)
100763;6675;Cucujus cinnaberinus;cinnoberbagge;Art;1157;Skog (S) - Stor betydelse;VU;B2ab(iii)
101517;6678;Pediacus depressus;;Art;217;Skog (S) - Stor betydelse, Jordbrukslandskap (J) - Har betydelse;NT;B2ab(iii)
105480;6680;Pediacus fuscus;;Art;418;Skog (S) - Stor betydelse;NT;B2ab(iii)
101209;6696;Leiestes seminiger;svartvingad svampbagge;Art;331;Skog (S) - Stor betydelse;NT;B2ab(iii,iv)
101250;6699;Lycoperdina bovistae;mörk röksvampsbagge;Art;15;Skog (S) - Stor betydelse;NT;B2ab(iii)
101251;6700;Lycoperdina succincta;brokig röksvampsbagge;Art;129;Jordbrukslandskap (J) - Stor betydelse;NT;B2ab(iii)
100703;6719;Combocerus glaber;;Art;30;Havsstrand (H) - Stor betydelse, Jordbrukslandskap (J) - Stor betydelse, Urban miljö (U) - Har betydelse;VU;B2ab(iii)
100885;6739;Zavaljus brunneus;umbrabagge;Art;43;Skog (S) - Stor betydelse;EN;B2ab(iii,iv)
100749;6762;Cryptolestes duplicatus;;Art;92;Skog (S) - Stor betydelse;VU;B2ab(iii)
101163;6771;Laemophloeus monilis;lindplattbagge;Art;273;Skog (S) - Stor betydelse, Jordbrukslandskap (J) - Har betydelse;VU;B2ab(iii)
101164;6772;Laemophloeus muticus;svart plattbagge;Art;290;Skog (S) - Stor betydelse;VU;B2ab(iii)c(iii,iv)
101412;6777;Notolaemus castaneus;;Art;18;Skog (S) - Stor betydelse, Jordbrukslandskap (J) - Har betydelse, Urban miljö (U) - Har betydelse;VU;B2ab(iii,iv)
101413;6778;Notolaemus unifasciatus;;Art;66;Skog (S) - Stor betydelse;VU;B2ab(iii,iv)
100710;6786;Corticaria alleni;;Art;16;Skog (S) - Stor betydelse;VU;B2ab(iii)
100712;6787;Corticaria andreasi;brandmögelbagge;Art;9;Skog (S) - Stor betydelse;RE;
105733;6790;Corticaria crenicollis;;Art;86;Skog (S) - Stor betydelse;NT;B2ab(iii)
105717;6792;Corticaria dentiventris;;Art;13;Skog (S) - Stor betydelse, Fjäll (F) - Har betydelse;NT;B2ab(iii)
102216;6796;Corticaria fennica;finsk mögelbagge;Art;11;Skog (S) - Stor betydelse;VU;B2ab(iii)
105728;6802;Corticaria interstitialis;;Art;300;Skog (S) - Stor betydelse;NT;B2ab(iii,iv)
105737;6808;Corticaria obsoleta;;Art;76;Skog (S) - Stor betydelse;NT;B2ab(iii)
105731;6811;Corticaria polypori;;Art;293;Skog (S) - Stor betydelse;NT;B2ab(iii,iv)
100896;6864;Enicmus apicalis;slemsvampmögelbagge;Art;153;Skog (S) - Stor betydelse;VU;B2ab(iii,iv)
105695;6865;Enicmus atriceps;;Art;4;Skog (S) - Stor betydelse;VU;B2ab(iii)
100897;6866;Enicmus brevicornis;lindmögelbagge;Art;73;Skog (S) - Stor betydelse, Jordbrukslandskap (J) - Har betydelse;VU;B2ab(iii)
102237;6870;Enicmus lundbladi;aspmögelbagge;Art;57;Skog (S) - Stor betydelse, Jordbrukslandskap (J) - Har betydelse;VU;B2ab(iii,iv)
100898;6871;Enicmus planipennis;granbarkmögelbagge;Art;319;Skog (S) - Stor betydelse;NT;B2ab(iii,iv)
100772;6920;Rhizophagus aeneus;grön barkglansbagge;Art;65;Skog (S) - Stor betydelse, Våtmark (V) - Stor betydelse;NT;B2ab(iii)
101708;6922;Rhizophagus brancsiki;bokbarkglansbagge;Art;161;Skog (S) - Stor betydelse;VU;B2ab(iii)
105456;6928;Rhizophagus grandis;;Art;77;Skog (S) - Stor betydelse;NT;B2ab(iii)
101710;6932;Rhizophagus picipes;svart barkglansbagge;Art;172;Skog (S) - Stor betydelse, Våtmark (V) - Stor betydelse, Urban miljö (U) - Har betydelse;NT;B2ab(iii)
100915;6983;Epuraea fuscicollis;;Art;16;Skog (S) - Stor betydelse, Jordbrukslandskap (J) - Har betydelse;VU;B2ab(iii)
105391;6984;Epuraea fussi;;Art;54;Skog (S) - Stor betydelse;NT;B2ab(iii)
100916;6990;Epuraea longiclavis;;Art;57;Skog (S) - Stor betydelse, Våtmark (V) - Stor betydelse;NT;B2ab(iii)
100918;7008;Epuraea silesiaca;;Art;1;Skog (S) - Stor betydelse, Urban miljö (U) - Har betydelse;EN;B2ab(iii)
101289;7030;Meligethes czwalinai;;Art;16;Skog (S) - Stor betydelse;VU;B1ab(iii)+2ab(iii)
101293;7039;Meligethes hoffmanni;;Art;21;Jordbrukslandskap (J) - Stor betydelse, Våtmark (V) - Stor betydelse;NT;B2ab(iii)
102302;7043;Meligethes lugubris;;Art;20;Jordbrukslandskap (J) - Stor betydelse;VU;B2ab(iii)
101295;7047;Meligethes nanus;;Art;15;Jordbrukslandskap (J) - Stor betydelse, Urban miljö (U) - Stor betydelse;EN;B2ab(iii,iv)
101296;7056;Meligethes serripes;;Art;23;Jordbrukslandskap (J) - Stor betydelse, Urban miljö (U) - Stor betydelse;EN;B2ab(iii)
101297;7057;Meligethes solidus;;Art;71;Jordbrukslandskap (J) - Stor betydelse;NT;B2ab(iii)
233260;7060;Meligethes substrigosus;;Art;50;Jordbrukslandskap (J) - Stor betydelse;NT;B2ab(iii)
100779;7078;Cyllodes ater;;Art;67;Skog (S) - Stor betydelse;VU;B2ab(iii)
101783;7166;Silvanus bidentatus;tvåtandad plattbagge;Art;350;Skog (S) - Stor betydelse, Jordbrukslandskap (J) - Har betydelse, Urban miljö (U) - Har betydelse;NT;B2ab(iii)
101784;7170;Silvanus unidentatus;entandad plattbagge;Art;63;Skog (S) - Stor betydelse, Jordbrukslandskap (J) - Har betydelse;VU;B2ab(iii)
102172;7185;Anthribus fasciatus;eksköldlusbagge;Art;34;Jordbrukslandskap (J) - Stor betydelse, Skog (S) - Stor betydelse, Urban miljö (U) - Har betydelse;VU;B2ab(iii)
102236;7199;Pseudeuparius sepicola;grenplattnos;Art;203;Skog (S) - Stor betydelse, Jordbrukslandskap (J) - Har betydelse;NT;B2ab(iii)
102355;7202;Gonotropis dorsalis;björkplattnos;Art;104;Skog (S) - Stor betydelse, Jordbrukslandskap (J) - Har betydelse;NT;B2ab(iii,iv)
250265;7203;Gonotropis gibbosa;rönnplattnos;Art;29;Skog (S) - Stor betydelse;NT;B2ab(iii,iv)
100629;7218;Choragus horni;mörk nästingbagge;Art;43;Skog (S) - Stor betydelse, Jordbrukslandskap (J) - Har betydelse, Urban miljö (U) - Har betydelse;NT;B2ab(iii)
100630;7219;Choragus sheppardi;ljus nästingbagge;Art;62;Skog (S) - Stor betydelse, Jordbrukslandskap (J) - Har betydelse, Urban miljö (U) - Har betydelse;NT;B2ab(iii)
100344;7265;Ceratapion basicorne;blåklintspetsvivel;Art;3;Jordbrukslandskap (J) - Stor betydelse, Urban miljö (U) - Stor betydelse;RE;
100361;7269;Ceratapion penetrans;väddklintspetsvivel;Art;93;Jordbrukslandskap (J) - Stor betydelse, Urban miljö (U) - Stor betydelse, Havsstrand (H) - Har betydelse;VU;B2ab(iii)
100349;7275;Omphalapion dispar;färgkullaspetsvivel;Art;125;Jordbrukslandskap (J) - Stor betydelse, Urban miljö (U) - Stor betydelse;VU;B2b(iii)c(iv)
100356;7277;Omphalapion laevigatum;åkerkullaspetsvivel;Art;100;Jordbrukslandskap (J) - Stor betydelse, Urban miljö (U) - Har betydelse;EN;B2ab(iii)c(iv)
100368;7279;Taphrotopium sulcifrons;fältmalörtspetsvivel;Art;216;Jordbrukslandskap (J) - Stor betydelse, Urban miljö (U) - Har betydelse;NT;B2b(iii)
106198;7297;Squamapion atomarium;timjanspetsvivel;Art;247;Jordbrukslandskap (J) - Stor betydelse, Urban miljö (U) - Har betydelse;NT;B2b(iii)
100347;7298;Squamapion cineraceum;brunörtspetsvivel;Art;36;Jordbrukslandskap (J) - Stor betydelse;NT;B2b(iii)
100351;7300;Squamapion flavimanum;dostaspetsvivel;Art;17;Jordbrukslandskap (J) - Stor betydelse;VU;B1ab(iii)+2ab(iii)
100358;7301;Squamapion oblivium;stäppspetsvivel;Art;23;Jordbrukslandskap (J) - Stor betydelse, Havsstrand (H) - Har betydelse, Urban miljö (U) - Har betydelse;VU;B1ab(iii)+2ab(iii)
100360;7302;Squamapion origani;kungsmyntaspetsvivel;Art;65;Jordbrukslandskap (J) - Stor betydelse;NT;B1b(iii)+2b(iii)
102183;7304;Squamapion vicinum;myntaspetsvivel;Art;388;Jordbrukslandskap (J) - Stor betydelse, Våtmark (V) - Stor betydelse, Urban miljö (U) - Har betydelse;NT;B2b(iii)
100357;7331;Eutrichapion melancholicum;backvialspetsvivel;Art;74;Jordbrukslandskap (J) - Stor betydelse, Urban miljö (U) - Har betydelse;NT;B2b(iii)
102179;7338;Holotrichapion aethiops;åkervickerspetsvivel;Art;335;Jordbrukslandskap (J) - Stor betydelse, Urban miljö (U) - Stor betydelse;VU;B2ab(iii)
106227;7339;Holotrichapion ononis;puktörnespetsvivel;Art;200;Jordbrukslandskap (J) - Stor betydelse, Urban miljö (U) - Har betydelse;NT;B2b(iii)
100366;7345;Ischnopterapion modestum;madspetsvivel;Art;29;Jordbrukslandskap (J) - Stor betydelse, Våtmark (V) - Har betydelse;NT;B2b(iii)
100355;7380;Protapion interjectum;backklöverspetsvivel;Art;121;Jordbrukslandskap (J) - Stor betydelse, Urban miljö (U) - Har betydelse;NT;B2b(iii)
100443;7404;Bagous argillaceus;marskvivel;Art;0;Havsstrand (H) - Stor betydelse, Jordbrukslandskap (J) - Stor betydelse;RE;
100444;7405;Bagous binodulus;vattenaloevivel;Art;153;Sötvatten (L) - Stor betydelse, Våtmark (V) - Stor betydelse, Jordbrukslandskap (J) - Har betydelse;NT;B2b(iii)
100445;7406;Bagous brevis;ältranunkelvivel;Art;224;Våtmark (V) - Stor betydelse, Jordbrukslandskap (J) - Har betydelse;VU;B2ab(iii)
102707;7407;Bagous claudicans;kustvivel;Art;18;Havsstrand (H) - Stor betydelse, Jordbrukslandskap (J) - Har betydelse, Urban miljö (U) - Har betydelse;NT;B2ab(iii)
100446;7408;Bagous collignensis;kransslingevivel;Art;69;Sötvatten (L) - Stor betydelse, Våtmark (V) - Stor betydelse, Jordbrukslandskap (J) - Har betydelse, Urban miljö (U) - Har betydelse;NT;B2b(iii)
100448;7409;Bagous czwalinai;ranunkelvivel;Art;30;Våtmark (V) - Stor betydelse;NT;B2b(iii)
100447;7410;Bagous diglyptus;mandelblommevivel;Art;183;Jordbrukslandskap (J) - Stor betydelse;NT;B2ab(iii)
100827;7411;Bagous elegans;vassvivel;Art;7;Sötvatten (L) - Stor betydelse;VU;B2ab(iii)
106424;7415;Bagous limosus;gäddnatevivel;Art;85;Jordbrukslandskap (J) - Stor betydelse, Våtmark (V) - Stor betydelse, Sötvatten (L) - Har betydelse, Urban miljö (U) - Har betydelse;NT;B2b(iii)
100449;7416;Bagous longitarsis;axslingevivel;Art;28;Sötvatten (L) - Stor betydelse, Jordbrukslandskap (J) - Har betydelse;NT;B2b(iii)
106426;7417;Bagous lutosus;ålnatevivel;Art;256;Jordbrukslandskap (J) - Stor betydelse, Våtmark (V) - Stor betydelse, Sötvatten (L) - Har betydelse, Urban miljö (U) - Har betydelse;NT;B2b(iii)
102189;7419;Bagous lutulosus;tågvivel;Art;55;Jordbrukslandskap (J) - Stor betydelse, Våtmark (V) - Stor betydelse;NT;B2b(iii)
100450;7420;Bagous nodulosus;blomvassvivel;Art;5;Sötvatten (L) - Stor betydelse, Våtmark (V) - Stor betydelse, Jordbrukslandskap (J) - Har betydelse;VU;B2ab(iii)
102190;7421;Bagous petro;bläddrevivel;Art;48;Sötvatten (L) - Stor betydelse, Våtmark (V) - Stor betydelse, Jordbrukslandskap (J) - Har betydelse;NT;B2b(iii)
100442;7427;Bagous tubulus;strandgräsvivel;Art;12;Jordbrukslandskap (J) - Stor betydelse, Våtmark (V) - Stor betydelse;VU;B2ab(iii)
100454;7447;Melanobaris laticollis;marvioltaggvivel;Art;98;Havsstrand (H) - Stor betydelse, Jordbrukslandskap (J) - Har betydelse, Urban miljö (U) - Har betydelse;NT;B1b(iii)+2b(iii)
100247;7462;Amalorrhynchus melanarius;källfränevivel;Art;8;Våtmark (V) - Stor betydelse, Jordbrukslandskap (J) - Har betydelse;EN;B1ab(iii)c(iv)+2ab(iii)c(iv)
100596;7468;Ceutorhynchus assimilis;kålgallvivel;Art;238;Jordbrukslandskap (J) - Stor betydelse, Urban miljö (U) - Stor betydelse;VU;B2ab(iii)
100582;7472;Ceutorhynchus chalybaeus;blå penningörtsvivel;Art;61;Jordbrukslandskap (J) - Stor betydelse, Skog (S) - Har betydelse, Urban miljö (U) - Har betydelse;VU;B2b(iii)c(iv)
100588;7480;Ceutorhynchus granulicollis;svart penningörtsvivel;Art;23;Jordbrukslandskap (J) - Stor betydelse, Urban miljö (U) - Stor betydelse;CR (PRE);B2ab(iii)c(iv)
100589;7481;Ceutorhynchus griseus;backtravsvivel;Art;167;Jordbrukslandskap (J) - Stor betydelse, Urban miljö (U) - Stor betydelse;NT;B2b(iii)c(iv)
106512;7495;Ceutorhynchus posthumus;sandkrassingsvivel;Art;36;Jordbrukslandskap (J) - Stor betydelse, Urban miljö (U) - Har betydelse;NT;B2b(iii)c(iv)
100579;7503;Ceutorhynchus rhenanus;kårelvivel;Art;37;Jordbrukslandskap (J) - Stor betydelse, Urban miljö (U) - Stor betydelse;VU;B2ab(iii)c(iv)
100599;7505;Ceutorhynchus scapularis;blå fränevivel;Art;26;Jordbrukslandskap (J) - Stor betydelse, Våtmark (V) - Stor betydelse;VU;B2ab(iii)
100600;7506;Ceutorhynchus sophiae;svart stillfrövivel;Art;65;Jordbrukslandskap (J) - Stor betydelse, Urban miljö (U) - Stor betydelse;VU;B2b(iii)c(iv)
100601;7508;Ceutorhynchus syrites;dådrevivel;Art;45;Jordbrukslandskap (J) - Stor betydelse, Urban miljö (U) - Stor betydelse;CR (PRE);B2ab(iii)c(iv)
100580;7509;Ceutorhynchus thomsoni;blå löktravsvivel;Art;116;Jordbrukslandskap (J) - Stor betydelse, Skog (S) - Har betydelse, Urban miljö (U) - Har betydelse;NT;B2b(iii)c(iv)
100581;7526;Datonychus angulosus;dånvivel;Art;81;Jordbrukslandskap (J) - Stor betydelse, Urban miljö (U) - Stor betydelse, Våtmark (V) - Stor betydelse, Skog (S) - Har betydelse;NT;B2b(iii)c(iv)
100593;7537;Glocianus moelleri;flockfibblevivel;Art;118;Jordbrukslandskap (J) - Stor betydelse, Urban miljö (U) - Stor betydelse, Havsstrand (H) - Har betydelse;NT;B2b(iii)
100584;7554;Mogulones crucifer;hundtungevivel;Art;244;Jordbrukslandskap (J) - Stor betydelse, Urban miljö (U) - Stor betydelse;NT;B2b(iii)
100585;7555;Mogulones euphorbiae;förgätmigejvivel;Art;35;Jordbrukslandskap (J) - Stor betydelse, Våtmark (V) - Stor betydelse, Urban miljö (U) - Har betydelse;NT;B2b(iii)
100590;7557;Mogulones javetii;oxtungevivel;Art;172;Jordbrukslandskap (J) - Stor betydelse, Urban miljö (U) - Stor betydelse;NT;B2b(iii)
100594;7559;Mogulones pallidicornis;lungörtsvivel;Art;86;Skog (S) - Stor betydelse, Urban miljö (U) - Stor betydelse, Jordbrukslandskap (J) - Har betydelse;NT;B2b(iii)
106488;7567;Poophagus sisymbrii;vattenfränevivel;Art;127;Jordbrukslandskap (J) - Stor betydelse, Våtmark (V) - Har betydelse;NT;B2b(iii)c(iv)
101826;7573;Stenocarus cardui;rågvallmovivel;Art;49;Jordbrukslandskap (J) - Stor betydelse, Urban miljö (U) - Stor betydelse;VU;B2ab(iii)
101926;7581;Trichosirocalus thalhammeri;gulkämpsvivel;Art;35;Havsstrand (H) - Stor betydelse;NT;B2b(iii)
101570;7603;Pelenomus olssoni;lånkevivel;Art;42;Jordbrukslandskap (J) - Stor betydelse, Urban miljö (U) - Stor betydelse, Våtmark (V) - Stor betydelse;VU;B2b(iii)c(iv)
100717;7631;Coryssomerus capucinus;baldersbråvivel;Art;50;Urban miljö (U) - Stor betydelse, Jordbrukslandskap (J) - Har betydelse;NT;B1b(iii)c(iv)+2b(iii)c(iv)
100720;7637;Cossonus cylindricus;almvedvivel;Art;52;Skog (S) - Stor betydelse, Jordbrukslandskap (J) - Har betydelse, Urban miljö (U) - Har betydelse;EN;B2ab(iii)
100721;7638;Cossonus linearis;poppelvedvivel;Art;15;Skog (S) - Stor betydelse;NT;B1ab(iii)+2ab(iii)
100722;7639;Cossonus parallelepipedus;aspvedvivel;Art;170;Skog (S) - Stor betydelse;VU;B2ab(iii)
100506;7651;Brachytemnus porcatus;tallvedvivel;Art;10;Skog (S) - Stor betydelse, Urban miljö (U) - Stor betydelse;EN;B1ab(iii)+2ab(iii)
101852;7657;Stereocorynes truncorum;lönnvedvivel;Art;249;Skog (S) - Stor betydelse;NT;B2ab(iii)
101549;7668;Phloeophagus lignarius;bokvedvivel;Art;264;Skog (S) - Stor betydelse, Jordbrukslandskap (J) - Har betydelse;NT;B2ab(iii)
101550;7669;Phloeophagus thomsoni;ekvedvivel;Art;259;Skog (S) - Stor betydelse, Jordbrukslandskap (J) - Har betydelse, Urban miljö (U) - Har betydelse;NT;B2ab(iii)
106431;7673;Rhyncolus elongatus;furuvedvivel;Art;213;Skog (S) - Stor betydelse;NT;B2ab(iii)
101716;7675;Rhyncolus punctatulus;askvedvivel;Art;27;Skog (S) - Stor betydelse, Jordbrukslandskap (J) - Har betydelse;EN;B1ab(iii)+2ab(iii)
100152;7683;Acalles camelus;kamelgrenvivel;Art;86;Skog (S) - Stor betydelse, Jordbrukslandskap (J) - Har betydelse;VU;B2ab(iii)
213487;7686;Acalles misellus;kustgrenvivel;Art;105;Skog (S) - Stor betydelse;NT;B2ab(iii)
236315;7692;Kyklioacalles navieresi;hasselgrenvivel;Art;99;Skog (S) - Stor betydelse;NT;B2a
106461;7693;Kyklioacalles roboris;ekgrenvivel;Art;67;Skog (S) - Stor betydelse;VU;B2ab(iii)
106374;7711;Anthonomus bituberculatus;körsbärsblomvivel;Art;25;Skog (S) - Stor betydelse;NT;B2ab(iii)
100316;7722;Anthonomus rufus;slånblomvivel;Art;37;Skog (S) - Stor betydelse, Jordbrukslandskap (J) - Har betydelse;NT;B2ab(iii)
100318;7725;Anthonomus ulmi;almblomvivel;Art;61;Skog (S) - Stor betydelse, Jordbrukslandskap (J) - Har betydelse;VU;B2ab(iii)
101270;7804;Mecinus heydenii;gulsporresmalvivel;Art;97;Jordbrukslandskap (J) - Stor betydelse, Urban miljö (U) - Har betydelse;NT;B2a
106416;7805;Mecinus janthinus;blå smalvivel;Art;44;Urban miljö (U) - Stor betydelse;NT;B2a
101013;7811;Rhinusa collina;backraggvivel;Art;62;Jordbrukslandskap (J) - Stor betydelse, Urban miljö (U) - Stor betydelse;NT;B2ab(iii)
101015;7813;Rhinusa linariae;slät raggvivel;Art;74;Jordbrukslandskap (J) - Stor betydelse, Urban miljö (U) - Stor betydelse;NT;B2ab(iii)
101014;7816;Rhinusa pilosa;kustraggvivel;Art;68;Havsstrand (H) - Stor betydelse, Jordbrukslandskap (J) - Har betydelse, Urban miljö (U) - Har betydelse;NT;B2ab(iii)
102305;7823;Cleopomiarus micros;monkevivel;Art;224;Jordbrukslandskap (J) - Stor betydelse, Urban miljö (U) - Har betydelse;NT;B2ab(iii)
101714;7841;Orchestes betuleti;almhoppvivel;Art;48;Skog (S) - Stor betydelse, Jordbrukslandskap (J) - Har betydelse, Urban miljö (U) - Har betydelse;NT;B2b(iii)
101794;7874;Smicronyx jungermanniae;ljungsnärjevivel;Art;87;Jordbrukslandskap (J) - Stor betydelse, Urban miljö (U) - Stor betydelse, Havsstrand (H) - Har betydelse;NT;B2b(iii)c(iv)
101795;7875;Smicronyx reichii;arunvivel;Art;25;Havsstrand (H) - Stor betydelse, Jordbrukslandskap (J) - Stor betydelse, Urban miljö (U) - Har betydelse, Våtmark (V) - Har betydelse;VU;B2b(iii)c(iv)
101796;7876;Smicronyx smreczynskii;nässelsnärjevivel;Art;50;Jordbrukslandskap (J) - Stor betydelse, Urban miljö (U) - Stor betydelse;NT;B2b(iii)c(iv)
101775;7893;Sibinia phalerata;sandnarvsvivel;Art;60;Jordbrukslandskap (J) - Stor betydelse, Urban miljö (U) - Har betydelse;NT;B2b(iii)c(iv)
106366;7894;Sibinia pyrrhodactyla;spärgelvivel;Art;196;Jordbrukslandskap (J) - Stor betydelse, Urban miljö (U) - Har betydelse;NT;B2b(iii)c(iv)
101941;7905;Tychius lineatulus;skogsklöverbaljvivel;Art;45;Jordbrukslandskap (J) - Stor betydelse, Urban miljö (U) - Har betydelse;NT;B2b(iii)
101009;7922;Gronops lunatus;narvgropvivel;Art;125;Havsstrand (H) - Stor betydelse, Jordbrukslandskap (J) - Stor betydelse, Urban miljö (U) - Stor betydelse;NT;B2b(iii)
101860;7941;Strophosoma faber;stäppögonvivel;Art;246;Jordbrukslandskap (J) - Stor betydelse, Urban miljö (U) - Har betydelse;NT;B2ab(iii,iv)
102345;7942;Strophosoma fulvicorne;hedögonvivel;Art;67;Jordbrukslandskap (J) - Stor betydelse, Havsstrand (H) - Har betydelse, Urban miljö (U) - Har betydelse;NT;B2ab(iii)
106255;8011;Otiorhynchus rugifrons;hedöronvivel;Art;72;Fjäll (F) - Stor betydelse, Jordbrukslandskap (J) - Stor betydelse, Havsstrand (H) - Har betydelse;NT;B2ab(iii)
102336;8102;Sciaphobus ningnidus;blåhallonvivel;Art;3;Jordbrukslandskap (J) - Stor betydelse, Urban miljö (U) - Har betydelse;VU;B1ab(iii)+2ab(iii)
102353;8151;Romualdius angustisetulus;;Art;18;Jordbrukslandskap (J) - Stor betydelse, Urban miljö (U) - Har betydelse;NT;B2b(iii)
101914;8154;Trachyphloeus alternans;alvarskorpvivel;Art;69;Jordbrukslandskap (J) - Stor betydelse, Urban miljö (U) - Har betydelse;NT;B2ab(iii)
101915;8155;Trachyphloeus digitalis;fingerskorpvivel;Art;81;Jordbrukslandskap (J) - Stor betydelse, Urban miljö (U) - Har betydelse;NT;B2ab(iii)
101916;8156;Trachyphloeus heymesi;sandskorpvivel;Art;134;Jordbrukslandskap (J) - Stor betydelse, Urban miljö (U) - Har betydelse;NT;B2ab(iii)
101917;8159;Trachyphloeus spinimanus;kalkskorpvivel;Art;134;Jordbrukslandskap (J) - Stor betydelse, Urban miljö (U) - Har betydelse;NT;B2ab(iii)
101113;8171;Brachypera dauci;skatnävekokongvivel;Art;108;Urban miljö (U) - Stor betydelse, Jordbrukslandskap (J) - Har betydelse;NT;B2ab(iii,iv)
101117;8172;Brachypera vidua;blodnävekokongvivel;Art;4;Jordbrukslandskap (J) - Stor betydelse, Urban miljö (U) - Har betydelse;VU;B1ab(iii)+2ab(iii)
101112;8176;Hypera arundinis;dammkokongvivel;Art;254;Våtmark (V) - Stor betydelse, Jordbrukslandskap (J) - Har betydelse;VU;B2ab(iii,iv)
101115;8182;Hypera melancholica;hedkokongvivel;Art;11;Jordbrukslandskap (J) - Stor betydelse, Urban miljö (U) - Har betydelse;EN;B2ab(iii)
100705;8202;Coniocleonus nebulosus;hedspolvivel;Art;16;Jordbrukslandskap (J) - Stor betydelse, Havsstrand (H) - Har betydelse, Urban miljö (U) - Har betydelse;CR;B2ab(iii,iv)
100704;8203;Coniocleonus turbatus;sandspolvivel;Art;163;Jordbrukslandskap (J) - Stor betydelse, Urban miljö (U) - Har betydelse;VU;B2ab(iii)
100787;8207;Cyphocleonus trisulcatus;prästkragespolvivel;Art;6;Jordbrukslandskap (J) - Stor betydelse;CR (PRE);B2ab(iii)
101646;8212;Pseudocleonus grammicus;stäppspolvivel;Art;20;Jordbrukslandskap (J) - Stor betydelse, Urban miljö (U) - Stor betydelse;EN;B1ab(iii)+2ab(iii)
101224;8226;Lixus bardanae;skräppevivel;Art;84;Havsstrand (H) - Stor betydelse, Jordbrukslandskap (J) - Stor betydelse, Våtmark (V) - Stor betydelse, Urban miljö (U) - Har betydelse;NT;B2b(iii)
102290;8229;Lixus paraplecticus;sprängörtsvivel;Art;148;Jordbrukslandskap (J) - Stor betydelse, Våtmark (V) - Stor betydelse;NT;B2b(iii)
101201;8244;Lepyrus capucinus;blyvivel;Art;331;Jordbrukslandskap (J) - Stor betydelse, Urban miljö (U) - Har betydelse;NT;B2ab(iii)
106456;8265;Pissodes harcyniae;granvivel;Art;145;Skog (S) - Stor betydelse;NT;B2ab(iii)
100920;8305;Ernoporicus caucasicus;större lindborre;Art;44;Skog (S) - Stor betydelse, Jordbrukslandskap (J) - Har betydelse;NT;B2ab(iii)
101937;8314;Trypophloeus binodulus;mindre aspborre;Art;158;Skog (S) - Stor betydelse, Jordbrukslandskap (J) - Har betydelse;NT;B2ab(iii)
101938;8317;Trypophloeus discedens;större aspborre;Art;87;Skog (S) - Stor betydelse, Jordbrukslandskap (J) - Har betydelse;NT;B2ab(iii)
101105;8366;Hylastinus obscurus;klöverborre;Art;37;Jordbrukslandskap (J) - Stor betydelse, Urban miljö (U) - Har betydelse;NT;B2b(iii)
106540;8369;Hylesinus crenatus;svart askbastborre;Art;546;Skog (S) - Stor betydelse, Jordbrukslandskap (J) - Har betydelse;NT;A3c
106541;8370;Hylesinus taranio;borstig askbastborre;Art;54;Skog (S) - Stor betydelse, Jordbrukslandskap (J) - Har betydelse;NT;"A3c; B2b(iii)"
106543;8372;Hylesinus wachtli;slät askbastborre;Art;70;Skog (S) - Stor betydelse, Jordbrukslandskap (J) - Har betydelse;NT;"A3c; B2b(iii)"
101139;8387;Ips sexdentatus;tolvtandad barkborre;Art;75;Skog (S) - Stor betydelse;EN;B2ab(iii,iv)
101474;8393;Orthotomicus longicollis;avlång barkborre;Art;117;Skog (S) - Stor betydelse;VU;B2ab(iii)
102325;8401;Pityogenes irkutensis;sibirisk barkborre;Art;27;Skog (S) - Stor betydelse;VU;B2ab(iii)
102326;8404;Pityogenes saalasi;saalas barkborre;Art;31;Skog (S) - Stor betydelse;VU;B2ab(iii)
100547;8425;Carphoborus cholodkovskyi;cholodkovskys bastborre;Art;88;Skog (S) - Stor betydelse;NT;B2ab(iii)
100548;8427;Carphoborus rossicus;fårad bastborre;Art;25;Skog (S) - Stor betydelse;VU;B2ab(iii)
102206;8428;Carphoborus teplouchovi;teplouchovs bastborre;Art;11;Skog (S) - Stor betydelse;VU;B2ab(iii)
101744;8436;Scolytus carpini;hasselsplintborre;Art;58;Jordbrukslandskap (J) - Stor betydelse, Skog (S) - Stor betydelse;NT;B2ab(iii)
106555;8439;Scolytus laevis;mindre almsplintborre;Art;231;Skog (S) - Stor betydelse, Jordbrukslandskap (J) - Har betydelse, Urban miljö (U) - Har betydelse;NT;A3c
101745;8440;Scolytus mali;större apelsplintborre;Art;89;Jordbrukslandskap (J) - Stor betydelse, Skog (S) - Stor betydelse, Urban miljö (U) - Har betydelse;NT;B2b(iii)
106552;8442;Scolytus multistriatus;tandad almsplintborre;Art;115;Jordbrukslandskap (J) - Stor betydelse, Skog (S) - Stor betydelse;NT;"A3c; B2b(iii)"
106553;8447;Scolytus triarmatus;skallig almsplintborre;Art;161;Skog (S) - Stor betydelse, Jordbrukslandskap (J) - Har betydelse, Urban miljö (U) - Har betydelse;NT;A3c
102230;8513;Dryophthorus corticalis;rötvedsvivel;Art;181;Skog (S) - Stor betydelse, Jordbrukslandskap (J) - Har betydelse, Urban miljö (U) - Har betydelse;VU;B2ab(iii)
101012;8528;Grypus brunnirostris;mindre fräkenvivel;Art;24;Våtmark (V) - Stor betydelse, Jordbrukslandskap (J) - Har betydelse, Urban miljö (U) - Har betydelse;VU;B2ab(iii)
106339;8544;Tournotaris bimaculata;kuststarrvivel;Art;70;Havsstrand (H) - Stor betydelse;NT;B2ab(iii)
101371;8561;Nanophyes globulus;dammkulspetsvivel;Art;58;Jordbrukslandskap (J) - Stor betydelse, Urban miljö (U) - Stor betydelse, Våtmark (V) - Stor betydelse;VU;B2b(iii)c(iv)
100278;8629;Ancistronycha tigurina;;Art;217;Skog (S) - Stor betydelse, Jordbrukslandskap (J) - Har betydelse;NT;B2ab(iii)
105133;8689;Malthodes dispar;;Art;11;Skog (S) - Stor betydelse, Jordbrukslandskap (J) - Har betydelse;VU;B2ab(iii)
105130;8704;Malthinus balteatus;;Art;7;Skog (S) - Stor betydelse, Jordbrukslandskap (J) - Har betydelse;VU;B2ab(iii)
101265;8706;Malthinus facialis;;Art;114;Skog (S) - Stor betydelse, Jordbrukslandskap (J) - Har betydelse;NT;B2ab(iii)
101266;8709;Malthinus seriepunctatus;;Art;65;Skog (S) - Stor betydelse, Jordbrukslandskap (J) - Har betydelse;NT;B2ab(iii)
100798;8728;Danosoma conspersum;smal trollknäppare;Art;332;Skog (S) - Stor betydelse;NT;B2ab(iii,iv)
100799;8729;Danosoma fasciatum;bred trollknäppare;Art;402;Skog (S) - Stor betydelse;NT;B2ab(iii,iv)
101161;8731;Lacon lepidopterus;skimmelfjällknäppare;Art;0;Jordbrukslandskap (J) - Stor betydelse, Skog (S) - Stor betydelse;RE;
101162;8733;Lacon querceus;ekfjällknäppare;Art;0;Jordbrukslandskap (J) - Stor betydelse, Skog (S) - Stor betydelse;CR (PRE);B1ab(iii)
100543;8744;Cardiophorus gramineus;ekhjärtknäppare;Art;0;Jordbrukslandskap (J) - Stor betydelse, Skog (S) - Stor betydelse, Urban miljö (U) - Har betydelse;CR;B1ab(iii)
100829;8752;Dicronychus equisetioides;sidenhjärtknäppare;Art;77;Havsstrand (H) - Stor betydelse, Jordbrukslandskap (J) - Stor betydelse, Urban miljö (U) - Har betydelse;NT;B1ab(iii)+2ab(iii)
100523;8765;Calambus bipustulatus;epålettknäppare;Art;410;Jordbrukslandskap (J) - Stor betydelse, Skog (S) - Stor betydelse, Urban miljö (U) - Har betydelse;NT;B2ab(iii)
100419;8804;Crepidophorus mutilatus;hålträdsknäppare;Art;139;Jordbrukslandskap (J) - Stor betydelse, Skog (S) - Stor betydelse, Urban miljö (U) - Har betydelse;VU;B2ab(iii)
100808;8806;Denticollis borealis;svart ögonknäppare;Art;309;Skog (S) - Stor betydelse, Våtmark (V) - Har betydelse;NT;B2ab(iii)
100809;8808;Denticollis rubens;röd ögonknäppare;Art;93;Skog (S) - Stor betydelse, Jordbrukslandskap (J) - Har betydelse, Urban miljö (U) - Har betydelse;EN;B2ab(iii)
101820;8824;Stenagostus rhombeus;rombknäppare;Art;154;Skog (S) - Stor betydelse, Jordbrukslandskap (J) - Har betydelse;NT;B2ab(iii)
102341;8825;Stenagostus rufus;jätteknäppare;Art;132;Skog (S) - Stor betydelse;NT;B2ab(iii)
100260;8855;Ampedus cardinalis;kardinalrödrock;Art;609;Jordbrukslandskap (J) - Stor betydelse, Skog (S) - Stor betydelse, Urban miljö (U) - Har betydelse;NT;B2ab(iii)
100262;8857;Ampedus elegantulus;elegant rödrock;Art;0;Jordbrukslandskap (J) - Stor betydelse, Skog (S) - Stor betydelse, Urban miljö (U) - Har betydelse;RE;
100263;8859;Ampedus erythrogonus;gulnackad svartrock;Art;5;Skog (S) - Stor betydelse, Jordbrukslandskap (J) - Har betydelse;EN;B2ab(iii)
100270;8861;Ampedus suecicus;nordrödrock;Art;125;Skog (S) - Stor betydelse;VU;B2ab(iii)
105184;8862;Ampedus lepidus;tajgarödrock;Art;3;Skog (S) - Stor betydelse;VU;B2ab(iii)
100265;8863;Ampedus nigerrimus;eksvartrock;Art;0;Jordbrukslandskap (J) - Stor betydelse, Skog (S) - Stor betydelse;EN;B2ab(iii)
100267;8868;Ampedus praeustus;svartspetsad rödrock;Art;284;Skog (S) - Stor betydelse, Jordbrukslandskap (J) - Har betydelse, Urban miljö (U) - Har betydelse;NT;B2ab(iii)
100268;8870;Ampedus rufipennis;bokrödrock;Art;141;Skog (S) - Stor betydelse, Jordbrukslandskap (J) - Har betydelse, Urban miljö (U) - Har betydelse;VU;B2ab(iii)
100269;8872;Ampedus sanguinolentus;sadelrödrock;Art;447;Skog (S) - Stor betydelse, Våtmark (V) - Stor betydelse, Jordbrukslandskap (J) - Har betydelse;NT;B2ab(iii)
102165;8873;Ampedus triangulum;triangelrödrock;Art;16;Skog (S) - Stor betydelse, Jordbrukslandskap (J) - Har betydelse;EN;B1ab(iii)
101140;8877;Ischnodes sanguinicollis;almknäppare;Art;0;Skog (S) - Stor betydelse, Jordbrukslandskap (J) - Har betydelse, Urban miljö (U) - Har betydelse;EN;B2ab(iii)
101700;8879;Reitterelater dubius;eksavsknäppare;Art;0;Jordbrukslandskap (J) - Stor betydelse, Skog (S) - Stor betydelse;CR;B1ab(iii)
100890;8882;Elater ferrugineus;mulmknäppare;Art;550;Jordbrukslandskap (J) - Stor betydelse, Skog (S) - Stor betydelse, Urban miljö (U) - Har betydelse;VU;B2ab(iii)
100862;8907;Drapetes mordelloides;trubbknäppare;Art;60;Skog (S) - Stor betydelse;NT;B2ab(iii)
105150;8920;Fleutiauxellus algidus;fjällbäcksknäppare;Art;50;Fjäll (F) - Stor betydelse, Våtmark (V) - Stor betydelse, Skog (S) - Har betydelse;NT;B2ab(iii)
105149;8921;Fleutiauxellus maritimus;jokkstrandknäppare;Art;20;Fjäll (F) - Stor betydelse, Våtmark (V) - Stor betydelse, Skog (S) - Har betydelse;NT;B2ab(iii)
211093;8923;Negastrius arenicola;svart sandknäppare;Art;194;Havsstrand (H) - Stor betydelse;NT;B2ab(iii)
101378;8925;Negastrius sabulicola;broksandknäppare;Art;11;Havsstrand (H) - Stor betydelse, Jordbrukslandskap (J) - Har betydelse;NT;B2ab(iii)
100928;8938;Eucnemis capucinus;hålskenknäppare;Art;360;Jordbrukslandskap (J) - Stor betydelse, Skog (S) - Stor betydelse, Urban miljö (U) - Har betydelse;NT;B2ab(iii)
100866;8943;Dromaeolus barnabita;lindskenknäppare;Art;9;Skog (S) - Stor betydelse, Jordbrukslandskap (J) - Har betydelse;EN;B2ab(iii)
101329;8956;Microrhagus emyi;sågskenknäppare;Art;5;Skog (S) - Stor betydelse, Jordbrukslandskap (J) - Har betydelse;VU;B2ab(iii)
101702;8960;Rhacopus sahlbergi;brun skenknäppare;Art;41;Skog (S) - Stor betydelse, Jordbrukslandskap (J) - Har betydelse;NT;B2ab(iii)
102285;8975;Isorhipis marmottani;fjäderskenknäppare;Art;8;Skog (S) - Stor betydelse;VU;B2ab(iii)
101588;9004;Erotides cosnardi;;Art;82;Skog (S) - Stor betydelse, Jordbrukslandskap (J) - Har betydelse, Urban miljö (U) - Har betydelse;VU;B2ab(iii)
100830;9006;Lopheros rubens;;Art;47;Skog (S) - Stor betydelse;VU;B2ab(iii,iv)
101059;9078;Helophorus redtenbacheri;;Art;0;Sötvatten (L) - Stor betydelse, Våtmark (V) - Stor betydelse, Jordbrukslandskap (J) - Har betydelse;VU;B1ab(iii)+2ab(iii)
100149;9091;Abraeus granulum;mulmstumpbagge;Art;153;Skog (S) - Stor betydelse, Jordbrukslandskap (J) - Har betydelse;NT;B2ab(iii)
100150;9092;Abraeus parvulus;knappstumpbagge;Art;4;Jordbrukslandskap (J) - Stor betydelse, Skog (S) - Stor betydelse;EN;B2ab(iii)
103787;9095;Chaetabraeus globulus;klotstumpbagge;Art;128;Jordbrukslandskap (J) - Stor betydelse;NT;B2b(iii)
100180;9100;Acritus minutus;droppstumpbagge;Art;21;Skog (S) - Stor betydelse;RE;
100179;9103;Aeletes atomarius;dvärgstumpbagge;Art;81;Skog (S) - Stor betydelse;NT;B2ab(iii)
101602;9109;Plegaderus dissectus;bokstumpbagge;Art;302;Skog (S) - Stor betydelse;NT;B2ab(iii)
102328;9111;Plegaderus sanatus;Sandöstumpbagge;Art;62;Skog (S) - Stor betydelse;EN;B1ab(iii)
101603;9113;Plegaderus saucius;furustumpbagge;Art;265;Skog (S) - Stor betydelse;NT;B2ab(iii,iv)
101889;9117;Teretrius fabricii;splintstumpbagge;Art;2;Jordbrukslandskap (J) - Stor betydelse, Skog (S) - Stor betydelse;RE;
101071;9135;Haeterius ferrugineus;roststumpbagge;Art;147;Jordbrukslandskap (J) - Stor betydelse, Urban miljö (U) - Har betydelse;NT;B2ac(iv)
209141;9142;Atholus praetermissus;hagstumpbagge;Art;6;Jordbrukslandskap (J) - Stor betydelse, Havsstrand (H) - Har betydelse;CR;B2ab(iii)
103818;9144;Hister bissexstriatus;stäppstumpbagge;Art;65;Havsstrand (H) - Stor betydelse, Jordbrukslandskap (J) - Stor betydelse;VU;B2ab(iii)
103819;9145;Hister funestus;sandstumpbagge;Art;90;Jordbrukslandskap (J) - Stor betydelse;VU;B2ab(iii)
103815;9155;Margarinotus carbonarius;kolstumpbagge;Art;63;Jordbrukslandskap (J) - Stor betydelse;VU;B2ab(iii)
103813;9158;Margarinotus neglectus;hedstumpbagge;Art;118;Jordbrukslandskap (J) - Stor betydelse;VU;B2ab(iii)
103811;9159;Margarinotus obscurus;glansstumpbagge;Art;198;Jordbrukslandskap (J) - Stor betydelse;NT;B2b(iii)
101596;9174;Eurosomides minor;björkstumpbagge;Art;342;Skog (S) - Stor betydelse;NT;B2ab(iii,iv)
101594;9177;Platysoma compressum;ädellövstumpbagge;Art;121;Skog (S) - Stor betydelse;VU;B2ab(iii)
101595;9178;Platysoma deplanatum;aspstumpbagge;Art;554;Skog (S) - Stor betydelse;NT;B2ab(iii,iv)
100778;9179;Platysoma elongatum;tallmostumpbagge;Art;7;Skog (S) - Stor betydelse;RE;
103823;9180;Platysoma lineare;tallstumpbagge;Art;392;Skog (S) - Stor betydelse;NT;B2ab(iii,iv)
100605;9187;Chalcionellus decemstriatus;alvarstumpbagge;Art;69;Jordbrukslandskap (J) - Stor betydelse;VU;B2ab(iii)
101000;9192;Gnathoncus nidorum;starstumpbagge;Art;38;Skog (S) - Stor betydelse, Jordbrukslandskap (J) - Har betydelse;NT;B2ab(iii)
101122;9196;Hypocaccus rufipes;kuststumpbagge;Art;2;Havsstrand (H) - Stor betydelse, Jordbrukslandskap (J) - Har betydelse;CR (PRE);B2ab(iii)
100441;9197;Hypocaccus dimidiatus;havsstumpbagge;Art;1;Havsstrand (H) - Stor betydelse;CR (PRE);B2ab(iii)c(iv)
101123;9200;Hypocaccus rugiceps;klittstumpbagge;Art;167;Havsstrand (H) - Stor betydelse;EN;B2ab(iii)c(iv)
101729;9206;Saprinus immundus;dynstumpbagge;Art;14;Havsstrand (H) - Stor betydelse;EN;B2ab(iii)c(iv)
103792;9207;Saprinus planiusculus;bronsstumpbagge;Art;49;Jordbrukslandskap (J) - Stor betydelse, Havsstrand (H) - Har betydelse;NT;B2ab(iii)
101730;9208;Saprinus rugifer;backsvalestumpbagge;Art;45;Havsstrand (H) - Stor betydelse, Urban miljö (U) - Stor betydelse, Jordbrukslandskap (J) - Har betydelse, Våtmark (V) - Har betydelse;EN;B2ab(iii)
101731;9212;Saprinus virescens;smaragdstumpbagge;Art;46;Havsstrand (H) - Stor betydelse, Jordbrukslandskap (J) - Stor betydelse, Våtmark (V) - Stor betydelse;VU;B2ab(iii)c(iv)
102273;9219;Hydrochus elongatus;;Art;121;Sötvatten (L) - Stor betydelse;NT;B2b(iii)
102274;9222;Hydrochus megaphallus;;Art;18;Sötvatten (L) - Stor betydelse, Våtmark (V) - Stor betydelse, Jordbrukslandskap (J) - Har betydelse;NT;B2b(iii)
101505;9232;Paracymus aeneus;;Art;19;Havsstrand (H) - Stor betydelse, Jordbrukslandskap (J) - Stor betydelse;NT;B2b(iii)
103728;9246;Berosus fulvus;;Art;27;Havsstrand (H) - Stor betydelse, Sötvatten (L) - Stor betydelse;NT;B2ab(iii)
101093;9286;Hydrophilus aterrimus;;Art;182;Sötvatten (L) - Stor betydelse, Våtmark (V) - Stor betydelse;NT;B2b(iii)
101094;9287;Hydrophilus piceus;större vattenbagge;Art;228;Sötvatten (L) - Stor betydelse, Våtmark (V) - Stor betydelse;NT;B2b(iii)
103783;9347;Sphaeridium substriatum;;Art;17;Jordbrukslandskap (J) - Stor betydelse;VU;B2ab(iii)
103726;9351;Spercheus emarginatus;;Art;195;Sötvatten (L) - Stor betydelse, Våtmark (V) - Har betydelse;NT;B2ab(iii)
101254;9363;Lymexylon navale;skeppsvarvsfluga;Art;836;Jordbrukslandskap (J) - Stor betydelse, Skog (S) - Stor betydelse, Urban miljö (U) - Har betydelse;NT;B2ab(iii)
101947;9377;Typhaeus typhoeus;trehornad tordyvel;Art;2;Jordbrukslandskap (J) - Stor betydelse, Havsstrand (H) - Har betydelse;RE;
100992;9382;Geotrupes mutator;stäpptordyvel;Art;0;Jordbrukslandskap (J) - Stor betydelse;RE;
102246;9392;Trypocopris vernalis;vårtordyvel;Art;554;Jordbrukslandskap (J) - Stor betydelse, Skog (S) - Har betydelse;NT;B2ab(iii)
100184;9400;Aesalus scarabaeoides;brunoxe;Art;109;Skog (S) - Stor betydelse, Jordbrukslandskap (J) - Har betydelse, Urban miljö (U) - Har betydelse;EN;B2ab(iii)
100575;9412;Ceruchus chrysomelinus;svartoxe;Art;387;Skog (S) - Stor betydelse;EN;B2ab(iii,iv)
100178;9423;Rhysothorax rufus;röd strandkrypare;Art;9;Havsstrand (H) - Stor betydelse;VU;B2ab(iii)
100330;9427;Acanthobodilus immundus;alvardyngbagge;Art;5;Jordbrukslandskap (J) - Stor betydelse;RE;
100332;9433;Acrossus luridus;likgul dyngbagge;Art;233;Jordbrukslandskap (J) - Stor betydelse;NT;B2ab(iii)c(iv)
102173;9456;Aphodius foetidus;sanddyngbagge;Art;28;Jordbrukslandskap (J) - Stor betydelse;RE;
102176;9463;Bodilopsis sordida;heddyngbagge;Art;473;Jordbrukslandskap (J) - Stor betydelse;NT;B2ab(iii)c(iv)
105044;9475;Chilothorax pictus;strandängsdyngbagge;Art;30;Jordbrukslandskap (J) - Stor betydelse;VU;B2ab(iii)
100334;9485;Eudolus quadriguttatus;fyrfläckig dyngbagge;Art;93;Jordbrukslandskap (J) - Stor betydelse;EN;B2ab(iii,iv)c(iv)
101064;9488;Euheptaulacus sus;ribbdyngbagge;Art;126;Jordbrukslandskap (J) - Stor betydelse;EN;B2ab(iii)c(iv)
101066;9489;Euheptaulacus villosus;ängsjordbagge;Art;44;Jordbrukslandskap (J) - Stor betydelse;NT;B2ab(iii)
100329;9491;Euorodalus coenosus;skoveldyngbagge;Art;139;Jordbrukslandskap (J) - Stor betydelse;VU;B2ab(iii)c(iv)
100336;9493;Eupleurus subterraneus;fårad dyngbagge;Art;23;Jordbrukslandskap (J) - Stor betydelse;CR;B2ab(iii)c(iv)
101065;9495;Heptaulacus testudinarius;sköldpaddsdyngbagge;Art;0;Jordbrukslandskap (J) - Stor betydelse;RE;
100338;9516;Nialus varians;kustjordbagge;Art;0;Jordbrukslandskap (J) - Stor betydelse, Våtmark (V) - Har betydelse;RE;
102175;9537;Plagiogonus arenarius;köldyngbagge;Art;22;Jordbrukslandskap (J) - Stor betydelse;EN;B2ab(iii)c(iv)
100337;9543;Pubinus tomentosus;sidendyngbagge;Art;12;Jordbrukslandskap (J) - Stor betydelse;EN;B1ab(iii)c(iv)+2ab(iii)c(iv)
100333;9547;Sigorus porcus;snyltdyngbagge;Art;95;Jordbrukslandskap (J) - Stor betydelse;NT;B2b(iii)c(iv)
100335;9552;Trichonotulus scrofa;hårdyngbagge;Art;148;Jordbrukslandskap (J) - Stor betydelse;VU;B2ab(iii)c(iv)
100817;9561;Diastictus vulneratus;hedrotkrypare;Art;81;Jordbrukslandskap (J) - Stor betydelse, Havsstrand (H) - Har betydelse, Urban miljö (U) - Har betydelse;NT;B2ab(iii)
101604;9566;Pleurophorus caesus;ljungrotkrypare;Art;0;Jordbrukslandskap (J) - Stor betydelse;RE;
105062;9569;Psammodius asper;sandrotkrypare;Art;225;Jordbrukslandskap (J) - Stor betydelse, Urban miljö (U) - Har betydelse;NT;B2ab(iii)
101002;9592;Gnorimus nobilis;ädelguldbagge;Art;784;Jordbrukslandskap (J) - Stor betydelse, Skog (S) - Stor betydelse, Urban miljö (U) - Har betydelse;NT;B2ab(iii)
101003;9593;Gnorimus variabilis;svart guldbagge;Art;484;Jordbrukslandskap (J) - Stor betydelse, Skog (S) - Stor betydelse;EN;B2ab(iii)
101479;9596;Osmoderma eremita;läderbagge;Art;3582;Jordbrukslandskap (J) - Stor betydelse, Skog (S) - Stor betydelse, Urban miljö (U) - Har betydelse;VU;B2ab(iii)
101262;9616;Maladera holosericea;daggborre;Art;80;Jordbrukslandskap (J) - Stor betydelse;EN;B1ab(iii)c(iv)+2ab(iii)c(iv)
101080;9629;Hoplia philanthus;fjällig ängsborre;Art;15;Havsstrand (H) - Stor betydelse, Jordbrukslandskap (J) - Stor betydelse;VU;B1ac(iv)+2ac(iv)
105066;9641;Amphimallon fallenii;hedborre;Art;129;Jordbrukslandskap (J) - Stor betydelse;VU;B2ab(iii)
105069;9650;Anomala dubia;sandborre;Art;290;Havsstrand (H) - Stor betydelse, Jordbrukslandskap (J) - Stor betydelse, Våtmark (V) - Har betydelse;NT;B2ab(iii)
100708;9660;Copris lunaris;månhornsbagge;Art;579;Jordbrukslandskap (J) - Stor betydelse;NT;B2ab(iii)
100520;9674;Caccobius schreberi;fläckdyvel;Art;17;Jordbrukslandskap (J) - Stor betydelse;RE;
101452;9677;Onthophagus coenobita;bronshorndyvel;Art;0;Jordbrukslandskap (J) - Stor betydelse, Skog (S) - Har betydelse;RE;
101453;9678;Onthophagus fracticornis;krokhorndyvel;Art;618;Jordbrukslandskap (J) - Stor betydelse;NT;B2ab(iii)c(iv)
105030;9681;Onthophagus gibbulus;svarthalsad horndyvel;Art;0;Jordbrukslandskap (J) - Stor betydelse;RE;
101454;9682;Onthophagus illyricus;oxhorndyvel;Art;258;Jordbrukslandskap (J) - Stor betydelse;VU;B1b(iii)c(iv)+2b(iii)c(iv)
101455;9683;Onthophagus joannae;Joannas dvärgdyvel;Art;98;Jordbrukslandskap (J) - Stor betydelse;VU;B2ab(iii)c(iv)
101460;9687;Onthophagus medius;kohorndyvel;Art;1;Jordbrukslandskap (J) - Stor betydelse;RE;
101456;9688;Onthophagus nuchicornis;rakhorndyvel;Art;907;Jordbrukslandskap (J) - Stor betydelse;NT;B2ab(iii)c(iv)
101457;9690;Onthophagus ovatus;matt dvärgdyvel;Art;151;Jordbrukslandskap (J) - Stor betydelse;VU;B2ab(iii)c(iv)
105025;9707;Trox hispidus;måsknotbagge;Art;57;Jordbrukslandskap (J) - Stor betydelse, Havsstrand (H) - Har betydelse, Urban miljö (U) - Har betydelse;NT;B2ab(iii)
102356;9708;Trox sabulosus;sandknotbagge;Art;185;Jordbrukslandskap (J) - Stor betydelse, Havsstrand (H) - Har betydelse, Urban miljö (U) - Har betydelse;VU;B2ab(iii)
101738;9759;Scirtes orbicularis;;Art;21;Sötvatten (L) - Stor betydelse, Våtmark (V) - Stor betydelse;NT;B1b(iii)+2b(iii)
103892;9769;Pteroloma forsstromii;;Art;159;Våtmark (V) - Stor betydelse, Skog (S) - Har betydelse;NT;B2ab(iii)
101088;9779;Hydraena nigrita;;Art;16;Sötvatten (L) - Stor betydelse;NT;B1ab(iii)+2ab(iii)
101214;9795;Limnebius nitidus;;Art;13;Sötvatten (L) - Stor betydelse, Våtmark (V) - Stor betydelse;VU;B2ab(iii)
102315;9805;Ochthebius auriculatus;;Art;27;Havsstrand (H) - Stor betydelse;NT;B2b(iii)
102317;9831;Ochthebius viridis;;Art;19;Havsstrand (H) - Stor betydelse, Sötvatten (L) - Stor betydelse;VU;B2ab(iii)
100864;9882;Dreposcia umbrina;;Art;89;Jordbrukslandskap (J) - Stor betydelse, Skog (S) - Stor betydelse, Urban miljö (U) - Har betydelse;VU;B2ab(iii)
103906;9947;Leiodes ciliaris;;Art;19;Havsstrand (H) - Stor betydelse, Jordbrukslandskap (J) - Har betydelse, Urban miljö (U) - Har betydelse, Våtmark (V) - Har betydelse;NT;B2ab(iii)
103902;9957;Leiodes inordinata;;Art;70;Jordbrukslandskap (J) - Har betydelse, Skog (S) - Har betydelse, Urban miljö (U) - Har betydelse;NT;B2ab(iii)
103929;9977;Cyrtusa subtestacea;;Art;51;Jordbrukslandskap (J) - Har betydelse, Skog (S) - Har betydelse, Urban miljö (U) - Har betydelse;NT;B2ab(iii)
101217;9979;Liocyrtusa vittata;;Art;22;Jordbrukslandskap (J) - Stor betydelse, Skog (S) - Har betydelse, Urban miljö (U) - Har betydelse;NT;B2ab(iii)
100192;9985;Agaricophagus cephalotes;;Art;27;Skog (S) - Stor betydelse, Jordbrukslandskap (J) - Har betydelse;NT;B2ab(iii)
101218;9994;Liodopria serricornis;sågtandad mycelbagge;Art;91;Skog (S) - Stor betydelse, Jordbrukslandskap (J) - Har betydelse;NT;B2ab(iii)
100193;9997;Agathidium discoideum;suturfläckad mycelbagge;Art;260;Skog (S) - Stor betydelse;NT;B2ab(iii,iv)
100194;9998;Agathidium haemorrhoum;;Art;40;Jordbrukslandskap (J) - Stor betydelse, Skog (S) - Har betydelse, Urban miljö (U) - Har betydelse;VU;B2ab(iii)
100196;10000;Agathidium pallidum;;Art;171;Skog (S) - Stor betydelse;VU;B2ab(iii,iv)
100198;10002;Agathidium plagiatum;;Art;31;Skog (S) - Stor betydelse;EN;B2ab(iii)
100199;10003;Agathidium pulchellum;brokig aspmycelbagge;Art;51;Skog (S) - Stor betydelse;EN;B2ab(iii,iv)
102166;10017;Amphicyllis globiformis;;Art;113;Skog (S) - Stor betydelse, Jordbrukslandskap (J) - Har betydelse;NT;B2ab(iii)
102151;10058;Actinopteryx fucicola;;Art;1;Havsstrand (H) - Stor betydelse;RE;
101665;10078;Ptenidium gressneri;;Art;222;Skog (S) - Stor betydelse, Jordbrukslandskap (J) - Har betydelse;NT;B2ab(iii)
102150;10089;Actidium coarctatum;;Art;2;Havsstrand (H) - Stor betydelse;RE;
101321;10096;Micridium angulicolle;;Art;8;Skog (S) - Stor betydelse;EN;B2ab(iii)
101322;10097;Micridium halidaii;;Art;94;Skog (S) - Stor betydelse, Jordbrukslandskap (J) - Har betydelse;NT;B2ab(iii)
101674;10131;Pteryx splendens;;Art;76;Skog (S) - Stor betydelse, Urban miljö (U) - Har betydelse;NT;B2ab(iii)
101682;10140;Ptinella microscopica;;Art;21;Skog (S) - Stor betydelse, Våtmark (V) - Har betydelse;NT;B2ab(iii)
101395;10145;Nicrophorus germanicus;orangekantad dödgrävare;Art;0;Jordbrukslandskap (J) - Stor betydelse, Urban miljö (U) - Har betydelse;RE;
101397;10152;Nicrophorus vestigator;heddödgrävare;Art;21;Jordbrukslandskap (J) - Stor betydelse, Urban miljö (U) - Har betydelse;EN;B2ab(iii)
100163;10164;Aclypea undata;gropig betbagge;Art;55;Jordbrukslandskap (J) - Stor betydelse, Urban miljö (U) - Stor betydelse;RE;
101781;10173;Silpha obscura;matt asbagge;Art;50;Jordbrukslandskap (J) - Stor betydelse, Havsstrand (H) - Har betydelse, Urban miljö (U) - Har betydelse;EN;B2ab(iii)
104032;10179;Thanatophilus dispar;strandskinnarbagge;Art;159;Jordbrukslandskap (J) - Stor betydelse, Havsstrand (H) - Har betydelse, Urban miljö (U) - Har betydelse;NT;B2b(iii)
104623;10189;Aleochara binotata;;Art;80;Jordbrukslandskap (J) - Stor betydelse, Havsstrand (H) - Har betydelse;NT;B2b(iii)
104620;10206;Aleochara laevigata;;Art;45;Jordbrukslandskap (J) - Stor betydelse, Havsstrand (H) - Har betydelse;NT;B2b(iii)
100232;10209;Aleochara lygaea;;Art;6;Skog (S) - Stor betydelse, Jordbrukslandskap (J) - Har betydelse;NT;B2ab(iii)
100233;10223;Aleochara spissicornis;;Art;13;Jordbrukslandskap (J) - Stor betydelse, Havsstrand (H) - Har betydelse;NT;B2ab(iii)
100415;10278;Atheta autumnalis;;Art;31;Skog (S) - Stor betydelse, Våtmark (V) - Stor betydelse;VU;B2ab(iii)
104888;10298;Atheta janssoni;;Art;12;Havsstrand (H) - Stor betydelse;VU;B1ab(iii)+2ab(iii)
104879;10323;Atheta fungivora;;Art;26;Jordbrukslandskap (J) - Har betydelse, Skog (S) - Har betydelse, Urban miljö (U) - Har betydelse;NT;B2b(iii)
101324;10351;Atheta inquinula;;Art;21;Jordbrukslandskap (J) - Stor betydelse, Skog (S) - Har betydelse;VU;B2ab(iii)
101506;10372;Atheta laticeps;;Art;59;Havsstrand (H) - Stor betydelse, Jordbrukslandskap (J) - Stor betydelse, Våtmark (V) - Stor betydelse, Skog (S) - Har betydelse;NT;B2ab(iii)
104817;10375;Atheta subsinuata;;Art;91;Jordbrukslandskap (J) - Stor betydelse, Skog (S) - Har betydelse, Urban miljö (U) - Har betydelse;NT;B2b(iii)
100416;10377;Atheta liturata;;Art;23;Skog (S) - Stor betydelse, Jordbrukslandskap (J) - Har betydelse;VU;B2ab(iii)
101417;10383;Atheta taxiceroides;;Art;34;Skog (S) - Stor betydelse;NT;B2ab(iii)
104725;10410;Brundinia marina;;Art;39;Havsstrand (H) - Stor betydelse, Jordbrukslandskap (J) - Har betydelse;NT;B2ab(iii)
100511;10411;Brundinia meridionalis;;Art;57;Havsstrand (H) - Stor betydelse, Jordbrukslandskap (J) - Har betydelse;NT;B2ab(iii)
101100;10426;Hydrosmecta delicatula;;Art;47;Våtmark (V) - Stor betydelse;NT;B2ab(iii)
101414;10468;Notothecta confusa;;Art;48;Skog (S) - Stor betydelse, Jordbrukslandskap (J) - Har betydelse;NT;B2b(iii)
104729;10471;Ousipalia caesula;;Art;113;Jordbrukslandskap (J) - Stor betydelse, Havsstrand (H) - Har betydelse, Urban miljö (U) - Har betydelse;NT;B2ab(iii)
101540;10506;Philhygra ripicola;;Art;25;Havsstrand (H) - Stor betydelse, Våtmark (V) - Stor betydelse;NT;B2ab(iii)
101893;10527;Thamiaraea hospita;;Art;143;Jordbrukslandskap (J) - Stor betydelse, Skog (S) - Stor betydelse, Urban miljö (U) - Har betydelse;NT;B2ab(iii)
101911;10530;Tomoglossa luteicornis;;Art;23;Havsstrand (H) - Stor betydelse, Våtmark (V) - Stor betydelse, Jordbrukslandskap (J) - Har betydelse, Urban miljö (U) - Har betydelse;VU;B2ab(iii)
100832;10550;Diglotta sinuaticollis;;Art;12;Havsstrand (H) - Stor betydelse;NT;B2ab(iii)
100498;10557;Borboropora kraatzii;;Art;10;Havsstrand (H) - Stor betydelse, Jordbrukslandskap (J) - Stor betydelse;NT;B2b(iii)
101821;10564;Falagrioma thoracica;;Art;46;Jordbrukslandskap (J) - Stor betydelse, Havsstrand (H) - Har betydelse, Urban miljö (U) - Har betydelse;NT;B2b(iii)
100234;10572;Alevonota gracilenta;;Art;24;Havsstrand (H) - Stor betydelse, Jordbrukslandskap (J) - Stor betydelse, Urban miljö (U) - Stor betydelse, Våtmark (V) - Har betydelse;NT;B2b(iii)
100191;10601;Agaricochara latissima;;Art;68;Skog (S) - Stor betydelse, Jordbrukslandskap (J) - Har betydelse;NT;B2ab(iii,iv)
100496;10606;Bolitochara tecta;;Art;29;Skog (S) - Stor betydelse, Jordbrukslandskap (J) - Har betydelse;VU;B2ab(iii)
100786;10613;Cyphea latiuscula;;Art;23;Skog (S) - Stor betydelse;VU;B2ab(iii)
100963;10618;Euryusa coarctata;;Art;20;Skog (S) - Stor betydelse, Jordbrukslandskap (J) - Har betydelse;EN;B2ab(iii)
100964;10619;Euryusa optabilis;;Art;31;Skog (S) - Stor betydelse;VU;B2ab(iii)
100965;10620;Euryusa sinuata;;Art;87;Skog (S) - Stor betydelse, Jordbrukslandskap (J) - Har betydelse;VU;B2ab(iii)
101567;10659;Phymatura brevicollis;klibbtickvinge;Art;40;Skog (S) - Stor betydelse;VU;B2ab(iii)
101648;10661;Pseudomicrodota paganettii;;Art;24;Skog (S) - Stor betydelse, Jordbrukslandskap (J) - Har betydelse, Urban miljö (U) - Har betydelse;NT;B2ab(iii)
101782;10665;Silusa rubiginosa;;Art;123;Skog (S) - Stor betydelse, Jordbrukslandskap (J) - Har betydelse, Urban miljö (U) - Har betydelse;VU;B2ab(iii)
101881;10668;Tachyusida gracilis;;Art;31;Jordbrukslandskap (J) - Stor betydelse, Skog (S) - Stor betydelse;VU;B1ab(iii)+2ab(iii)
100782;10677;Cypha apicalis;;Art;41;Jordbrukslandskap (J) - Stor betydelse, Skog (S) - Stor betydelse, Urban miljö (U) - Har betydelse;NT;B2ab(iii)
100781;10678;Cypha aprilis;;Art;16;Jordbrukslandskap (J) - Stor betydelse, Urban miljö (U) - Stor betydelse;NT;B2b(iii)
100613;10761;Cousya longitarsis;;Art;42;Jordbrukslandskap (J) - Stor betydelse, Urban miljö (U) - Har betydelse;NT;B2ab(iii)
104691;10779;Haploglossa nidicola;;Art;69;Havsstrand (H) - Stor betydelse, Urban miljö (U) - Stor betydelse, Våtmark (V) - Stor betydelse, Jordbrukslandskap (J) - Har betydelse;NT;B2ab(iii)
101307;10799;Meotica moczarskii;;Art;11;Våtmark (V) - Stor betydelse, Urban miljö (U) - Har betydelse;NT;B2b(iii)
101426;10810;Ocalea rivularis;;Art;61;Våtmark (V) - Stor betydelse, Skog (S) - Har betydelse;NT;B2ab(iii)
104659;10817;Oxypoda advena;;Art;48;Jordbrukslandskap (J) - Stor betydelse, Våtmark (V) - Stor betydelse, Urban miljö (U) - Har betydelse;NT;B2b(iii)
104645;10825;Oxypoda doderoi;;Art;21;Jordbrukslandskap (J) - Stor betydelse, Skog (S) - Har betydelse, Urban miljö (U) - Har betydelse, Våtmark (V) - Har betydelse;VU;B2ab(iii)
101524;10863;Pentanota jani;;Art;49;Skog (S) - Stor betydelse;VU;B2ab(iii)
101511;10880;Tetralaucopora crebrepunctata;;Art;17;Våtmark (V) - Stor betydelse;NT;B2ab(iii)
101903;10887;Thiasophila inquilina;;Art;32;Skog (S) - Stor betydelse, Jordbrukslandskap (J) - Har betydelse, Urban miljö (U) - Har betydelse;NT;B2ab(iii)
101572;10897;Phytosus balticus;ljus sandkortvinge;Art;86;Havsstrand (H) - Stor betydelse;NT;B2ab(iii)
101573;10898;Phytosus spinifer;mörk sandkortvinge;Art;10;Havsstrand (H) - Stor betydelse;VU;B1ab(iii)+2ab(iii)
101581;10907;Placusa pumilio;;Art;10;Skog (S) - Stor betydelse;NT;B1b(iii)+2b(iii)
104720;10912;Brachyusa concolor;;Art;65;Våtmark (V) - Stor betydelse, Urban miljö (U) - Har betydelse;NT;B2ab(iii)
101004;10926;Gnypeta rubrior;;Art;29;Våtmark (V) - Stor betydelse, Havsstrand (H) - Har betydelse;NT;B2b(iii)c(iv)
101145;10929;Ischnopoda scitula;;Art;37;Våtmark (V) - Stor betydelse;VU;B2ab(iii)
102307;10963;Micropeplus latus;;Art;20;Skog (S) - Stor betydelse, Urban miljö (U) - Har betydelse;VU;B1ab(iii,iv)+2ab(iii,iv)
104316;10965;Micropeplus porcatus;;Art;90;Jordbrukslandskap (J) - Stor betydelse, Havsstrand (H) - Har betydelse, Skog (S) - Har betydelse, Urban miljö (U) - Har betydelse, Våtmark (V) - Har betydelse;NT;B2b(iii)
101448;10969;Olisthaerus megacephalus;;Art;189;Skog (S) - Stor betydelse;NT;B2ab(iii,iv)
101449;10970;Olisthaerus substriatus;;Art;411;Skog (S) - Stor betydelse;NT;B2ab(iii,iv)
101203;11020;Lesteva hanseni;;Art;4;Skog (S) - Stor betydelse, Våtmark (V) - Stor betydelse;NT;B2ab(iii)
104371;11080;Acrolocha minuta;;Art;73;Jordbrukslandskap (J) - Stor betydelse, Urban miljö (U) - Stor betydelse;NT;B2ab(iii)
101038;11086;Dropephylla clavigera;;Art;222;Skog (S) - Stor betydelse;NT;B2ab(iii,iv)
6001984;11089;Dropephylla heerii;;Art;21;Skog (S) - Stor betydelse;VU;B2ab(iii)
101041;11141;Phyllodrepa salicis;;Art;10;Skog (S) - Stor betydelse, Jordbrukslandskap (J) - Har betydelse, Urban miljö (U) - Har betydelse;VU;B2ab(iii)
104407;11146;Xylodromus concinnus;;Art;357;Jordbrukslandskap (J) - Stor betydelse, Skog (S) - Stor betydelse, Urban miljö (U) - Har betydelse;NT;B2ab(iii)
104405;11147;Xylodromus depressus;;Art;255;Jordbrukslandskap (J) - Stor betydelse, Skog (S) - Stor betydelse, Urban miljö (U) - Har betydelse;NT;B2ab(iii)
101997;11148;Xylodromus testaceus;;Art;27;Skog (S) - Stor betydelse, Jordbrukslandskap (J) - Har betydelse;VU;B2ab(iii)
104489;11170;Anotylus complanatus;;Art;97;Jordbrukslandskap (J) - Stor betydelse, Urban miljö (U) - Stor betydelse, Skog (S) - Har betydelse;NT;B2b(iii)
104488;11181;Anotylus nitidulus;;Art;309;Havsstrand (H) - Stor betydelse, Jordbrukslandskap (J) - Stor betydelse, Urban miljö (U) - Stor betydelse, Våtmark (V) - Stor betydelse, Skog (S) - Har betydelse;NT;B2ab(iii)
100305;11184;Anotylus pumilus;;Art;15;Jordbrukslandskap (J) - Stor betydelse;VU;B1ab(iii)+2ab(iii)
104480;11198;Oxytelus piceus;;Art;145;Jordbrukslandskap (J) - Stor betydelse;NT;B2b(iii)
100493;11227;Bledius atricapillus;;Art;47;Havsstrand (H) - Stor betydelse, Urban miljö (U) - Har betydelse;EN;B1ab(iii)c(iv)+2ab(iii)c(iv)
100486;11229;Bledius baudii;;Art;19;Havsstrand (H) - Stor betydelse;VU;B1ab(iii)+2ab(iii)
210140;11236;Bledius defensus;;Art;25;Våtmark (V) - Stor betydelse;NT;B2b(iii)
100487;11237;Bledius denticollis;;Art;6;Våtmark (V) - Stor betydelse;VU;B2ab(iii)
104501;11238;Bledius diota;;Art;54;Havsstrand (H) - Stor betydelse;NT;B2ab(iii)
100488;11240;Bledius erraticus;;Art;77;Havsstrand (H) - Stor betydelse, Våtmark (V) - Stor betydelse, Urban miljö (U) - Har betydelse;VU;B2ab(iii)
104513;11244;Bledius filipes;;Art;31;Havsstrand (H) - Stor betydelse;VU;B2ab(iii)c(iv)
104518;11245;Bledius fontinalis;;Art;8;Våtmark (V) - Stor betydelse;NT;B2b(iii)
100489;11248;Bledius furcatus;;Art;51;Havsstrand (H) - Stor betydelse;VU;B1ab(iii)+2ab(iii)
100491;11253;Bledius littoralis;;Art;40;Våtmark (V) - Stor betydelse, Urban miljö (U) - Har betydelse;NT;B2ab(iii)
104515;11255;Bledius longulus;;Art;167;Våtmark (V) - Stor betydelse, Urban miljö (U) - Har betydelse;NT;B2ab(iii)
100492;11256;Bledius nanus;;Art;99;Havsstrand (H) - Stor betydelse, Våtmark (V) - Stor betydelse, Urban miljö (U) - Har betydelse;VU;B2b(iii)c(iv)
100494;11261;Bledius procerulus;;Art;7;Havsstrand (H) - Stor betydelse, Jordbrukslandskap (J) - Har betydelse;VU;B1ab(iii)+2ab(iii)
100490;11265;Bledius spectabilis;;Art;8;Havsstrand (H) - Stor betydelse;VU;B2ab(iii)
104520;11270;Bledius tibialis;;Art;73;Havsstrand (H) - Stor betydelse, Våtmark (V) - Stor betydelse;NT;B2ab(iii)
100546;11289;Carpelimus manchuricus;;Art;28;Våtmark (V) - Stor betydelse;NT;B2ab(iii)
101267;11303;Manda mandibularis;;Art;76;Jordbrukslandskap (J) - Stor betydelse, Våtmark (V) - Stor betydelse, Skog (S) - Har betydelse;NT;B2b(iii)c(iv)
101583;11312;Planeustomus palpalis;;Art;12;Havsstrand (H) - Stor betydelse, Jordbrukslandskap (J) - Stor betydelse, Våtmark (V) - Stor betydelse;VU;B2ab(iii)
101899;11314;Thinobius brevipennis;bredhornad grusvinge;Art;36;Urban miljö (U) - Stor betydelse, Våtmark (V) - Stor betydelse;NT;B2b(iii,iv)c(iv)
100158;11330;Achenium humile;;Art;48;Jordbrukslandskap (J) - Stor betydelse, Urban miljö (U) - Stor betydelse;NT;B2ab(iii)
102518;11370;Medon dilutus;;Art;3;Skog (S) - Stor betydelse;EN;B1ab(iii)
101499;11385;Paederus littoralis;;Art;41;Jordbrukslandskap (J) - Stor betydelse;VU;B1ab(iii)+2ab(iii)
101748;11406;Scopaeus pusillus;;Art;16;Urban miljö (U) - Stor betydelse, Jordbrukslandskap (J) - Har betydelse;NT;B2ab(iii)
100460;11457;Batrisodes adnexus;;Art;89;Skog (S) - Stor betydelse, Jordbrukslandskap (J) - Har betydelse;VU;B2ab(iii)
100461;11459;Batrisodes delaporti;;Art;46;Skog (S) - Stor betydelse, Jordbrukslandskap (J) - Har betydelse;VU;B2ab(iii)
100462;11460;Batrisodes hubenthali;;Art;85;Skog (S) - Stor betydelse;NT;B2ab(iii)
100512;11486;Bryaxis clavicornis;;Art;16;Skog (S) - Stor betydelse, Våtmark (V) - Stor betydelse;NT;B2ab(iii)
104335;11487;Bryaxis curtisii;;Art;28;Skog (S) - Stor betydelse, Våtmark (V) - Stor betydelse;NT;B2ab(iii)
100661;11497;Claviger longicornis;;Art;63;Jordbrukslandskap (J) - Stor betydelse;VU;B2ab(iii)
100609;11503;Chennium bituberculatum;;Art;28;Jordbrukslandskap (J) - Stor betydelse;NT;B2ab(iii)
100951;11507;Euplectus bonvouloiri;;Art;14;Skog (S) - Stor betydelse;VU;B1ab(iii)+2ab(iii)
102242;11511;Euplectus duponti;;Art;15;Skog (S) - Stor betydelse, Jordbrukslandskap (J) - Har betydelse;NT;B2ab(iii)
100955;11524;Euplectus tholini;;Art;16;Skog (S) - Stor betydelse;VU;B2ab(iii)
101287;11528;Meliceria tragardhi;;Art;3;Skog (S) - Stor betydelse, Jordbrukslandskap (J) - Har betydelse;EN;B2ab(iii)
101599;11532;Plectophloeus nitidus;;Art;66;Jordbrukslandskap (J) - Stor betydelse, Skog (S) - Stor betydelse;VU;B2ab(iii)
101600;11533;Plectophloeus nubigena;;Art;124;Skog (S) - Stor betydelse, Jordbrukslandskap (J) - Har betydelse;NT;B2ab(iii)
102199;11550;Bibloporus mayeti;;Art;13;Skog (S) - Stor betydelse;VU;B1ab(iii)+2ab(iii)
100480;11552;Bibloporus ultimus;;Art;24;Skog (S) - Stor betydelse;VU;B1ab(iii)+2ab(iii)
101734;11556;Saulcyella schmidtii;;Art;9;Skog (S) - Stor betydelse;EN;B2ab(iii)
104447;11580;Scaphisoma balcanicum;;Art;11;Skog (S) - Stor betydelse, Jordbrukslandskap (J) - Har betydelse;VU;B2ab(iii)
101392;11598;Neuraphes perssoni;Perssons glattbagge;Art;20;Skog (S) - Stor betydelse;EN;B2ab(iii)
101393;11599;Neuraphes plicicollis;;Art;39;Skog (S) - Stor betydelse, Jordbrukslandskap (J) - Har betydelse;VU;B2ab(iii)
101825;11613;Stenichnus pusillus;;Art;33;Jordbrukslandskap (J) - Stor betydelse;NT;B2b(iii)
100931;11629;Euconnus wetterhallii;;Art;31;Våtmark (V) - Stor betydelse, Jordbrukslandskap (J) - Har betydelse, Skog (S) - Har betydelse;NT;B2ab(iii)
100967;11637;Euthiconus conicicollis;;Art;68;Jordbrukslandskap (J) - Stor betydelse, Skog (S) - Stor betydelse, Urban miljö (U) - Har betydelse;VU;B2ab(iii)
101963;11639;Veraphis engelmarki;nordlig glattbagge;Art;11;Skog (S) - Stor betydelse, Våtmark (V) - Har betydelse;VU;B2ab(iii)
101756;11642;Scydmaenus perrisi;;Art;32;Jordbrukslandskap (J) - Stor betydelse, Skog (S) - Stor betydelse, Urban miljö (U) - Har betydelse;VU;B2ab(iii)
100176;11671;Acylophorus glaberrimus;;Art;11;Våtmark (V) - Stor betydelse, Urban miljö (U) - Har betydelse;EN;B1ab(iii,iv)+2ab(iii,iv)
100835;11696;Dinothenarus pubescens;guldkortvinge;Art;125;Jordbrukslandskap (J) - Stor betydelse;VU;B2ab(iii)
102244;11708;Gabrius bescidicus;;Art;6;Skog (S) - Stor betydelse;VU;B2ab(iii)
100983;11714;Gabrius lividipes;;Art;8;Våtmark (V) - Stor betydelse, Skog (S) - Har betydelse;NT;B2ab(iii)
104127;11729;Heterothops binotatus;;Art;36;Havsstrand (H) - Stor betydelse;NT;B2b(iii)c(iv)
101545;11768;Philonthus corruscus;;Art;5;Jordbrukslandskap (J) - Stor betydelse;VU;B1ab(iii)+2ab(iii)
104053;11784;Philonthus lepidus;;Art;113;Jordbrukslandskap (J) - Stor betydelse, Urban miljö (U) - Har betydelse;NT;B2b(iii)
104095;11799;Philonthus punctus;;Art;109;Jordbrukslandskap (J) - Stor betydelse, Våtmark (V) - Stor betydelse, Havsstrand (H) - Har betydelse;NT;B2b(iii)
104099;11803;Philonthus rubripennis;;Art;29;Våtmark (V) - Stor betydelse;EN;B1ab(iii)
101548;11805;Philonthus salinus;;Art;44;Havsstrand (H) - Stor betydelse, Våtmark (V) - Stor betydelse, Urban miljö (U) - Har betydelse;NT;B1b(iii)+2b(iii)
104087;11809;Philonthus subvirescens;;Art;47;Våtmark (V) - Stor betydelse;NT;B2b(iii)
101693;11831;Quedius fulgidus;småögd lundkortvinge;Art;53;Jordbrukslandskap (J) - Stor betydelse, Urban miljö (U) - Stor betydelse, Skog (S) - Har betydelse;NT;B2b(iii)
104144;11835;Quedius lundbergi;;Art;35;Skog (S) - Stor betydelse;VU;B2ab(iii)
101697;11845;Quedius truncicola;;Art;71;Jordbrukslandskap (J) - Stor betydelse, Skog (S) - Stor betydelse, Urban miljö (U) - Har betydelse;VU;B2ab(iii)
101698;11846;Quedius vexans;;Art;9;Jordbrukslandskap (J) - Stor betydelse;VU;B1ab(iii)+2ab(iii)
101694;11850;Quedius balticus;;Art;31;Havsstrand (H) - Stor betydelse;NT;B1b(iii)+2b(iii)
101701;11892;Remus sericeus;;Art;26;Havsstrand (H) - Stor betydelse;NT;B1ab(iii)+2ab(iii)
101434;11905;Tasgius winkleri;hedstorkortvinge;Art;84;Jordbrukslandskap (J) - Stor betydelse, Skog (S) - Har betydelse, Urban miljö (U) - Har betydelse;NT;B2b(iii)
101121;11920;Hypnogyra angularis;;Art;8;Skog (S) - Stor betydelse, Jordbrukslandskap (J) - Har betydelse;VU;B1ab(iii)+2ab(iii)
101837;12021;Stenus excubitor;;Art;46;Skog (S) - Stor betydelse, Våtmark (V) - Stor betydelse;NT;B1ab(iii)+2ab(iii)
101839;12025;Stenus gallicus;;Art;15;Skog (S) - Stor betydelse, Jordbrukslandskap (J) - Har betydelse;NT;B2b(iii)
101840;12026;Stenus glabellus;;Art;22;Våtmark (V) - Stor betydelse, Jordbrukslandskap (J) - Har betydelse, Skog (S) - Har betydelse;NT;B2ab(iii)
104269;12034;Stenus kongsbergensis;;Art;16;Jordbrukslandskap (J) - Stor betydelse, Havsstrand (H) - Har betydelse, Skog (S) - Har betydelse;NT;B2b(iii)
101842;12038;Stenus longitarsis;;Art;52;Jordbrukslandskap (J) - Stor betydelse, Våtmark (V) - Stor betydelse, Urban miljö (U) - Har betydelse;NT;B2b(iii)
101846;12048;Stenus providus;;Art;68;Våtmark (V) - Stor betydelse, Jordbrukslandskap (J) - Har betydelse, Skog (S) - Har betydelse;NT;B2ab(iii)
104273;12054;Stenus subarcticus;;Art;7;Fjäll (F) - Stor betydelse, Våtmark (V) - Stor betydelse;NT;B2ab(iii)
101848;12056;Stenus sylvester;;Art;23;Skog (S) - Stor betydelse, Våtmark (V) - Stor betydelse;NT;B2ab(iii)
101244;12082;Carphacis striatus;;Art;200;Skog (S) - Stor betydelse, Jordbrukslandskap (J) - Har betydelse, Urban miljö (U) - Har betydelse;NT;B2ab(iii)
101243;12091;Lordithon pulchellus;;Art;55;Skog (S) - Stor betydelse, Jordbrukslandskap (J) - Har betydelse, Våtmark (V) - Har betydelse;NT;B2ab(iii)
104540;12119;Mycetoporus pachyraphis;;Art;45;Jordbrukslandskap (J) - Stor betydelse, Våtmark (V) - Har betydelse;NT;B2ab(iii)
101771;12141;Sepedophilus bipustulatus;;Art;0;Skog (S) - Stor betydelse, Jordbrukslandskap (J) - Har betydelse;RE;
101879;12156;Tachinus bipustulatus;;Art;0;Skog (S) - Stor betydelse;RE;
101880;12160;Tachinus elegans;;Art;168;Skog (S) - Stor betydelse;NT;B2ab(iii)
104574;12190;Tachyporus formosus;;Art;32;Jordbrukslandskap (J) - Stor betydelse, Skog (S) - Har betydelse;NT;B1b(iii)+2b(iii)
102152;12215;Aderus populneus;aspögonbagge;Art;368;Skog (S) - Stor betydelse, Jordbrukslandskap (J) - Har betydelse, Urban miljö (U) - Har betydelse;NT;B2ab(iii)
101642;12224;Pseudanidorus pentatomus;korthornad ögonbagge;Art;127;Skog (S) - Stor betydelse, Jordbrukslandskap (J) - Har betydelse;NT;B2ab(iii,iv)
101959;12226;Vanonus brevicornis;bredhornad ögonbagge;Art;5;Skog (S) - Stor betydelse, Jordbrukslandskap (J) - Har betydelse;VU;B2ab(iii)
101569;12229;Phytobaenus amabilis;gulfläckig ögonbagge;Art;6;Skog (S) - Stor betydelse;RE;
100308;12236;Anthicus axillaris;dynkvickbagge;Art;48;Havsstrand (H) - Stor betydelse;VU;B2ab(iii)
100309;12237;Anthicus bimaculatus;tvåfläckig kvickbagge;Art;119;Havsstrand (H) - Stor betydelse, Våtmark (V) - Stor betydelse, Urban miljö (U) - Har betydelse;NT;B2ab(iii)
100312;12242;Anthicus sellatus;större kvickbagge;Art;131;Havsstrand (H) - Stor betydelse, Våtmark (V) - Stor betydelse;VU;B2ab(iii)
100313;12244;Anthicus umbrinus;brun kvickbagge;Art;30;Havsstrand (H) - Har betydelse;NT;B2ab(iii)
100310;12247;Cordicomus gracilis;punkterad kvickbagge;Art;3;Havsstrand (H) - Stor betydelse;VU;B2ab(iii)c(iv)
105815;12248;Cordicomus instabilis;spadbent kvickbagge;Art;95;Havsstrand (H) - Stor betydelse;NT;B2ab(iii)
100311;12253;Hirticollis hispidus;långhårig kvickbagge;Art;3;Jordbrukslandskap (J) - Stor betydelse, Havsstrand (H) - Har betydelse, Urban miljö (U) - Har betydelse;EN;B2ab(iii)
100499;12282;Boros schneideri;smal skuggbagge;Art;204;Skog (S) - Stor betydelse;VU;B2ab(iii,iv)
102212;12294;Cis fusciclavis;;Art;150;Skog (S) - Stor betydelse, Jordbrukslandskap (J) - Har betydelse;NT;B2ab(iii)
100657;12304;Cis rugulosus;;Art;126;Skog (S) - Stor betydelse, Jordbrukslandskap (J) - Har betydelse;NT;B2ab(iii)
105758;12308;Cis villosulus;;Art;105;Skog (S) - Stor betydelse, Jordbrukslandskap (J) - Har betydelse;NT;B2ab(iii)
100900;12313;Ennearthron palmi;Palms svampborrare;Art;53;Skog (S) - Stor betydelse, Jordbrukslandskap (J) - Har betydelse;EN;B2ab(iii)
100901;12314;Ennearthron pruinosulum;lindsvampborrare;Art;26;Skog (S) - Stor betydelse, Jordbrukslandskap (J) - Har betydelse;EN;B2ab(iii)
101429;12319;Octotemnus mandibularis;skarptandad svampborrare;Art;5;Skog (S) - Stor betydelse, Jordbrukslandskap (J) - Har betydelse;CR;B2ab(iii)
100293;12347;Anisoxya fuscula;dubbelhårig brunbagge;Art;27;Jordbrukslandskap (J) - Stor betydelse, Skog (S) - Stor betydelse, Urban miljö (U) - Har betydelse;VU;B2ab(iii,iv)
100841;12349;Dircaea australis;orangefläckig brunbagge;Art;216;Skog (S) - Stor betydelse, Jordbrukslandskap (J) - Har betydelse;NT;B2ab(iii,iv)
101130;12358;Hypulus bifasciatus;enbandad brunbagge;Art;108;Skog (S) - Stor betydelse, Jordbrukslandskap (J) - Har betydelse;NT;B2ab(iii)
101131;12359;Hypulus quercinus;ekbrunbagge;Art;306;Skog (S) - Stor betydelse, Jordbrukslandskap (J) - Har betydelse;NT;B2ab(iii)
101281;12362;Melandrya barbata;kolsvart brunbagge;Art;29;Skog (S) - Stor betydelse, Jordbrukslandskap (J) - Har betydelse;EN;B2ab(iii,iv)
101282;12363;Melandrya caraboides;blåsvart brunbagge;Art;73;Skog (S) - Stor betydelse, Jordbrukslandskap (J) - Har betydelse;VU;B2ab(iii,iv)
101283;12364;Melandrya dubia;djupsvart brunbagge;Art;187;Skog (S) - Stor betydelse, Jordbrukslandskap (J) - Har betydelse;EN;B2ab(iii)
101558;12367;Phryganophilus ruficollis;rödhalsad brunbagge;Art;16;Skog (S) - Stor betydelse;EN;B2ab(iii,iv)
101465;12370;Orchesia fasciata;gulbandad brunbagge;Art;456;Skog (S) - Stor betydelse, Jordbrukslandskap (J) - Har betydelse;NT;B2ab(iii)
101466;12372;Orchesia luteipalpis;tätögd brunbagge;Art;55;Skog (S) - Stor betydelse;VU;B2ab(iii)
102333;12383;Rushia parreyssii;tallbarkbrunbagge;Art;62;Skog (S) - Stor betydelse;VU;B2ab(iii)
102016;12389;Zilora ferruginea;gropig brunbagge;Art;500;Skog (S) - Stor betydelse;NT;B2ab(iii,iv)
101481;12395;Osphya bipunctata;varierad brunbagge;Art;160;Jordbrukslandskap (J) - Stor betydelse, Skog (S) - Stor betydelse;NT;B2ab(iii)
101257;12403;Lytta vesicatoria;spansk fluga;Art;143;Jordbrukslandskap (J) - Stor betydelse, Urban miljö (U) - Har betydelse;EN;B2ab(iii,iv)c(iv)
101302;12406;Meloe brevicollis;korthalsad majbagge;Art;85;Jordbrukslandskap (J) - Stor betydelse, Urban miljö (U) - Har betydelse;EN;B2ab(iii)c(iv)
101304;12408;Meloe variegatus;brokig majbagge;Art;5;Jordbrukslandskap (J) - Stor betydelse;RE;
101347;12428;Mordella brachyura;gråhårig tornbagge;Art;19;Skog (S) - Stor betydelse, Jordbrukslandskap (J) - Har betydelse;NT;B2ab(iii)
101960;12439;Variimorda villosa;varierad tornbagge;Art;171;Skog (S) - Stor betydelse, Jordbrukslandskap (J) - Har betydelse;NT;B2ab(iii)
102309;12452;Mordellistena humeralis;skulderfläckad gaddbagge;Art;288;Skog (S) - Stor betydelse;NT;B2ab(iii)
101348;12479;Mordellochroa tournieri;svartbukig tornbagge;Art;2;Skog (S) - Stor betydelse, Jordbrukslandskap (J) - Har betydelse;VU;B2ab(iii)
101352;12493;Mycetophagus decempunctatus;tiofläckig vedsvampbagge;Art;140;Skog (S) - Stor betydelse, Jordbrukslandskap (J) - Har betydelse, Urban miljö (U) - Har betydelse;NT;B2ab(iii)
101353;12494;Mycetophagus fulvicollis;rödhalsad vedsvampbagge;Art;556;Skog (S) - Stor betydelse;NT;B2ab(iii,iv)
101141;12521;Ischnomera caerulea;glänsande blombagge;Art;210;Jordbrukslandskap (J) - Stor betydelse, Skog (S) - Stor betydelse, Urban miljö (U) - Har betydelse;VU;B2ab(iii)
101144;12524;Ischnomera sanguinicollis;gropig blombagge;Art;32;Skog (S) - Stor betydelse, Jordbrukslandskap (J) - Har betydelse, Urban miljö (U) - Har betydelse;EN;B2ab(iii,iv)
102169;12534;Anogcodes rufiventris;;Art;36;Havsstrand (H) - Stor betydelse, Skog (S) - Stor betydelse;VU;B1ab(iii)+2ab(iii)
101368;12537;Nacerdes carniolica;strandblombagge;Art;97;Skog (S) - Stor betydelse, Havsstrand (H) - Har betydelse;VU;B1ab(iii)+2ab(iii)
105795;12547;Oedemera pthysica;;Art;20;Jordbrukslandskap (J) - Har betydelse, Urban miljö (U) - Har betydelse;VU;B1ab(iii)+2ab(iii)
101635;12554;Prostomis mandibularis;;Art;0;Skog (S) - Stor betydelse, Jordbrukslandskap (J) - Har betydelse;EN;B2ab(iii)
101691;12564;Pytho abieticola;mindre barkplattbagge;Art;139;Skog (S) - Stor betydelse;VU;B2ab(iii,iv)
101692;12566;Pytho kolwensis;större barkplattbagge;Art;437;Skog (S) - Stor betydelse;EN;B2ab(iii,iv)
100202;12583;Aglenus brunneus;;Art;26;Jordbrukslandskap (J) - Stor betydelse, Urban miljö (U) - Har betydelse;VU;B2ab(iii)
101802;12603;Sphaeriestes reyi;brun trädbasbagge;Art;26;Skog (S) - Stor betydelse, Jordbrukslandskap (J) - Har betydelse;VU;B2ab(iii,iv)
101803;12604;Sphaeriestes stockmanni;kolsvart trädbasbagge;Art;556;Skog (S) - Stor betydelse;NT;B2b(iii)c(iii,iv)
101974;12606;Vincenzellus ruficollis;rödhuvad trädbasbagge;Art;36;Skog (S) - Stor betydelse, Jordbrukslandskap (J) - Har betydelse;VU;B2ab(iii)
100788;12631;Cyrtanaspis phalerata;rödbandad ristbagge;Art;7;Skog (S) - Stor betydelse, Jordbrukslandskap (J) - Har betydelse;VU;B1ab(iii)+2ab(iii)
105819;12641;Stenotrachelus aeneus;avlång dubbelklobagge;Art;175;Skog (S) - Stor betydelse;NT;B2ab(iii)
100236;12646;Allecula morio;gulbent kamklobagge;Art;1212;Skog (S) - Stor betydelse, Jordbrukslandskap (J) - Har betydelse, Urban miljö (U) - Har betydelse;NT;B2ab(iii)
100237;12647;Allecula rhenana;mörkbent kamklobagge;Art;100;Skog (S) - Stor betydelse, Jordbrukslandskap (J) - Har betydelse;VU;B2ab(iii)
105853;12651;Hymenalia rufipes;;Art;137;Jordbrukslandskap (J) - Stor betydelse, Havsstrand (H) - Har betydelse;NT;B2b(iii)
101110;12653;Hymenophorus avajewi;ragghornig kamklobagge;Art;54;Skog (S) - Stor betydelse;EN;B2ab(iii,iv)
101350;12660;Mycetochara humeralis;mindre svampklobagge;Art;483;Skog (S) - Stor betydelse, Jordbrukslandskap (J) - Har betydelse, Urban miljö (U) - Har betydelse;NT;B2ab(iii)
101631;12666;Prionychus melanarius;becksvart kamklobagge;Art;117;Skog (S) - Stor betydelse, Jordbrukslandskap (J) - Har betydelse;NT;B2ab(iii)
101450;12673;Omophlus pubescens;öländsk kamklobagge;Art;56;Jordbrukslandskap (J) - Stor betydelse, Urban miljö (U) - Har betydelse;EN;B1ab(iii)+2ab(iii)
101525;12693;Pentaphyllus testaceus;ekmulmbagge;Art;285;Skog (S) - Stor betydelse, Jordbrukslandskap (J) - Har betydelse;NT;B2ab(iii)
100713;12698;Corticeus bicolor;tvåfärgad barksvartbagge;Art;216;Skog (S) - Stor betydelse, Jordbrukslandskap (J) - Har betydelse, Urban miljö (U) - Har betydelse;NT;B2ab(iii)
100714;12700;Corticeus fasciatus;brokig barksvartbagge;Art;428;Skog (S) - Stor betydelse, Jordbrukslandskap (J) - Har betydelse;VU;B2ab(iii)
102217;12701;Corticeus fraxini;tallbarksvartbagge;Art;328;Skog (S) - Stor betydelse;NT;B2ab(iii,iv)
105850;12703;Corticeus longulus;;Art;160;Skog (S) - Stor betydelse;VU;B2ab(iii,iv)
100715;12705;Corticeus suturalis;mörksömmad barksvartbagge;Art;216;Skog (S) - Stor betydelse;NT;B2ab(iii,iv)
101535;12713;Phaleria cadaverina;assvartbagge;Art;66;Havsstrand (H) - Stor betydelse;VU;B2ab(iii)
101306;12753;Menephilus cylindricus;gnagmjölbagge;Art;68;Skog (S) - Stor betydelse;VU;B1ab(iii)+2ab(iii)
101954;12755;Upis ceramboides;större svartbagge;Art;290;Skog (S) - Stor betydelse;EN;B2ab(iii,iv)
100484;12768;Blaps lethifera;klumpigt dödsbud;Art;96;Urban miljö (U) - Stor betydelse, Jordbrukslandskap (J) - Har betydelse;EN;B2ab(iii,iv)
100485;12769;Blaps mortisaga;vanligt dödsbud;Art;189;Urban miljö (U) - Stor betydelse, Jordbrukslandskap (J) - Har betydelse;EN;B2ab(iii,iv)
100891;12780;Eledonoprius armatus;taggig svartbagge;Art;25;Skog (S) - Stor betydelse, Jordbrukslandskap (J) - Har betydelse;CR;B2ab(iii,iv)
105825;12799;Opatrum riparium;;Art;26;Jordbrukslandskap (J) - Stor betydelse, Urban miljö (U) - Har betydelse;EN;B2ab(iii)
101559;12811;Phylan gibbus;dubbelögd svartbagge;Art;86;Havsstrand (H) - Stor betydelse, Jordbrukslandskap (J) - Har betydelse;EN;B2ab(iii)
100483;12817;Bius thoracicus;gransvartbagge;Art;214;Skog (S) - Stor betydelse;VU;B2ab(iii,iv)
101887;12823;Tenebrio opacus;matt mjölbagge;Art;402;Jordbrukslandskap (J) - Stor betydelse, Skog (S) - Stor betydelse, Urban miljö (U) - Har betydelse;VU;B2ab(iii)
101891;12852;Tetratoma desmarestii;brun lövsvampbagge;Art;16;Jordbrukslandskap (J) - Stor betydelse, Skog (S) - Stor betydelse;VU;B2ab(iii,iv)
100701;12861;Colydium elongatum;;Art;55;Jordbrukslandskap (J) - Stor betydelse, Skog (S) - Stor betydelse;VU;B2ab(iii)
100702;12862;Colydium filiforme;;Art;235;Jordbrukslandskap (J) - Stor betydelse, Skog (S) - Stor betydelse, Urban miljö (U) - Har betydelse;VU;B2ab(iii,iv)
6331858;12863;Colydium noblecourti;;Art;15;Skog (S) - Stor betydelse;VU;B2ab(iii)
101170;12877;Lasconotus jelskii;granbarkbagge;Art;67;Skog (S) - Stor betydelse;EN;B2ab(iii)
101872;12880;Synchita separanda;lindbarkbagge;Art;90;Skog (S) - Stor betydelse, Jordbrukslandskap (J) - Har betydelse, Urban miljö (U) - Har betydelse;EN;B2ab(iii)
101998;12883;Xylolaemus fasciculosus;;Art;1;Skog (S) - Stor betydelse;RE;
100321;12919;Antipalus varipes;stor sandrovfluga;Art;32;Jordbrukslandskap (J) - Stor betydelse, Skog (S) - Stor betydelse;VU;B1ab(i,ii,iii,iv,v)+2ab(i,ii,iii,iv,v)
100405;12921;Asilus crabroniformis;getingrovfluga;Art;522;Jordbrukslandskap (J) - Stor betydelse;VU;B2ab(ii,iii,iv,v)c(iv)
102093;12942;Machimus arthriticus;stubbhårsskuldrad rovfluga;Art;59;Jordbrukslandskap (J) - Stor betydelse, Urban miljö (U) - Stor betydelse;VU;B2ab(iii)
236194;12952;Dysmachus trigonus;;Art;189;Jordbrukslandskap (J) - Stor betydelse, Urban miljö (U) - Har betydelse;NT;B2b(ii,iii)
101192;12957;Leptarthrus vitripennis;plattnosad rovfluga;Art;22;Jordbrukslandskap (J) - Stor betydelse, Skog (S) - Har betydelse;EN;B2ab(iii,iv,v)c(iv)
236200;12958;Leptarthrus brevirostris;;Art;113;Jordbrukslandskap (J) - Stor betydelse, Skog (S) - Har betydelse;NT;B2ab(i)
100289;12964;Andrenosoma atrum;blanksvart rovfluga;Art;4;Skog (S) - Stor betydelse;RE;
100624;12967;Choerades igneus;vallrovfluga;Art;168;Skog (S) - Stor betydelse, Jordbrukslandskap (J) - Har betydelse;VU;B2ab(i,ii,iii)
100625;12968;Choerades lapponicus;nordlig rovfluga;Art;14;Skog (S) - Stor betydelse;EN;B2ab(iii,iv,v)c(iv)
100626;12969;Choerades rufipes;rödbent rovfluga;Art;0;Skog (S) - Stor betydelse;RE;
102092;12976;Laphria ephippium;gördelrovfluga;Art;147;Skog (S) - Stor betydelse;VU;B2ab(iii,iv)
100789;12987;Cyrtopogon lapponicus;lapprovfluga;Art;32;Skog (S) - Stor betydelse, Jordbrukslandskap (J) - Har betydelse;EN;B2ab(iii,iv,v)c(iv)
100790;12988;Cyrtopogon luteicornis;gulhornad rovfluga;Art;68;Skog (S) - Stor betydelse, Urban miljö (U) - Har betydelse;NT;B2ab(ii,iii)
100836;12995;Dioctria linearis;blekfotad stekelrovfluga;Art;7;Skog (S) - Stor betydelse, Jordbrukslandskap (J) - Har betydelse;EN;B2ab(iii)
236175;13023;Villa cingulata;;Art;77;Våtmark (V) - Stor betydelse, Jordbrukslandskap (J) - Har betydelse, Urban miljö (U) - Har betydelse;VU;B2ab(iii,iv,v)
250290;13024;Villa fasciata;mörkbårdad klarvingesvävfluga;Art;9;Havsstrand (H) - Stor betydelse;RE;
236176;13025;Villa halteralis;;Art;31;Jordbrukslandskap (J) - Stor betydelse, Urban miljö (U) - Har betydelse;NT;B2b(iii)
236198;13027;Villa longicornis;;Art;59;Jordbrukslandskap (J) - Stor betydelse, Havsstrand (H) - Har betydelse;VU;B2ab(iii)
101972;13030;Villa paniscus;kontrastsvart klarvingesvävfluga;Art;133;Urban miljö (U) - Stor betydelse, Jordbrukslandskap (J) - Har betydelse, Skog (S) - Har betydelse;NT;B2ac(iv)
101225;13045;Lomatia lateralis;öländsk svävfluga;Art;219;Jordbrukslandskap (J) - Stor betydelse;NT;B1b(iii,iv,v)c(iv)+2b(iii,iv,v)c(iv)
102089;13060;Acrosathe baltica;baltisk sandstilettfluga;Art;14;Havsstrand (H) - Stor betydelse;EN;B1ab(ii,iii)c(iv)+2ab(ii,iii)c(iv)
100664;13063;Cliorismia ardea;blekbent vedstilettfluga;Art;16;Havsstrand (H) - Stor betydelse, Skog (S) - Har betydelse, Våtmark (V) - Har betydelse;VU;B1ab(iii,v)c(iv)+2ab(iii,v)c(iv)
236295;13064;Cliorismia rustica;;Art;7;Skog (S) - Stor betydelse, Våtmark (V) - Stor betydelse;VU;B2ab(iii)
236298;13068;Dichoglena nigripennis;;Art;35;Skog (S) - Stor betydelse, Våtmark (V) - Stor betydelse;NT;B2ab(i,ii)
102090;13070;Pandivirilia melaleuca;silvertecknad vedstilettfluga;Art;14;Jordbrukslandskap (J) - Stor betydelse, Skog (S) - Har betydelse;VU;B2ab(iii,iv,v)
236305;13082;Thereva fuscinervis;;Art;104;Fjäll (F) - Stor betydelse;NT;B2ab(i,ii,iv)
101897;13086;Thereva marginula;;Art;84;Jordbrukslandskap (J) - Stor betydelse, Havsstrand (H) - Har betydelse;VU;B2ab(i,ii,iii,iv)
102091;13087;Thereva microcephala;smalpannad stilettfluga;Art;38;Skog (S) - Stor betydelse;NT;B2ab(iii,iv,v)
241746;13098;Braula coeca;bilus;Art;3;Jordbrukslandskap (J) - Stor betydelse, Urban miljö (U) - Stor betydelse;VU;B2ab(iii,iv,v)
100795;13446;Dalmannia punctata;svartprickig gulstekelfluga;Art;18;Jordbrukslandskap (J) - Stor betydelse;CR;B2ab(i,ii,iii,iv,v)
236252;13447;Dalmannia dorsalis;;Art;0;Jordbrukslandskap (J) - Stor betydelse;RE;
236251;13449;Leopoldius signatus;;Art;49;Jordbrukslandskap (J) - Stor betydelse, Urban miljö (U) - Har betydelse;VU;B2ab(iii)
236240;13454;Myopa variegata;;Art;20;Jordbrukslandskap (J) - Stor betydelse;CR;B2ab(iii,iv,v)
236243;13457;Myopa hirsuta;;Art;24;Jordbrukslandskap (J) - Stor betydelse, Urban miljö (U) - Har betydelse;NT;B2ab(iii,iv,v)
236246;13460;Myopa fasciata;;Art;123;Jordbrukslandskap (J) - Stor betydelse;NT;B2ab(iii)
236247;13461;Myopa pellucida;;Art;61;Jordbrukslandskap (J) - Stor betydelse, Skog (S) - Har betydelse, Urban miljö (U) - Har betydelse;NT;B2ab(iii,iv,v)
101568;13468;Physocephala vittata;gulhuvad skaftstekelfluga;Art;4;Jordbrukslandskap (J) - Stor betydelse;EN;B1ab(ii,iii,iv,v)+2ab(ii,iii,iv,v)
236231;13470;Physocephala nigra;;Art;34;Jordbrukslandskap (J) - Stor betydelse, Skog (S) - Stor betydelse, Urban miljö (U) - Har betydelse;VU;B2ab(i,iii,iv,v)
101777;13472;Sicus abdominalis;klumpig roststekelfluga;Art;8;Jordbrukslandskap (J) - Stor betydelse;RE;
236223;13475;Thecophora cinerascens;;Art;34;Jordbrukslandskap (J) - Stor betydelse;NT;B2ab(iii)
250187;13562;Achalcus bimaculatus;;Art;6;Våtmark (V) - Stor betydelse, Skog (S) - Har betydelse;NT;B1ab(ii,iii)+2ab(ii,iii)
239927;13578;Argyra loewi;;Art;4;Skog (S) - Stor betydelse, Våtmark (V) - Stor betydelse;NT;B2ac(iv)
239931;13582;Argyra subarctica;;Art;21;Fjäll (F) - Stor betydelse, Våtmark (V) - Stor betydelse;NT;B2ab(i,ii,iii,iv)
100761;13607;Cryptophlebs kerteszi;pustastyltfluga;Art;1;Jordbrukslandskap (J) - Stor betydelse;EN;B1ab(iii)c(iv)+2ab(iii)c(iv)
239969;13619;Dolichopus annulitarsis;;Art;39;Fjäll (F) - Stor betydelse;NT;B2b(i,ii,iii,iv)
239982;13630;Dolichopus calinotus;;Art;10;Havsstrand (H) - Stor betydelse, Jordbrukslandskap (J) - Stor betydelse;EN;B2ab(iv)c(iv)
240014;13656;Dolichopus litorellus;;Art;2;Havsstrand (H) - Stor betydelse;CR (PRE);B2ab(i,ii,iii,iv,v)
240028;13667;Dolichopus nigripes;;Art;11;Jordbrukslandskap (J) - Stor betydelse, Våtmark (V) - Stor betydelse;VU;B2ab(iv)c(iv)
240042;13678;Dolichopus pseudomigrans;;Art;20;Fjäll (F) - Stor betydelse;NT;B1ab(i,ii,iii,iv)+2ab(i,ii,iii,iv)
240046;13682;Dolichopus ruthei;;Art;10;Jordbrukslandskap (J) - Stor betydelse, Våtmark (V) - Stor betydelse;CR (PRE);B1ab(i,ii,iii,iv,v)+2ab(i,ii,iii,iv,v)
240055;13690;Dolichopus tanythrix;;Art;30;Våtmark (V) - Stor betydelse;VU;B2ab(i,ii,iii,iv)
240066;13721;Gymnopternus blankaartensis;;Art;11;Våtmark (V) - Stor betydelse;NT;B2ab(ii,iv)
240074;13731;Hercostomus chetifer;;Art;15;Skog (S) - Stor betydelse, Våtmark (V) - Har betydelse;NT;B1ab(i,ii,iii,iv)+2ab(i,ii,iii,iv)
6045547;13732;Hercostomus conformis;;Art;4;Jordbrukslandskap (J) - Stor betydelse;VU;B1ab(iii)+2ab(iii)
240235;13758;Tachytrechus consobrinus;;Art;34;Våtmark (V) - Stor betydelse;NT;B2ac(iv)
240237;13760;Tachytrechus insignis;;Art;17;Havsstrand (H) - Stor betydelse;EN;B2ab(ii,iii)c(iv)
240089;13776;Hydrophorus callosoma;;Art;3;Havsstrand (H) - Stor betydelse, Våtmark (V) - Stor betydelse, Sötvatten (L) - Har betydelse;NT;B1ac(iv)+2ac(iv)
240100;13782;Hydrophorus norvegicus;;Art;14;Havsstrand (H) - Stor betydelse, Våtmark (V) - Stor betydelse, Sötvatten (L) - Har betydelse;NT;B1ac(iv)+2ac(iv)
240161;13796;Peodes forcipatus;;Art;19;Våtmark (V) - Stor betydelse, Sötvatten (L) - Har betydelse;VU;B2ab(iii)
240247;13805;Thinophilus flavipalpis;;Art;52;Havsstrand (H) - Stor betydelse, Jordbrukslandskap (J) - Har betydelse;VU;B2ab(ii,iii,iv)
101876;13810;Systenus leucurus;vitstjärtad mulmstyltfluga;Art;105;Skog (S) - Stor betydelse, Urban miljö (U) - Stor betydelse;NT;B2ab(iii)
101878;13812;Systenus scholtzi;rödhornad mulmstyltfluga;Art;58;Skog (S) - Stor betydelse, Urban miljö (U) - Stor betydelse;VU;B2ab(iii)
232160;13813;Systenus tener;;Art;18;Skog (S) - Stor betydelse, Urban miljö (U) - Stor betydelse;EN;B2ab(ii,iii,iv)c(iv)
240149;13875;Medetera tenuicauda;;Art;17;Havsstrand (H) - Stor betydelse, Jordbrukslandskap (J) - Stor betydelse;NT;B2ab(iii,v)
239495;13899;Microphor crassipes;;Art;3;Skog (S) - Stor betydelse;VU;B2ac(iv)
101389;13903;Neurigona abdominalis;gulbakig trädstyltfluga;Art;72;Skog (S) - Stor betydelse, Urban miljö (U) - Stor betydelse;NT;B2ab(iii)
101390;13904;Neurigona erichsoni;blankgul trädstyltfluga;Art;46;Skog (S) - Stor betydelse, Urban miljö (U) - Stor betydelse;VU;B2ab(ii,iii,iv,v)
240165;13919;Rhaphium albifrons;;Art;13;Skog (S) - Stor betydelse, Våtmark (V) - Stor betydelse;NT;B2ab(i,ii,iii,iv)
250211;13920;Rhaphium albomaculatum;;Art;13;Skog (S) - Stor betydelse, Våtmark (V) - Stor betydelse, Fjäll (F) - Har betydelse;NT;B2ab(i,ii,iii,iv)
240168;13924;Rhaphium basale;;Art;34;Våtmark (V) - Stor betydelse, Skog (S) - Har betydelse;VU;B2ab(iii)c(iv)
240179;13936;Rhaphium glaciale;;Art;38;Fjäll (F) - Stor betydelse, Våtmark (V) - Stor betydelse, Skog (S) - Har betydelse;VU;B2ab(i,ii,iii)
240180;13937;Rhaphium gravipes;;Art;3;Våtmark (V) - Stor betydelse, Skog (S) - Har betydelse;NT;B2ab(i,ii,iii,iv)
240200;13957;Sciapus basilicus;;Art;25;Jordbrukslandskap (J) - Stor betydelse;NT;B2b(iii)c(iv)
240205;13962;Sciapus maritimus;;Art;20;Havsstrand (H) - Stor betydelse, Jordbrukslandskap (J) - Har betydelse;NT;B2ab(ii,iii)
240220;14001;Syntormon filiger;;Art;1;Havsstrand (H) - Stor betydelse, Jordbrukslandskap (J) - Har betydelse;VU;B2ac(iv)
240222;14003;Syntormon fuscipes;;Art;15;Skog (S) - Stor betydelse;EN;B2ab(iii,iv)c(iv)
240230;14015;Syntormon subinermis;;Art;4;Våtmark (V) - Stor betydelse, Skog (S) - Har betydelse;EN;B2ab(iii,iv)c(iv)
101083;14534;Hormopeza obliterata;rökdansfluga;Art;199;Skog (S) - Stor betydelse;NT;B2c(ii,iv)
232161;14535;Hormopeza copulifera;;Art;4;Skog (S) - Stor betydelse;EN;B2ab(ii,iii)c(ii,iv)
6028408;14615;Scaptodrosophila abdita;;Art;22;Skog (S) - Stor betydelse;NT;B2ab(iii)
100258;14633;Amiota flavopruinosa;gulpudrad savdaggfluga;Art;12;Skog (S) - Stor betydelse, Urban miljö (U) - Stor betydelse;NT;B2ab(ii,iii,iv,v)
240437;14634;Amiota rufescens;;Art;89;Skog (S) - Stor betydelse;NT;B2b(iii)
240438;14635;Amiota subtusradiata;;Art;16;Skog (S) - Stor betydelse;NT;B2b(iii)
242503;14672;Ephydra scholtzi;;Art;5;Havsstrand (H) - Stor betydelse, Sötvatten (L) - Stor betydelse;NT;B2ab(i,ii,iv)
242515;14676;Haloscatella dichaeta;;Art;9;Sötvatten (L) - Stor betydelse, Våtmark (V) - Stor betydelse;NT;B1ab(i,ii,iii)+2ab(i,ii,iii)
242600;14716;Parydra undulata;;Art;1;Sötvatten (L) - Stor betydelse, Våtmark (V) - Stor betydelse;NT;B1ab(i,ii,iii,iv)+2ab(i,ii,iii,iv)
242643;14761;Scatophila quadriguttata;;Art;9;Sötvatten (L) - Stor betydelse, Våtmark (V) - Stor betydelse;VU;B2ab(i,ii,iii,iv)
242512;14795;Gymnoclasiopa plumosa;;Art;0;Sötvatten (L) - Stor betydelse, Våtmark (V) - Stor betydelse;NT;B2ab(i,ii,iii,iv)
6011653;14802;Hecamedoides glaucellus;;Art;8;Våtmark (V) - Stor betydelse;NT;B2ab(i,ii,iv)
242566;14805;Mosillus subsultans;;Art;20;Skog (S) - Stor betydelse, Sötvatten (L) - Stor betydelse;NT;B2ab(i,ii,iii,iv)
242578;14875;Notiphila major;;Art;9;Fjäll (F) - Stor betydelse, Sötvatten (L) - Stor betydelse;NT;B2ab(i,ii,iii,iv)
241216;15001;Paralauxania albiceps;;Art;24;Våtmark (V) - Stor betydelse, Jordbrukslandskap (J) - Har betydelse, Skog (S) - Har betydelse, Urban miljö (U) - Har betydelse;NT;B2ab(ii,iii,iv,v)
241213;15003;Peplomyza discoidea;;Art;100;Skog (S) - Stor betydelse;NT;B2b(ii,iii,iv,v)
102100;15084;Lonchoptera nigrociliata;ravinspjutvingefluga;Art;35;Skog (S) - Stor betydelse, Våtmark (V) - Har betydelse;NT;B2ab(ii,iii,iv,v)
243673;16053;Conisternum lapponicum;;Art;0;Våtmark (V) - Stor betydelse, Fjäll (F) - Har betydelse;RE;
243671;16086;Gimnomera cuneiventris;;Art;9;Skog (S) - Stor betydelse, Våtmark (V) - Stor betydelse, Fjäll (F) - Har betydelse;VU;B2ab(ii,iii,iv,v)c(iv)
243773;16174;Scathophaga scybalaria;;Art;81;Jordbrukslandskap (J) - Stor betydelse, Våtmark (V) - Har betydelse;VU;B2ab(i,iii)
102096;16193;Ogcodes gibbosus;;Art;30;Jordbrukslandskap (J) - Stor betydelse, Våtmark (V) - Stor betydelse;NT;B2ab(ii,iii,iv,v)
102097;16194;Ogcodes nigripes;;Art;9;Jordbrukslandskap (J) - Stor betydelse, Skog (S) - Stor betydelse;EN;B2ab(i,ii,iii,iv,v)
240407;16209;Cnodacophora stylifera;;Art;14;Våtmark (V) - Stor betydelse, Jordbrukslandskap (J) - Har betydelse;VU;B1ab(ii,iii,iv,v)+2ab(ii,iii,iv,v)
101699;16218;Rainieria calceata;tvärbandvingad skridfluga;Art;18;Jordbrukslandskap (J) - Stor betydelse, Skog (S) - Stor betydelse;VU;B1ab(ii,iii,iv,v)+2ab(ii,iii,iv,v)
244060;16268;Protocalliphora rognesi;backsvalespyfluga;Art;12;Urban miljö (U) - Stor betydelse, Jordbrukslandskap (J) - Har betydelse, Våtmark (V) - Har betydelse;NT;A2bc
240510;16309;Gasterophilus pecorum;;Art;4;Jordbrukslandskap (J) - Stor betydelse;RE;
101124;16312;Hypoderma bovis;stort oxstyng;Art;2;Jordbrukslandskap (J) - Stor betydelse;RE;
101125;16313;Hypoderma lineatum;litet oxstyng;Art;5;Jordbrukslandskap (J) - Stor betydelse;RE;
243949;16363;Miltogramma ibericum;;Art;0;Jordbrukslandskap (J) - Stor betydelse, Skog (S) - Har betydelse, Urban miljö (U) - Har betydelse;NT;B1ab(iii)+2ab(iii)
249902;16373;Oebalia unistriata;;Art;2;Urban miljö (U) - Stor betydelse, Jordbrukslandskap (J) - Har betydelse, Skog (S) - Har betydelse;VU;B2ab(iii)
243959;16375;Phrosinella nasuta;;Art;3;Urban miljö (U) - Stor betydelse;NT;B2ab(iii)
243961;16378;Pterella grisea;;Art;0;Skog (S) - Stor betydelse, Jordbrukslandskap (J) - Har betydelse, Urban miljö (U) - Har betydelse;NT;B1ab(iii)+2ab(iii)
244007;16383;Senotainia tricuspis;;Art;0;Urban miljö (U) - Stor betydelse, Jordbrukslandskap (J) - Har betydelse;RE;
244009;16386;Taxigramma heteroneura;;Art;0;Jordbrukslandskap (J) - Stor betydelse, Urban miljö (U) - Stor betydelse;VU;B2ab(ii,iii,iv)
200343;16463;Billaea steini;;Art;14;Skog (S) - Stor betydelse;NT;B1ab(i,ii,iii,iv)+2ab(i,ii,iii,iv)
200345;16487;Villanovia villicornis;;Art;10;Skog (S) - Stor betydelse;EN;B2ab(i,ii,iii,iv)
200394;16499;Rondania dimidiata;;Art;5;Fjäll (F) - Stor betydelse, Jordbrukslandskap (J) - Stor betydelse;NT;B1ab(i,ii,iii,iv)+2ab(i,ii,iii,iv)
200354;16525;Eriothrix argyreatus;;Art;0;Jordbrukslandskap (J) - Stor betydelse;NT;B2ab(i,ii,iii,iv)
200069;16599;Istocheta longicornis;;Art;45;Jordbrukslandskap (J) - Stor betydelse;NT;B2ab(i,ii,iii)
200158;16666;Erycia festinans;;Art;2;Jordbrukslandskap (J) - Stor betydelse, Skog (S) - Har betydelse;VU;B2ab(i,ii,iii,iv)
200159;16667;Erycia furibunda;;Art;1;Jordbrukslandskap (J) - Stor betydelse, Skog (S) - Har betydelse, Våtmark (V) - Har betydelse;EN;B2ab(i,ii,iv)
200127;16675;Madremyia clausa;;Art;0;Fjäll (F) - Stor betydelse;NT;B1ab(i,ii,iii,iv)+2ab(i,ii,iii,iv)
200115;16708;Ptesiomyia alacris;;Art;2;Jordbrukslandskap (J) - Stor betydelse, Urban miljö (U) - Stor betydelse;NT;B1ab(i,ii,iii,iv)+2ab(i,ii,iii,iv)
200050;16733;Chetogena obliquata;;Art;3;Jordbrukslandskap (J) - Stor betydelse, Skog (S) - Har betydelse;NT;B2ab(i,ii,iii,iv)
200179;16754;Allophorocera lapponica;;Art;6;Fjäll (F) - Stor betydelse;NT;B1ab(i,ii,iii,iv)+2ab(i,ii,iii,iv)
200196;16788;Gonia capitata;;Art;29;Jordbrukslandskap (J) - Stor betydelse;NT;B2ab(i,ii,iii,iv)
200201;16807;Onychogonia cervini;;Art;22;Fjäll (F) - Stor betydelse;VU;B2b(i,ii,iii,iv)c(iv)
200203;16822;Spallanzania hebes;;Art;18;Jordbrukslandskap (J) - Stor betydelse;VU;B1ab(i,ii,iii,iv)+2ab(i,ii,iii,iv)
200416;16852;Litophasia hyalipennis;;Art;13;Jordbrukslandskap (J) - Stor betydelse;NT;B2ab(i,ii,iii,iv)
200430;16856;Besseria melanura;;Art;16;Jordbrukslandskap (J) - Stor betydelse;NT;B2ab(i,ii,iii,iv)
200248;16931;Cleonice keteli;;Art;2;Jordbrukslandskap (J) - Stor betydelse;VU;B2ab(i,ii,iii,iv)
200236;16936;Eurithia caesia;;Art;37;Jordbrukslandskap (J) - Stor betydelse;VU;B2ab(i,ii,iii,iv)
200239;16939;Eurithia intermedia;;Art;6;Jordbrukslandskap (J) - Stor betydelse;NT;B2ab(i,ii,iv)
200324;16985;Aphria longirostris;;Art;18;Jordbrukslandskap (J) - Stor betydelse;NT;B2ab(i,ii,iii,iv)
200217;17001;Linnaemya comta;;Art;20;Jordbrukslandskap (J) - Stor betydelse;NT;B2ab(i,ii,iii,iv)
200255;17020;Macquartia chalconota;;Art;3;Jordbrukslandskap (J) - Stor betydelse;NT;B2ab(i,ii,iii,iv)
200261;17027;Macroprosopa atrata;;Art;1;Jordbrukslandskap (J) - Stor betydelse, Skog (S) - Stor betydelse;RE;
200335;17030;Angiorhina fulvicornis;;Art;3;Skog (S) - Stor betydelse;VU;B2ab(i,ii,iii,iv)
200336;17031;Angiorhina puncticeps;;Art;2;;RE;
200321;17066;Ceranthia tristella;;Art;7;Skog (S) - Stor betydelse, Jordbrukslandskap (J) - Har betydelse;VU;B2ab(i,ii,iii,iv)
200279;17080;Goniocera schistacea;;Art;1;Jordbrukslandskap (J) - Stor betydelse;NT;B2ab(i,ii,iii,iv)
200215;17110;Germaria ruficeps;;Art;19;Jordbrukslandskap (J) - Stor betydelse;NT;B2ab(i,iii,iv)
200211;17116;Peleteria ferina;;Art;13;Jordbrukslandskap (J) - Stor betydelse;EN;B2ab(i,ii,iii,iv)
200212;17117;Peleteria popelii;;Art;40;Jordbrukslandskap (J) - Stor betydelse;NT;B1ab(i,ii,iv)+2ab(i,ii,iv)
241674;17139;Acartophthalmus pusio;;Art;9;Jordbrukslandskap (J) - Stor betydelse;NT;B2ab(ii,iii,iv,v)
241703;17664;Anthomyza macra;;Art;7;Skog (S) - Stor betydelse, Våtmark (V) - Har betydelse;NT;B2ab(ii,iii,iv,v)
240432;17688;Asteia elegantula;;Art;14;Skog (S) - Stor betydelse, Jordbrukslandskap (J) - Har betydelse;NT;B2ab(ii,iii,iv,v)
101504;17705;Clusia tigrina;fläckvingad träfluga;Art;132;Skog (S) - Stor betydelse;NT;B2ab(ii,iii,iv,v)
240417;17712;Clusiodes freyi;;Art;18;Skog (S) - Stor betydelse;NT;B2ab(ii,iii,iv)
6011599;17717;Clusiodes tuomikoskii;;Art;5;Skog (S) - Stor betydelse;VU;B2ab(ii,iii,iv,v)
101062;17720;Hendelia beckeri;stubbträfluga;Art;43;Skog (S) - Stor betydelse;NT;B2ab(ii,iii,iv,v)
240423;17722;Heteromeringia nigrimana;;Art;1;Skog (S) - Stor betydelse;VU;B2ab(ii,iii,iv)
6330919;17726;Neoalticomerus fabricius;;Art;11;Skog (S) - Stor betydelse;VU;B1ab(i,ii,iii,iv)
240427;17734;Odinia xanthocera;;Art;3;Skog (S) - Stor betydelse, Våtmark (V) - Har betydelse;NT;B2ab(ii,iii,iv,v)
6051227;17737;Turanodinia nigripalpis;;Art;4;Skog (S) - Stor betydelse;NT;B2ab(ii,iii,iv,v)
241679;17747;Geomyza breviseta;;Art;8;Jordbrukslandskap (J) - Stor betydelse;NT;B2ab(i,ii,iii,iv)
240274;18258;Agathomyia zetterstedti;;Art;6;Skog (S) - Stor betydelse, Våtmark (V) - Har betydelse;NT;B2ab(i,iv)
240278;18263;Callomyia elegans;;Art;3;Skog (S) - Stor betydelse;VU;B2ab(i,ii,iii,iv)
6010712;18269;Microsania capnophila;;Art;1;Skog (S) - Stor betydelse;EN;B1ab(i,ii,iii)c(ii,iii,iv)
232162;18272;Microsania straeleni;;Art;47;Skog (S) - Stor betydelse;NT;B2ac(ii,iii,iv)
240282;18273;Microsania vrydaghi;;Art;0;Skog (S) - Stor betydelse;VU;B2ab(iii)c(ii,iii,iv)
240275;18276;Bolopus furcatus;;Art;83;Skog (S) - Stor betydelse;NT;B2ab(i,ii,iv)
100643;18299;Chrysopilus asiliformis;gulbent gullhårssnäppfluga;Art;15;Våtmark (V) - Stor betydelse, Jordbrukslandskap (J) - Har betydelse, Skog (S) - Har betydelse;VU;B1ac(iv)+2ac(iv)
100644;18300;Chrysopilus erythrophthalmus;långnosad gullhårssnäppfluga;Art;7;Sötvatten (L) - Stor betydelse, Våtmark (V) - Stor betydelse, Skog (S) - Har betydelse;VU;B2ac(iv)
100645;18301;Chrysopilus laetus;gul gullhårssnäppfluga;Art;5;Jordbrukslandskap (J) - Stor betydelse, Skog (S) - Stor betydelse;VU;B1ab(iii,iv,v)+2ab(iii,iv,v)
239432;18304;Chrysopilus nubecula;;Art;97;Skog (S) - Stor betydelse, Jordbrukslandskap (J) - Har betydelse;NT;B2ab(iii,iv,v)
241748;18330;Coelopa pilipes;;Art;26;Havsstrand (H) - Stor betydelse;VU;B2ac(ii,iv)
241749;18332;Malacomyia sciomyzina;;Art;45;Havsstrand (H) - Stor betydelse;NT;B1ab(iii)+2ab(iii)
241752;18342;Pseudoneuroctena senilis;;Art;19;Skog (S) - Stor betydelse;NT;B2ab(iii)
101056;18346;Helcomyza ustulata;stor brunalgfluga;Art;55;Havsstrand (H) - Stor betydelse;CR;B2ab(i,ii,iii,iv)c(iv)
101797;18836;Xylomya czekanovskii;karelsk barkfluga;Art;115;Skog (S) - Stor betydelse;EN;B2ab(iii,iv)
101999;18837;Xylomya maculata;gulbrokig barkfluga;Art;41;Skog (S) - Stor betydelse, Urban miljö (U) - Har betydelse;EN;B2ab(iii)
236260;18845;Beris fuscipes;;Art;58;Skog (S) - Stor betydelse, Våtmark (V) - Stor betydelse, Sötvatten (L) - Har betydelse;VU;B2ab(i,ii,iii)
236262;18847;Beris vallata;;Art;130;Skog (S) - Stor betydelse, Sötvatten (L) - Stor betydelse, Våtmark (V) - Stor betydelse;NT;B1ab(i,ii,iv,v)+2ab(i,ii,iv,v)
100941;18860;Eupachygaster tarsalis;långryggad barkvapenfluga;Art;78;Skog (S) - Stor betydelse, Jordbrukslandskap (J) - Har betydelse;NT;B2a
100976;18862;Exodontha dubia;fjällskogsvapenfluga;Art;24;Skog (S) - Stor betydelse, Våtmark (V) - Har betydelse;NT;B2ab(i,ii,iii,iv)
236275;18879;Odontomyia hydroleon;;Art;69;Jordbrukslandskap (J) - Stor betydelse, Sötvatten (L) - Stor betydelse, Våtmark (V) - Stor betydelse;NT;B2ab(ii,iii,iv,v)
101483;18888;Oxycera fallenii;strömvapenfluga;Art;15;Sötvatten (L) - Stor betydelse, Våtmark (V) - Stor betydelse, Jordbrukslandskap (J) - Har betydelse, Skog (S) - Har betydelse;EN;B1ab(iii)
101486;18890;Oxycera meigenii;snedfläckig strömvapenfluga;Art;4;Jordbrukslandskap (J) - Stor betydelse, Sötvatten (L) - Stor betydelse, Våtmark (V) - Stor betydelse;VU;"B1ab(iii)+2ab(iii); D2"
101484;18892;Oxycera nigricornis;mindre strömvapenfluga;Art;37;Sötvatten (L) - Stor betydelse, Våtmark (V) - Stor betydelse;VU;B2ab(iii)
102083;18893;Oxycera pardalina;källvapenfluga;Art;11;Sötvatten (L) - Stor betydelse, Våtmark (V) - Stor betydelse;VU;D2
102084;18894;Oxycera pygmaea;svartryggig strömvapenfluga;Art;179;Sötvatten (L) - Stor betydelse, Våtmark (V) - Stor betydelse;NT;B2ab(ii,iii,iv)
102085;18896;Oxycera trilineata;brokig strömvapenfluga;Art;105;Havsstrand (H) - Stor betydelse, Sötvatten (L) - Stor betydelse, Våtmark (V) - Stor betydelse, Jordbrukslandskap (J) - Har betydelse;NT;B2ab(i,ii,iii,iv,v)
236283;18898;Pachygaster atra;;Art;29;Skog (S) - Stor betydelse, Jordbrukslandskap (J) - Har betydelse, Urban miljö (U) - Har betydelse;NT;B2ab(iii)
236285;18902;Sargus cuprarius;;Art;192;Jordbrukslandskap (J) - Stor betydelse, Skog (S) - Har betydelse, Urban miljö (U) - Har betydelse;VU;B2ab(i,ii,iii,iv,v)
102086;18907;Stratiomys chamaeleon;gulbukig jättevapenfluga;Art;176;Sötvatten (L) - Stor betydelse, Våtmark (V) - Stor betydelse, Jordbrukslandskap (J) - Har betydelse;NT;B2ab(ii,iii,iv,v)
102087;18908;Stratiomys longicornis;svart jättevapenfluga;Art;40;Havsstrand (H) - Stor betydelse, Sötvatten (L) - Stor betydelse, Våtmark (V) - Stor betydelse, Brackvatten (B) - Har betydelse, Jordbrukslandskap (J) - Har betydelse;EN;B1ab(i,iii,iv,v)c(iv)+2ab(i,iii,iv,v)c(iv)
100525;18919;Callicera aenea;ljus bronsblomfluga;Art;46;Jordbrukslandskap (J) - Stor betydelse, Skog (S) - Stor betydelse, Urban miljö (U) - Har betydelse;NT;B2b(iii)
102557;18920;Callicera aurata;mörk bronsblomfluga;Art;116;Jordbrukslandskap (J) - Stor betydelse, Skog (S) - Stor betydelse, Urban miljö (U) - Har betydelse;NT;B2b(iii)
100573;18923;Ceriana conopsoides;griffelblomfluga;Art;183;Skog (S) - Stor betydelse, Jordbrukslandskap (J) - Har betydelse, Urban miljö (U) - Har betydelse;NT;B2b(i,iii)
200445;18928;Brachyopa bicolor;lönnsavblomfluga;Art;108;Jordbrukslandskap (J) - Stor betydelse, Skog (S) - Stor betydelse;NT;B2b(ii,iii,iv,v)
102526;18929;Brachyopa cinerea;arktisk savblomfluga;Art;5;Skog (S) - Stor betydelse, Havsstrand (H) - Har betydelse, Våtmark (V) - Har betydelse;VU;B2ab(iii)c(iv)
102527;18933;Brachyopa panzeri;boksavblomfluga;Art;26;Skog (S) - Stor betydelse;NT;B2b(iii)c(iv)
102528;18937;Brachyopa vittata;större savblomfluga;Art;18;Skog (S) - Stor betydelse, Jordbrukslandskap (J) - Har betydelse;EN;B2ab(iii)
200650;18955;Melanogaster nuda;kalkängsblomfluga;Art;107;Jordbrukslandskap (J) - Stor betydelse, Sötvatten (L) - Stor betydelse, Våtmark (V) - Stor betydelse;NT;B2ab(i,ii,iii,iv)
101362;18958;Myolepta dubia;mindre parkblomfluga;Art;86;Jordbrukslandskap (J) - Stor betydelse, Skog (S) - Stor betydelse, Urban miljö (U) - Stor betydelse, Våtmark (V) - Har betydelse;VU;B2ab(iii)
200667;18961;Neoascia annexa;lång dvärgblomfluga;Art;16;Skog (S) - Stor betydelse, Våtmark (V) - Stor betydelse;NT;B1ab(iii)+2ab(iii)
102544;18969;Orthonevra elegans;elegant glansblomfluga;Art;11;Sötvatten (L) - Stor betydelse, Våtmark (V) - Stor betydelse, Jordbrukslandskap (J) - Har betydelse;CR (PRE);B2ab(iii,v)
200793;18982;Sphegina spheginea;fjällmidjeblomfluga;Art;13;Skog (S) - Stor betydelse, Våtmark (V) - Stor betydelse;NT;B2ab(iii)
100394;18992;Arctophila bombiformis;bandad björnblomfluga;Art;20;Skog (S) - Stor betydelse, Våtmark (V) - Har betydelse;CR;B2ab(iii,iv,v)c(iv)
102537;19000;Eristalis alpina;alpslamfluga;Art;11;Skog (S) - Stor betydelse, Sötvatten (L) - Stor betydelse, Våtmark (V) - Stor betydelse, Jordbrukslandskap (J) - Har betydelse;RE;
102539;19005;Eristalis gomojunovae;polarslamfluga;Art;14;Sötvatten (L) - Stor betydelse, Våtmark (V) - Stor betydelse, Fjäll (F) - Har betydelse, Skog (S) - Har betydelse;EN;B2ab(iii,iv)c(iv)
102542;19018;Helophilus bottnicus;grå kärrblomfluga;Art;2;Sötvatten (L) - Stor betydelse, Våtmark (V) - Stor betydelse, Skog (S) - Har betydelse;RE;
101263;19028;Mallota cimbiciformis;svart hålblomfluga;Art;46;Urban miljö (U) - Stor betydelse, Jordbrukslandskap (J) - Har betydelse, Skog (S) - Har betydelse;VU;B2ab(iii)
101264;19030;Mallota megilliformis;gul hålblomfluga;Art;31;Skog (S) - Stor betydelse, Urban miljö (U) - Stor betydelse, Jordbrukslandskap (J) - Har betydelse;VU;B2ab(i,ii,iii,iv)
102540;19045;Eumerus grandis;praktmånblomfluga;Art;113;Jordbrukslandskap (J) - Stor betydelse, Skog (S) - Har betydelse;EN;B2ab(iii,v)c(iv)
102541;19046;Eumerus ruficornis;rödhornig månblomfluga;Art;52;Jordbrukslandskap (J) - Stor betydelse, Våtmark (V) - Stor betydelse;EN;B1ab(iii)c(iv)+2ab(iii)c(iv)
102547;19057;Psilota atra;tallsotblomfluga;Art;28;Jordbrukslandskap (J) - Stor betydelse, Skog (S) - Stor betydelse, Urban miljö (U) - Har betydelse;VU;B2ab(iii,iv,v)
249048;19058;Psilota innupta;eksotblomfluga;Art;0;Jordbrukslandskap (J) - Stor betydelse, Skog (S) - Stor betydelse;RE;
200715;19088;Pipizella certa;rund rotlusblomfluga;Art;1;Jordbrukslandskap (J) - Stor betydelse;NT;B2ab(iii,iv)
200717;19091;Pipizella virens;kort rotlusblomfluga;Art;12;Jordbrukslandskap (J) - Stor betydelse, Skog (S) - Har betydelse;NT;B2ab(iii)
200481;19111;Cheilosia cynocephala;blåsvart örtblomfluga;Art;14;Jordbrukslandskap (J) - Stor betydelse, Våtmark (V) - Har betydelse;NT;B2ab(ii,iii,iv,v)
200488;19120;Cheilosia himantopus;tidig skråpblomfluga;Art;13;Skog (S) - Stor betydelse, Våtmark (V) - Stor betydelse, Urban miljö (U) - Har betydelse;NT;D2
200499;19134;Cheilosia nebulosa;väddblomfluga;Art;46;Jordbrukslandskap (J) - Stor betydelse, Skog (S) - Har betydelse, Våtmark (V) - Har betydelse;NT;B2ab(ii,iii,iv,v)
102532;19160;Pelecocera lusitanica;dynöronblomfluga;Art;28;Havsstrand (H) - Stor betydelse, Jordbrukslandskap (J) - Har betydelse, Skog (S) - Har betydelse, Urban miljö (U) - Har betydelse;NT;B2ab(iii)
101706;19167;Rhingia rostrata;hagnäbbfluga;Art;6;Jordbrukslandskap (J) - Stor betydelse, Skog (S) - Stor betydelse;RE;
200443;19178;Blera eoa;svart stubblomfluga;Art;1;Skog (S) - Stor betydelse;EN;B1ab(iii)c(iv)+2ab(iii)c(iv)
6009361;19185;Brachypalpus valgus;större mulmblomfluga;Art;15;Jordbrukslandskap (J) - Stor betydelse, Skog (S) - Har betydelse;VU;B2ab(iii)
200457;19187;Caliprobola speciosa;praktblomfluga;Art;1;Skog (S) - Stor betydelse;EN;B1ac(iv)+2ac(iv)
102529;19189;Chalcosyrphus jacobsoni;nordlig mulmblomfluga;Art;9;Skog (S) - Stor betydelse, Våtmark (V) - Har betydelse;VU;B2ab(i,ii,iii,iv,v)
102530;19190;Chalcosyrphus nigripes;svart mulmblomfluga;Art;6;Skog (S) - Stor betydelse, Våtmark (V) - Stor betydelse;VU;B2ab(iii,iv,v)
100504;19198;Criorhina floccosa;ullhårig pälsblomfluga;Art;73;Jordbrukslandskap (J) - Stor betydelse, Skog (S) - Stor betydelse, Urban miljö (U) - Har betydelse;VU;B2ab(ii,iii,iv)c(iv)
6009362;19199;Criorhina pachymera;tjockbent pälsblomfluga;Art;16;Skog (S) - Stor betydelse;NT;B1ab(iii)+2ab(iii)
101605;19206;Pocota personata;jordhumlefluga;Art;152;Jordbrukslandskap (J) - Stor betydelse, Skog (S) - Stor betydelse, Urban miljö (U) - Har betydelse;NT;B2ab(iii)
101637;19208;Psarus abdominalis;blodblomfluga;Art;9;Jordbrukslandskap (J) - Stor betydelse, Skog (S) - Stor betydelse;RE;
101807;19210;Sphecomyia vespiformis;tajgablomfluga;Art;20;Skog (S) - Stor betydelse, Våtmark (V) - Har betydelse;VU;B2ab(iii,iv,v)
102554;19228;Xylota abiens;bokvedblomfluga;Art;51;Skog (S) - Stor betydelse, Jordbrukslandskap (J) - Har betydelse, Urban miljö (U) - Har betydelse, Våtmark (V) - Har betydelse;NT;B2ab(iii,iv,v)
102555;19229;Xylota suecica;svart vedblomfluga;Art;9;Skog (S) - Stor betydelse, Våtmark (V) - Stor betydelse;NT;B2ab(iii)
102556;19230;Xylota xanthocnema;alléblomfluga;Art;13;Urban miljö (U) - Stor betydelse, Jordbrukslandskap (J) - Har betydelse, Skog (S) - Har betydelse;VU;B1ab(iii,iv,v)+2ab(iii,iv,v)
200830;19239;Xylota triangularis;granvedblomfluga;Art;11;Skog (S) - Stor betydelse, Våtmark (V) - Har betydelse;NT;B2ab(iii)
200662;19245;Microdon devius;tuvmyreblomfluga;Art;7;Jordbrukslandskap (J) - Stor betydelse;NT;B2ab(iii,v)
102533;19261;Chrysotoxum elegans;praktgetingfluga;Art;44;Jordbrukslandskap (J) - Stor betydelse;VU;B1b(iii,v)c(iv)+2b(iii,v)c(iv)
100646;19264;Chrysotoxum lineare;smal getingfluga;Art;3;Våtmark (V) - Stor betydelse, Jordbrukslandskap (J) - Har betydelse;RE;
102534;19265;Chrysotoxum octomaculatum;åttafläckig getingfluga;Art;77;Jordbrukslandskap (J) - Stor betydelse, Havsstrand (H) - Har betydelse, Skog (S) - Har betydelse;NT;B2b(i,ii,iii,iv,v)c(iv)
200723;19284;Platycheirus chilosia;svart fotblomfluga;Art;1;Fjäll (F) - Stor betydelse;NT;B1ab(i,ii,iii)+2ab(i,ii,iii)
200725;19286;Platycheirus discimanus;tidig fotblomfluga;Art;36;Skog (S) - Stor betydelse, Våtmark (V) - Stor betydelse;NT;B2ab(iii)
200738;19298;Platycheirus lundbecki;starrfotblomfluga;Art;7;Fjäll (F) - Stor betydelse, Jordbrukslandskap (J) - Stor betydelse, Våtmark (V) - Stor betydelse;NT;B1ab(iii)+2ab(iii)
234640;19314;Platycheirus sticticus;dvärgfotblomfluga;Art;2;Jordbrukslandskap (J) - Stor betydelse, Skog (S) - Stor betydelse;NT;B1ab(iii)+2ab(iii)
102546;19328;Paragus punctulatus;bergstäppblomfluga;Art;19;Fjäll (F) - Stor betydelse, Skog (S) - Har betydelse;NT;B2ab(ii,iii)
200684;19330;Paragus constrictus;dynstäppblomfluga;Art;39;Jordbrukslandskap (J) - Stor betydelse;VU;B2ab(ii,iii)
102536;19344;Dasysyrphus nigricornis;polarskogsblomfluga;Art;8;Skog (S) - Stor betydelse;NT;B1ab(i,ii,iii,iv)+2ab(i,ii,iii,iv)
100861;19356;Doros profuges;kronblomfluga;Art;111;Jordbrukslandskap (J) - Stor betydelse, Skog (S) - Har betydelse;NT;B2b(i,ii,iii)
200595;19377;Eupeodes abiskoensis;fjällfältblomfluga;Art;5;Fjäll (F) - Stor betydelse, Skog (S) - Stor betydelse;NT;B1ab(i,ii,iii,iv)+2ab(i,ii,iii,iv)
200610;19393;Eupeodes tirolensis;alpfältblomfluga;Art;2;Skog (S) - Stor betydelse, Fjäll (F) - Har betydelse;VU;"B2ab(i,ii,iii,iv); D2"
239456;19654;Chrysops rufipes;;Art;41;Sötvatten (L) - Stor betydelse, Våtmark (V) - Stor betydelse, Jordbrukslandskap (J) - Har betydelse;VU;B2ab(i,ii,iii,iv,v)
102080;19658;Haematopota bigoti;Bigots regnbroms;Art;6;Havsstrand (H) - Stor betydelse, Jordbrukslandskap (J) - Stor betydelse;EN;B1ab(ii,iii,iv,v)c(iv)+2ab(ii,iii,iv,v)c(iv)
102081;19659;Haematopota grandis;större regnbroms;Art;0;Jordbrukslandskap (J) - Stor betydelse, Våtmark (V) - Har betydelse;RE;
102082;19660;Haematopota subcylindrica;blekvingad regnbroms;Art;14;Jordbrukslandskap (J) - Stor betydelse, Våtmark (V) - Har betydelse;VU;B2ab(ii,iii,iv,v)
239459;19661;Haematopota crassicornis;;Art;36;Jordbrukslandskap (J) - Stor betydelse, Våtmark (V) - Stor betydelse;NT;B2ab(i,ii,iii,iv,v)
102076;19675;Hybomitra expollicata;saltfäbroms;Art;11;Jordbrukslandskap (J) - Stor betydelse, Sötvatten (L) - Stor betydelse, Våtmark (V) - Stor betydelse, Havsstrand (H) - Har betydelse;VU;B2ab(iii,iv)c(iv)
102077;19690;Tabanus autumnalis;höstbroms;Art;105;Jordbrukslandskap (J) - Stor betydelse, Sötvatten (L) - Stor betydelse, Våtmark (V) - Stor betydelse;VU;B2ab(ii,iii,iv,v)c(iv)
102078;19694;Tabanus glaucopis;blankpannad kalögonbroms;Art;49;Jordbrukslandskap (J) - Stor betydelse, Sötvatten (L) - Stor betydelse, Våtmark (V) - Stor betydelse, Skog (S) - Har betydelse;VU;B2b(ii,iii)c(iv)
102079;19696;Tabanus miki;Miks kalögonbroms;Art;30;Skog (S) - Stor betydelse, Våtmark (V) - Stor betydelse, Jordbrukslandskap (J) - Har betydelse, Sötvatten (L) - Har betydelse;VU;B2ab(i,ii,iii,iv,v)
241027;19792;Palloptera bimaculata;;Art;4;Jordbrukslandskap (J) - Stor betydelse, Skog (S) - Stor betydelse, Urban miljö (U) - Stor betydelse;NT;B2ab(ii,iii,iv)
250239;19797;Palloptera flava;;Art;2;Skog (S) - Stor betydelse;NT;B2ab(ii,iii,iv)
241025;19799;Temnosira ambusta;;Art;3;Skog (S) - Stor betydelse, Jordbrukslandskap (J) - Har betydelse;NT;B2ab(i,ii,iii,iv)
241090;19864;Actinoptera discoidea;;Art;126;Jordbrukslandskap (J) - Stor betydelse, Urban miljö (U) - Har betydelse;NT;B1b(iii)+2b(iii)
241098;19875;Campiglossa irrorata;;Art;6;Jordbrukslandskap (J) - Stor betydelse, Urban miljö (U) - Stor betydelse;NT;B2ab(iii,iv)
241112;19897;Dithryca guttularis;;Art;67;Jordbrukslandskap (J) - Stor betydelse, Urban miljö (U) - Har betydelse;NT;B2ab(iii)
241118;19908;Heringina guttata;;Art;189;Jordbrukslandskap (J) - Stor betydelse, Urban miljö (U) - Har betydelse;NT;B2b(i,ii,iii,iv)
241122;19917;Orellia scorzonerae;;Art;85;Jordbrukslandskap (J) - Stor betydelse;NT;B2ab(iii)
241124;19920;Oxyna flavipennis;;Art;18;Jordbrukslandskap (J) - Stor betydelse, Urban miljö (U) - Stor betydelse;VU;B2ab(i,ii,iii,iv)
241125;19921;Oxyna nebulosa;;Art;58;Jordbrukslandskap (J) - Stor betydelse;NT;B2ab(iii)
241128;19926;Platyparea discoidea;;Art;62;Skog (S) - Stor betydelse, Jordbrukslandskap (J) - Har betydelse;NT;B2ab(iii)
241137;19942;Tephritis arnicae;;Art;146;Jordbrukslandskap (J) - Stor betydelse;EN;B2ab(iii)
241143;19948;Tephritis fallax;;Art;7;Jordbrukslandskap (J) - Stor betydelse, Urban miljö (U) - Har betydelse;VU;B1ab(iii,iv)+2ab(iii,iv)
241161;19971;Urophora aprica;;Art;2;Jordbrukslandskap (J) - Stor betydelse;CR (PRE);B2ab(iii,iv)
241061;19989;Herina oscillans;;Art;5;Våtmark (V) - Stor betydelse, Jordbrukslandskap (J) - Har betydelse;VU;B2ab(i,ii,iii,iv)
241062;19990;Herina paludum;;Art;41;Jordbrukslandskap (J) - Stor betydelse, Skog (S) - Har betydelse, Urban miljö (U) - Har betydelse, Våtmark (V) - Har betydelse;NT;B2ab(i,ii,iii,iv)
241065;19994;Homalocephala albitarsis;;Art;44;Skog (S) - Stor betydelse, Jordbrukslandskap (J) - Har betydelse;VU;B2ab(i,ii,iii,iv)
241067;19996;Homalocephala apicalis;;Art;44;Skog (S) - Stor betydelse, Jordbrukslandskap (J) - Har betydelse;VU;B2ab(i,ii,iii,iv)
241068;19997;Homalocephala bimaculata;;Art;32;Skog (S) - Stor betydelse, Jordbrukslandskap (J) - Har betydelse;NT;B2ab(i,ii,iii,iv)
241081;20015;Pseudotephritis corticalis;;Art;23;Skog (S) - Stor betydelse, Jordbrukslandskap (J) - Har betydelse;NT;B2ab(i,ii,iii,iv)
102002;20028;Xylophagus inermis;nordvedfluga;Art;28;Skog (S) - Stor betydelse;VU;B2ab(ii,iii,iv)
236293;20030;Xylophagus junki;;Art;33;Skog (S) - Stor betydelse;VU;B2ab(ii,iii,iv,v)
100678;20034;Coenomyia ferruginea;stinkfluga;Art;29;Skog (S) - Stor betydelse, Jordbrukslandskap (J) - Har betydelse;EN;B1ab(i,ii,iv)+2ab(i,ii,iv)
102067;20059;Bibio fulvicollis;svartbent hårmygga;Art;23;Jordbrukslandskap (J) - Stor betydelse, Skog (S) - Har betydelse;VU;B2ab(i,ii,iii,iv,v)
249886;20071;Bibio siebkei;;Art;13;Fjäll (F) - Stor betydelse;NT;B2ab(iii)
102069;20073;Bibio venosus;smalbent hårmygga;Art;7;Skog (S) - Stor betydelse, Jordbrukslandskap (J) - Har betydelse, Våtmark (V) - Har betydelse;NT;B1ab(i,ii)+2ab(i,ii)
249890;20078;Dilophus humeralis;;Art;50;Jordbrukslandskap (J) - Stor betydelse, Skog (S) - Har betydelse;NT;B1ab(i,ii,iii,iv)+2ab(i,ii,iii,iv)
101497;21703;Pachyneura fasciata;urskogsmygga;Art;13;Skog (S) - Stor betydelse;VU;B2ab(ii,iii,iv)
102065;21824;Ptychoptera longicauda;slank glansmygga;Art;12;Skog (S) - Stor betydelse, Sötvatten (L) - Stor betydelse, Våtmark (V) - Stor betydelse;NT;B2a
102075;21832;Hyperoscelis eximia;reliktmygga;Art;12;Skog (S) - Stor betydelse;VU;B2ab(ii,iii,iv)
6332411;21833;Hyperoscelis veternosa;;Art;0;Skog (S) - Stor betydelse;VU;B2ab(i,ii,iii,iv)
250140;21836;Synneuron annulipes;;Art;19;Skog (S) - Stor betydelse;NT;B2ab(ii,iii,iv,v)
250141;23104;Ditomyia fasciata;bandvingad hårvingsmygga;Art;2;Skog (S) - Stor betydelse;VU;B2ab(i,ii,iii,iv)
250143;23107;Symmerus nobilis;;Art;14;Skog (S) - Stor betydelse;NT;B2ab(iii)
232182;23118;Rocetelion humerale;;Art;21;Skog (S) - Stor betydelse;NT;B2ab(i,ii,iii)
232165;23124;Asindulum nigrum;;Art;30;Våtmark (V) - Stor betydelse, Jordbrukslandskap (J) - Har betydelse, Skog (S) - Har betydelse;VU;B2ab(iii)
232170;23131;Macrorrhyncha rostrata;;Art;7;Skog (S) - Stor betydelse, Våtmark (V) - Har betydelse;NT;B2ab(iii)
232183;23157;Rutylapa ruficornis;;Art;8;Våtmark (V) - Stor betydelse, Jordbrukslandskap (J) - Har betydelse, Skog (S) - Har betydelse, Urban miljö (U) - Har betydelse;VU;B2ac(iv)
232185;23160;Urytalpa trivittata;;Art;2;Skog (S) - Stor betydelse, Våtmark (V) - Har betydelse;VU;B2ab(ii,iii,iv)c(iv)
249413;23161;Urytalpa atriceps;;Art;1;Skog (S) - Stor betydelse, Våtmark (V) - Har betydelse;NT;B1ab(iii)
249419;23173;Macrocera grandis;;Art;1;Skog (S) - Stor betydelse, Urban miljö (U) - Stor betydelse;NT;B2ab(iii)
249425;23182;Macrocera pumilio;;Art;2;Skog (S) - Stor betydelse;NT;B2ab(i,ii,iii,iv)
102060;24454;Diogma caudata;nordlig strimharkrank;Art;10;Skog (S) - Stor betydelse, Sötvatten (L) - Stor betydelse, Våtmark (V) - Stor betydelse;NT;B2ab(ii,iii,iv,v)
102062;24835;Pedicia littoralis;brun hårögonharkrank;Art;12;Sötvatten (L) - Stor betydelse, Jordbrukslandskap (J) - Har betydelse, Skog (S) - Har betydelse, Våtmark (V) - Har betydelse;VU;D2
232163;24852;Ctenophora ornata;;Art;23;Skog (S) - Stor betydelse, Jordbrukslandskap (J) - Har betydelse, Urban miljö (U) - Har betydelse;VU;D2
102023;24855;Ctenophora guttata;gulprickig vedharkrank;Art;67;Skog (S) - Stor betydelse, Jordbrukslandskap (J) - Har betydelse;NT;B2ab(ii,iii,v)
102024;24856;Ctenophora nigriceps;gulfläckig vedharkrank;Art;6;Skog (S) - Stor betydelse;NT;B2ab(iv)
102027;24874;Nephrotoma croceiventris;mörk strimharkrank;Art;7;Jordbrukslandskap (J) - Stor betydelse, Våtmark (V) - Stor betydelse, Sötvatten (L) - Har betydelse;VU;B1ab(ii,iii)+2ab(ii,iii)
102028;24881;Nephrotoma lundbecki;;Art;2;Fjäll (F) - Stor betydelse, Sötvatten (L) - Har betydelse, Våtmark (V) - Har betydelse;VU;B1ab(ii,iii)+2ab(ii,iii)
102029;24887;Nephrotoma quadristriata;dynstrimharkrank;Art;20;Havsstrand (H) - Stor betydelse, Skog (S) - Har betydelse, Sötvatten (L) - Har betydelse, Våtmark (V) - Har betydelse;VU;B2ab(i,iii)c(iv)
102025;24899;Phoroctenia vittata;svartstrimmad vedharkrank;Art;6;Skog (S) - Stor betydelse;VU;B2ab(iii)
102059;24930;Tipula obscuriventris;stor bäckharkrank;Art;4;Sötvatten (L) - Stor betydelse, Fjäll (F) - Har betydelse, Våtmark (V) - Har betydelse;NT;B2a
102049;24955;Tipula siebkei;;Art;26;Skog (S) - Stor betydelse, Jordbrukslandskap (J) - Har betydelse, Urban miljö (U) - Har betydelse;NT;B2ab(ii)
102058;24960;Tipula autumnalis;stumpvingeharkrank;Art;11;Skog (S) - Stor betydelse, Jordbrukslandskap (J) - Har betydelse, Sötvatten (L) - Har betydelse, Våtmark (V) - Har betydelse;VU;B1ab(ii,iii)+2ab(ii,iii)
102051;24971;Tipula kaisilai;;Art;2;Skog (S) - Stor betydelse, Fjäll (F) - Har betydelse, Sötvatten (L) - Har betydelse;NT;B2ab(iii)
102036;25011;Tipula zonaria;mindre ringhornsharkrank;Art;7;Skog (S) - Stor betydelse, Våtmark (V) - Har betydelse;VU;B2ab(ii,iii)
102038;25030;Tipula sintenisi;;Art;8;Sötvatten (L) - Stor betydelse, Våtmark (V) - Stor betydelse, Skog (S) - Har betydelse;NT;B2ab(ii)
225948;25107;Baetis liebenauae;;Art;129;Sötvatten (L) - Stor betydelse, Våtmark (V) - Stor betydelse, Skog (S) - Har betydelse;NT;B2ab(iii)
102882;25125;Cloeon schoenemundi;;Art;4;Sötvatten (L) - Stor betydelse, Våtmark (V) - Stor betydelse, Jordbrukslandskap (J) - Har betydelse, Skog (S) - Har betydelse;VU;D2
100502;25135;Brachycercus harrisella;hornslamslända;Art;43;Sötvatten (L) - Stor betydelse, Våtmark (V) - Stor betydelse, Skog (S) - Har betydelse;VU;B2ab(iii)
102881;25140;Caenis macrura;;Art;11;Sötvatten (L) - Stor betydelse, Våtmark (V) - Stor betydelse, Skog (S) - Har betydelse;NT;B2a
6051177;25152;Ephemera lineata;;Art;3;Sötvatten (L) - Stor betydelse, Våtmark (V) - Stor betydelse;VU;D2
102883;25154;Ephemera glaucops;;Art;57;Sötvatten (L) - Stor betydelse, Våtmark (V) - Stor betydelse, Skog (S) - Har betydelse;NT;B2ab(ii)
225979;25160;Electrogena affinis;;Art;3;Sötvatten (L) - Stor betydelse, Våtmark (V) - Stor betydelse, Skog (S) - Har betydelse;VU;B2ab(iii)
101707;25167;Rhithrogena germanica;;Art;641;Sötvatten (L) - Stor betydelse, Våtmark (V) - Stor betydelse, Skog (S) - Har betydelse;NT;B2b(iii)
101063;25170;Kageronia orbiticola;;Art;21;Sötvatten (L) - Stor betydelse, Våtmark (V) - Stor betydelse, Skog (S) - Har betydelse;VU;B2ab(ii,iii,iv)
101634;25189;Prosopistoma pennigerum;;Art;2;Sötvatten (L) - Stor betydelse, Våtmark (V) - Stor betydelse, Skog (S) - Har betydelse;RE;
101785;25197;Siphlonurus armatus;;Art;101;Sötvatten (L) - Stor betydelse, Våtmark (V) - Stor betydelse, Jordbrukslandskap (J) - Har betydelse, Skog (S) - Har betydelse;NT;B2b(iii)
234554;25212;Neophilaenus campestris;;Art;29;Jordbrukslandskap (J) - Stor betydelse, Urban miljö (U) - Har betydelse;NT;B2ab(iii)
234697;25242;Anoscopus histrionicus;;Art;1;Jordbrukslandskap (J) - Stor betydelse;EN;B2ab(iii,v)
234868;25277;Allygus maculatus;;Art;29;Jordbrukslandskap (J) - Stor betydelse, Skog (S) - Stor betydelse;NT;B2ab(iii)
234909;25329;Limotettix atricapillus;;Art;4;Våtmark (V) - Stor betydelse;VU;B2ab(iii)
232128;25337;Mocydiopsis parvicauda;;Art;6;Jordbrukslandskap (J) - Stor betydelse;EN;B1ab(iii,iv)+2ab(iii,iv)
234830;25377;Balclutha boica;;Art;39;Jordbrukslandskap (J) - Stor betydelse, Våtmark (V) - Stor betydelse;NT;D2
234826;25384;Coryphaelus gyllenhalii;;Art;12;Havsstrand (H) - Stor betydelse, Våtmark (V) - Stor betydelse;NT;B2ab(ii,iii,iv)
234852;25429;Sonronius anderi;;Art;2;Jordbrukslandskap (J) - Stor betydelse;NT;B2ab(iii)
234926;25489;Parapotes reticulatus;;Art;15;Våtmark (V) - Stor betydelse, Havsstrand (H) - Har betydelse;NT;B2ab(iii)
234732;25617;Wagneriala minima;;Art;0;Jordbrukslandskap (J) - Stor betydelse;VU;B2ab(i,iii)
234757;25620;Chlorita dumosa;;Art;1;Jordbrukslandskap (J) - Stor betydelse;EN;B2ab(iii,iv)c(iv)
234754;25631;Kyboasca bipunctata;;Art;19;Jordbrukslandskap (J) - Stor betydelse, Urban miljö (U) - Stor betydelse, Skog (S) - Har betydelse;NT;B2b(iii)
234771;25685;Edwardsiana ishidai;;Art;8;Jordbrukslandskap (J) - Stor betydelse, Urban miljö (U) - Stor betydelse, Skog (S) - Har betydelse;NT;B2b(iii)
234775;25691;Edwardsiana plebeja;;Art;27;Urban miljö (U) - Stor betydelse, Skog (S) - Har betydelse;NT;B2b(iii)
250388;25701;Edwardsiana ulmiphagus;;Art;60;Urban miljö (U) - Stor betydelse, Skog (S) - Har betydelse;NT;B2b(iii)
234600;25805;Calligypona reyi;;Art;2;Våtmark (V) - Stor betydelse;NT;B2ab(iii)
234611;25842;Florodelphax paryphasma;;Art;0;Jordbrukslandskap (J) - Stor betydelse, Våtmark (V) - Stor betydelse;NT;B2ab(iii)
234596;25887;Paraliburnia adela;;Art;2;Våtmark (V) - Stor betydelse;NT;B2ab(iii)
234597;25888;Paraliburnia clypealis;;Art;2;Jordbrukslandskap (J) - Stor betydelse, Våtmark (V) - Stor betydelse;VU;B2ab(iii)
234568;25911;Anakelisia fasciata;;Art;1;Jordbrukslandskap (J) - Stor betydelse, Våtmark (V) - Stor betydelse;VU;B2ab(iii)
102603;25944;Anthocoris amplicollis;;Art;2;Jordbrukslandskap (J) - Stor betydelse;EN;B2ab(iii)
101245;26010;Loricula ruficeps;liten kulskinnbagge;Art;0;Skog (S) - Stor betydelse;EN;B1ab(iii)+2ab(iii)
226180;26047;Deraeocoris punctulatus;;Art;1;Jordbrukslandskap (J) - Stor betydelse;EN;B2ab(v)
100157;26053;Acetropis gimmerthalii;sydlig gräsängsskinnbagge;Art;24;Jordbrukslandskap (J) - Stor betydelse;VU;D2
101277;26111;Megacoelum infusum;ädellövskinnbagge;Art;65;Skog (S) - Stor betydelse, Jordbrukslandskap (J) - Har betydelse;NT;B2a
101618;26160;Polymerus vulneratus;;Art;58;Jordbrukslandskap (J) - Stor betydelse;NT;B1b(i,ii,iii,iv)+2b(i,ii,iii,iv)
226273;26180;Trigonotylus psammaecolor;;Art;1;Havsstrand (H) - Stor betydelse;NT;B1ab(i,ii,iii,iv)+2ab(i,ii,iii,iv)
101928;26181;Trigonotylus pulchellus;grågrön gräsängsskinnbagge;Art;4;Jordbrukslandskap (J) - Stor betydelse;EN;B1ab(ii,iii)+2ab(ii,iii)
101036;26208;Halticus luteicollis;gulhalsad ängsskinnbagge;Art;24;Skog (S) - Stor betydelse;EN;B1ab(i,ii,iv)+2ab(i,ii,iv)
101472;26225;Orthocephalus vittipennis;vitstrimmig ängsskinnbagge;Art;1;Jordbrukslandskap (J) - Stor betydelse;EN;B2ab(iii)
100254;26255;Amblytylus albidus;borsttåtelskinnbagge;Art;110;Jordbrukslandskap (J) - Stor betydelse;NT;B2b(ii,iii)
226338;26273;Chlamydatus opacus;;Art;4;Fjäll (F) - Stor betydelse;NT;B2ab(i,ii,iii,iv)
100707;26282;Conostethus roseus;;Art;18;Jordbrukslandskap (J) - Stor betydelse;EN;B2ac(iv)
226358;26310;Monosynamma maritimum;;Art;5;Havsstrand (H) - Stor betydelse;NT;D2
101451;26313;Oncotylus viridiflavus;väddklintskinnbagge;Art;41;Jordbrukslandskap (J) - Stor betydelse;NT;B1a+2a
226371;26338;Psallodema fieberi;;Art;11;Skog (S) - Stor betydelse;NT;B2b(iii)
100566;26391;Catoplatus fabricii;prästkrageskinnbagge;Art;58;Jordbrukslandskap (J) - Stor betydelse;EN;B2ab(iii)
100984;26403;Galeatus spinifrons;;Art;2;Jordbrukslandskap (J) - Stor betydelse, Urban miljö (U) - Har betydelse;VU;B2ab(iii)
101961;26486;Velia saulii;mörk bäcklöpare;Art;13;Sötvatten (L) - Stor betydelse, Våtmark (V) - Stor betydelse, Urban miljö (U) - Har betydelse;NT;B2ab(iii)
101727;26535;Saldula melanoscela;sandpölskinnbagge;Art;4;Urban miljö (U) - Stor betydelse, Våtmark (V) - Stor betydelse;EN;B1ab(iii)c(iv)+2ab(iii)c(iv)
101780;26579;Sigara hellensii;bäckbuksimmare;Art;55;Sötvatten (L) - Stor betydelse, Våtmark (V) - Stor betydelse;NT;B2ab(iii)
101326;26597;Micronecta griseola;blek dvärgbuksimmare;Art;15;Sötvatten (L) - Stor betydelse, Våtmark (V) - Stor betydelse, Jordbrukslandskap (J) - Har betydelse;NT;B2ab(iii)
100291;26633;Aneurus laevis;slät lövbarkskinnbagge;Art;18;Skog (S) - Stor betydelse;VU;B2ab(ii,iii)
100379;26635;Aradus angularis;spetshörnad barkskinnbagge;Art;36;Skog (S) - Stor betydelse;VU;B2ac(i,ii,iv)
100380;26636;Aradus aterrimus;svart barkskinnbagge;Art;0;Skog (S) - Stor betydelse;RE;
100381;26639;Aradus bimaculatus;tvåfläckig barkskinnbagge;Art;30;Skog (S) - Stor betydelse;NT;B2ab(iii)
100384;26646;Aradus erosus;franstandad barkskinnbagge;Art;51;Skog (S) - Stor betydelse;EN;B2ab(iii)
226421;26647;Aradus frigidus;;Art;9;Jordbrukslandskap (J) - Stor betydelse;VU;D2
100385;26648;Aradus laeviusculus;slät barkskinnbagge;Art;14;Skog (S) - Stor betydelse;EN;B2ab(iii)c(iv)
100386;26651;Aradus signaticornis;vithornad barkskinnbagge;Art;41;Skog (S) - Stor betydelse;EN;B2ab(iii)c(iv)
100387;26652;Aradus truncatus;mindre aspbarkskinnbagge;Art;54;Skog (S) - Stor betydelse;NT;B2ab(iii)
100834;26723;Dimorphopterus spinolae;mörk dyngrässkinnbagge;Art;37;Havsstrand (H) - Stor betydelse;VU;D2
101529;26831;Peritrechus lundii;;Art;23;Jordbrukslandskap (J) - Stor betydelse;EN;B2ab(i,ii,iii,iv,v)
101975;26875;Xanthochilus quadratus;;Art;38;Jordbrukslandskap (J) - Stor betydelse, Skog (S) - Har betydelse;EN;B2ab(i,ii)
101766;26894;Canthophorus impressus;spindelörtskinnbagge;Art;348;Jordbrukslandskap (J) - Stor betydelse;NT;B2b(iii)
100186;26899;Microporus nigrita;svart sandtaggbening;Art;0;Jordbrukslandskap (J) - Stor betydelse;EN;B2ab(i,ii,iii,iv)
100181;26927;Aelia rostrata;större spetsnäsa;Art;0;Jordbrukslandskap (J) - Stor betydelse;CR (PRE);B1ab(i,ii,iii,iv,v)+2ab(i,ii,iii,iv,v)
236137;28304;Xiphydria betulae;;Art;2;Skog (S) - Stor betydelse;NT;D1
249012;28378;Abia candens;;Art;4;Jordbrukslandskap (J) - Stor betydelse, Skog (S) - Har betydelse;NT;B2b(iii)
249011;28383;Abia sericea;väddstekel;Art;24;Jordbrukslandskap (J) - Stor betydelse, Skog (S) - Har betydelse, Våtmark (V) - Har betydelse;NT;B2b(iii)
261299;28389;Cimbex fagi;;Art;0;Skog (S) - Stor betydelse;NT;D2
249022;28400;Pseudoclavellaria amerinae;;Art;3;Skog (S) - Stor betydelse;RE;
103096;29336;Andrena batava;batavsandbi;Art;104;Jordbrukslandskap (J) - Stor betydelse, Urban miljö (U) - Stor betydelse, Havsstrand (H) - Har betydelse, Skog (S) - Har betydelse, Våtmark (V) - Har betydelse;VU;B2ab(ii,iii,iv)c(iv)
102664;29338;Andrena bimaculata;rapssandbi;Art;197;Jordbrukslandskap (J) - Stor betydelse, Skog (S) - Har betydelse, Urban miljö (U) - Har betydelse;NT;B2a
103124;29339;Andrena bluethgeni;dådresandbi;Art;30;Jordbrukslandskap (J) - Stor betydelse, Urban miljö (U) - Har betydelse;CR;C2a(i)
102665;29341;Andrena chrysopyga;stäppsandbi;Art;0;Jordbrukslandskap (J) - Stor betydelse;CR;C2a(i)
103123;29345;Andrena coitana;fröjdsandbi;Art;306;Jordbrukslandskap (J) - Stor betydelse, Skog (S) - Har betydelse, Urban miljö (U) - Har betydelse;NT;B2b(i,ii,iv,v)
100284;29346;Andrena curvungula;blåklockesandbi;Art;174;Jordbrukslandskap (J) - Stor betydelse, Skog (S) - Har betydelse;NT;B1b(iii)c(iv)+2b(iii)c(iv)
102663;29348;Andrena dorsata;ryggsandbi;Art;2;Jordbrukslandskap (J) - Stor betydelse, Skog (S) - Har betydelse;RE;
100283;29356;Andrena gallica;raggsandbi;Art;2;Jordbrukslandskap (J) - Stor betydelse;RE;
102667;29357;Andrena gelriae;väpplingsandbi;Art;55;Jordbrukslandskap (J) - Stor betydelse, Urban miljö (U) - Har betydelse;EN;B2ab(i,ii,iii)
103137;29358;Andrena gravida;fruktsandbi;Art;9;Jordbrukslandskap (J) - Stor betydelse, Skog (S) - Har betydelse, Urban miljö (U) - Har betydelse;VU°;D
100285;29362;Andrena humilis;slåttersandbi;Art;590;Jordbrukslandskap (J) - Stor betydelse, Urban miljö (U) - Stor betydelse;VU;B2ab(i,iii,iv)
103125;29371;Andrena morawitzi;fältsandbi;Art;14;Jordbrukslandskap (J) - Stor betydelse, Urban miljö (U) - Har betydelse, Våtmark (V) - Har betydelse;CR (PRE);"B1ab(ii,iii,iv,v)c(iv)+2ab(ii,iii,iv,v)c(iv); D"
103119;29372;Andrena nanula;dvärgsandbi;Art;40;Jordbrukslandskap (J) - Stor betydelse, Urban miljö (U) - Har betydelse;VU;B2ab(ii,iii,iv,v)
102673;29375;Andrena nigrospina;sotsandbi;Art;424;Jordbrukslandskap (J) - Stor betydelse, Urban miljö (U) - Stor betydelse;VU;B2b(ii)c(iv)
103113;29376;Andrena nitida;nyponsandbi;Art;140;Jordbrukslandskap (J) - Stor betydelse, Skog (S) - Har betydelse, Urban miljö (U) - Har betydelse;NT;B2ab(iii,v)
102672;29377;Andrena niveata;franssandbi;Art;15;Havsstrand (H) - Stor betydelse, Jordbrukslandskap (J) - Stor betydelse;EN;"B1ac(iv)+2ac(iv); D"
103127;29378;Andrena nycthemera;flodsandbi;Art;118;Urban miljö (U) - Stor betydelse, Jordbrukslandskap (J) - Har betydelse, Skog (S) - Har betydelse, Våtmark (V) - Har betydelse;VU;D2
103132;29385;Andrena russula;ginstsandbi;Art;162;Jordbrukslandskap (J) - Stor betydelse, Urban miljö (U) - Stor betydelse;VU;B2ab(ii,iii,iv,v)
102674;29389;Andrena thoracica;kustsandbi;Art;24;Havsstrand (H) - Stor betydelse, Jordbrukslandskap (J) - Har betydelse;RE;
102675;29398;Panurgus banksianus;storfibblebi;Art;1308;Jordbrukslandskap (J) - Stor betydelse, Urban miljö (U) - Har betydelse;NT;B2ab(i,ii,iii,iv)
102689;29407;Anthophora plagiata;humlepälsbi;Art;501;Urban miljö (U) - Stor betydelse, Jordbrukslandskap (J) - Har betydelse, Våtmark (V) - Har betydelse;VU;B2ac(iv)
103266;29419;Bombus alpinus;alphumla;Art;486;Fjäll (F) - Stor betydelse;VU;A3c
103267;29420;Bombus balteatus;fjällhumla;Art;835;Fjäll (F) - Stor betydelse, Skog (S) - Stor betydelse, Urban miljö (U) - Har betydelse;NT;A3c+4c
103271;29424;Bombus cingulatus;tajgahumla;Art;773;Skog (S) - Stor betydelse, Jordbrukslandskap (J) - Har betydelse, Urban miljö (U) - Har betydelse, Våtmark (V) - Har betydelse;NT;A3c
102700;29427;Bombus cullumanus;stäpphumla;Art;91;Jordbrukslandskap (J) - Stor betydelse;RE;
102701;29428;Bombus distinguendus;klöverhumla;Art;1403;Jordbrukslandskap (J) - Stor betydelse, Havsstrand (H) - Har betydelse;NT;A2abc
103268;29432;Bombus hyperboreus;tundrahumla;Art;219;Fjäll (F) - Stor betydelse;VU;A3c
103274;29437;Bombus lapponicus;lapphumla;Art;610;Fjäll (F) - Stor betydelse, Skog (S) - Stor betydelse;NT;A3c
103275;29440;Bombus monticola;berghumla;Art;546;Fjäll (F) - Stor betydelse, Skog (S) - Stor betydelse;NT;A3c
102702;29441;Bombus muscorum;mosshumla;Art;936;Jordbrukslandskap (J) - Stor betydelse, Urban miljö (U) - Stor betydelse, Havsstrand (H) - Har betydelse, Skog (S) - Har betydelse, Våtmark (V) - Har betydelse;NT;C1
103264;29451;Bombus pomorum;frukthumla;Art;0;Jordbrukslandskap (J) - Har betydelse, Urban miljö (U) - Har betydelse;RE;
103269;29453;Bombus pyrrhopygus;polarhumla;Art;219;Fjäll (F) - Stor betydelse;VU;"A3c; B2b(ii,iii,v)c(iv)"
103263;29456;Bombus ruderatus;fälthumla;Art;231;Jordbrukslandskap (J) - Stor betydelse, Urban miljö (U) - Har betydelse;RE;
102704;29467;Bombus veteranus;sandhumla;Art;371;Jordbrukslandskap (J) - Stor betydelse, Havsstrand (H) - Har betydelse, Urban miljö (U) - Har betydelse;VU;D1
100478;29476;Biastes truncatus;pärlbi;Art;114;Jordbrukslandskap (J) - Stor betydelse, Skog (S) - Har betydelse;VU;B2ab(ii,iii,iv,v)
101286;29487;Melecta luctuosa;praktsorgbi;Art;21;Jordbrukslandskap (J) - Stor betydelse, Urban miljö (U) - Har betydelse;RE;
101401;29490;Nomada argentata;silvergökbi;Art;184;Jordbrukslandskap (J) - Stor betydelse, Skog (S) - Har betydelse, Urban miljö (U) - Har betydelse, Våtmark (V) - Har betydelse;VU;D1
102691;29491;Nomada armata;väddgökbi;Art;528;Jordbrukslandskap (J) - Stor betydelse;NT;B2b(iii,v)c(iv)
103227;29492;Nomada baccata;sandgökbi;Art;40;Skog (S) - Stor betydelse, Urban miljö (U) - Stor betydelse, Jordbrukslandskap (J) - Har betydelse;EN;B1ab(i,ii,iii,iv,v)+2ab(i,ii,iii,iv,v)
102692;29494;Nomada facilis;fibblegökbi;Art;46;Jordbrukslandskap (J) - Stor betydelse, Skog (S) - Har betydelse, Urban miljö (U) - Har betydelse;EN;B2b(i,ii,iii,iv,v)c(iv)
102694;29502;Nomada fuscicornis;mörkgökbi;Art;176;Jordbrukslandskap (J) - Stor betydelse, Urban miljö (U) - Stor betydelse;NT;D1
102695;29505;Nomada integra;slåttergökbi;Art;0;Jordbrukslandskap (J) - Stor betydelse, Urban miljö (U) - Stor betydelse;EN;D
102697;29511;Nomada obtusifrons;fröjdgökbi;Art;65;Jordbrukslandskap (J) - Har betydelse, Skog (S) - Har betydelse, Urban miljö (U) - Har betydelse;VU;B2ab(i,ii,iv)
101404;29512;Nomada opaca;bryngökbi;Art;80;Jordbrukslandskap (J) - Stor betydelse, Skog (S) - Har betydelse, Urban miljö (U) - Har betydelse;NT;B2ab(iii,iv)
101405;29517;Nomada sexfasciata;storgökbi;Art;2;Jordbrukslandskap (J) - Har betydelse, Urban miljö (U) - Har betydelse;RE;
101406;29520;Nomada similis;ölandsgökbi;Art;182;Jordbrukslandskap (J) - Stor betydelse, Urban miljö (U) - Har betydelse;VU;D1
106770;29524;Nomada subcornuta;fältgökbi;Art;103;Urban miljö (U) - Stor betydelse, Jordbrukslandskap (J) - Har betydelse;VU;D1
103224;29526;Nomada tormentillae;sommargökbi;Art;299;Jordbrukslandskap (J) - Stor betydelse, Urban miljö (U) - Stor betydelse;NT;B2ab(ii,iii)
101102;29558;Hylaeus gracilicornis;slankcitronbi;Art;1;Urban miljö (U) - Stor betydelse, Jordbrukslandskap (J) - Har betydelse, Skog (S) - Har betydelse;RE;
101103;29565;Hylaeus pfankuchi;rörcitronbi;Art;31;Våtmark (V) - Stor betydelse, Jordbrukslandskap (J) - Har betydelse;NT;B2a
102680;29576;Seladonia leucahenea;stäppbandbi;Art;569;Jordbrukslandskap (J) - Stor betydelse, Urban miljö (U) - Har betydelse;VU;B2b(ii,iii,iv,v)c(iv)
102681;29581;Halictus quadricinctus;storbandbi;Art;0;Jordbrukslandskap (J) - Stor betydelse;VU°;D
101033;29583;Halictus sexcinctus;sexbandbi;Art;0;Jordbrukslandskap (J) - Stor betydelse;RE;
103154;29587;Lasioglossum boreale;fjällsmalbi;Art;45;Fjäll (F) - Stor betydelse, Skog (S) - Har betydelse, Urban miljö (U) - Har betydelse;VU;"B2ac(iv); D2"
101171;29588;Lasioglossum brevicorne;stäppsmalbi;Art;201;Jordbrukslandskap (J) - Stor betydelse, Havsstrand (H) - Har betydelse, Urban miljö (U) - Har betydelse;NT;B2ab(iii)
106769;29596;Lasioglossum lucidulum;glanssmalbi;Art;59;Urban miljö (U) - Stor betydelse, Jordbrukslandskap (J) - Har betydelse;NT;D2
232216;29605;Lasioglossum quadrinotatulum;reliktsmalbi;Art;15;Jordbrukslandskap (J) - Stor betydelse, Urban miljö (U) - Stor betydelse, Skog (S) - Har betydelse;EN;"B1ab(ii,iii,v)c(iv)+2ab(ii,iii,v)c(iv); D"
103162;29610;Lasioglossum sexmaculatum;kantsmalbi;Art;214;Jordbrukslandskap (J) - Stor betydelse, Skog (S) - Har betydelse, Urban miljö (U) - Har betydelse;VU;B2ab(iii,iv)
103163;29611;Lasioglossum sexnotatulum;åssmalbi;Art;13;Jordbrukslandskap (J) - Stor betydelse, Urban miljö (U) - Har betydelse;RE;
102682;29617;Lasioglossum xanthopus;rostsmalbi;Art;85;Havsstrand (H) - Har betydelse, Jordbrukslandskap (J) - Har betydelse, Urban miljö (U) - Har betydelse;VU;D1
101806;29623;Sphecodes cristatus;kölblodbi;Art;19;Jordbrukslandskap (J) - Stor betydelse, Urban miljö (U) - Har betydelse;EN;D
248781;29629;Sphecodes longulus;dvärgblodbi;Art;24;Jordbrukslandskap (J) - Stor betydelse, Urban miljö (U) - Har betydelse;NT;D1
106768;29636;Sphecodes spinulosus;taggblodbi;Art;0;Havsstrand (H) - Stor betydelse, Jordbrukslandskap (J) - Har betydelse;EN;"B1ac(iv)+2ac(iv); D"
100869;29640;Dufourea halictula;monkesolbi;Art;275;Jordbrukslandskap (J) - Stor betydelse, Urban miljö (U) - Har betydelse;VU;B2ab(ii,iii,iv)
100868;29641;Dufourea inermis;klocksolbi;Art;112;Jordbrukslandskap (J) - Stor betydelse, Urban miljö (U) - Har betydelse;VU;B2ab(ii,iii,iv)
102677;29642;Dufourea minuta;fibblesolbi;Art;25;Urban miljö (U) - Stor betydelse, Jordbrukslandskap (J) - Har betydelse;CR (PRE);"B1ab(v)c(iv)+2ab(v)c(iv); D"
102683;29644;Rophites quinquespinosus;blomdyrkarbi;Art;15;Jordbrukslandskap (J) - Stor betydelse;RE;
100837;29648;Aglaoapis tridentata;kilbi;Art;154;Jordbrukslandskap (J) - Stor betydelse, Urban miljö (U) - Stor betydelse;NT;B2b(i,iii)
102684;29659;Coelioxys conoideus;storkägelbi;Art;341;Jordbrukslandskap (J) - Stor betydelse, Urban miljö (U) - Stor betydelse, Havsstrand (H) - Har betydelse;VU;D1
100675;29662;Coelioxys lanceolatus;lansettkägelbi;Art;43;Skog (S) - Stor betydelse, Jordbrukslandskap (J) - Har betydelse, Urban miljö (U) - Har betydelse;NT;B2ab(iv)
100676;29664;Coelioxys obtusispina;thomsonkägelbi;Art;227;Jordbrukslandskap (J) - Stor betydelse, Havsstrand (H) - Har betydelse, Urban miljö (U) - Har betydelse;NT;D1
6004667;29670;Hoplitis anthocopoides;stengnagbi;Art;27;Jordbrukslandskap (J) - Stor betydelse, Urban miljö (U) - Stor betydelse;EN;D
103216;29688;Megachile pyrenaea;klinttapetserarbi;Art;462;Jordbrukslandskap (J) - Stor betydelse;NT;B2b(i)
102686;29706;Osmia maritima;havsmurarbi;Art;149;Havsstrand (H) - Stor betydelse, Jordbrukslandskap (J) - Har betydelse, Våtmark (V) - Har betydelse;EN;D
103190;29708;Osmia niveata;klintmurarbi;Art;39;Urban miljö (U) - Stor betydelse, Jordbrukslandskap (J) - Har betydelse, Skog (S) - Har betydelse;RE;
103204;29720;Stelis phaeoptera;stampansarbi;Art;162;Skog (S) - Stor betydelse, Jordbrukslandskap (J) - Har betydelse, Urban miljö (U) - Har betydelse;NT;B2ab(i)
100800;29727;Dasypoda argentata;silverbyxbi;Art;5;Jordbrukslandskap (J) - Stor betydelse, Urban miljö (U) - Har betydelse;RE;
100801;29729;Dasypoda suripes;guldbyxbi;Art;42;Urban miljö (U) - Stor betydelse, Jordbrukslandskap (J) - Har betydelse;RE;
101299;29739;Melitta melanura;storblomsterbi;Art;0;Skog (S) - Stor betydelse, Urban miljö (U) - Stor betydelse, Jordbrukslandskap (J) - Har betydelse;EN;D
6053183;29747;Ampulex fasciata;;Art;11;Skog (S) - Stor betydelse, Jordbrukslandskap (J) - Har betydelse;NT;B1a+2a
234500;29776;Gorytes neglectus;;Art;3;Jordbrukslandskap (J) - Har betydelse, Skog (S) - Har betydelse, Urban miljö (U) - Har betydelse;NT;B2ab(iii)
101005;29778;Gorytes quinquecinctus;;Art;29;Jordbrukslandskap (J) - Stor betydelse, Skog (S) - Har betydelse;NT;B1ab(ii,iii,v)+2ab(ii,iii,v)
101420;29790;Nysson interruptus;;Art;64;Jordbrukslandskap (J) - Stor betydelse, Urban miljö (U) - Stor betydelse;VU;B2ab(ii,iii)
101421;29795;Nysson tridens;;Art;12;Jordbrukslandskap (J) - Stor betydelse, Havsstrand (H) - Har betydelse, Urban miljö (U) - Har betydelse;NT;B1ac(iv)+2ac(iv)
234445;29801;Crabro lapponicus;;Art;160;Skog (S) - Stor betydelse, Jordbrukslandskap (J) - Har betydelse, Urban miljö (U) - Har betydelse;NT;B2b(i,ii,iii,iv)
100725;29802;Crabro maeklini;;Art;12;Fjäll (F) - Stor betydelse, Skog (S) - Har betydelse;VU;B1b(i,ii,iii)c(iv)+2b(i,ii,iii)c(iv)
100729;29827;Crossocerus denticrus;;Art;1;Urban miljö (U) - Stor betydelse, Jordbrukslandskap (J) - Har betydelse;RE;
232211;29830;Crossocerus exiguus;;Art;39;Jordbrukslandskap (J) - Stor betydelse, Skog (S) - Har betydelse;NT;B2ab(iii)
236136;29839;Crossocerus binotatus;;Art;9;Skog (S) - Stor betydelse;NT;D2
100882;29859;Ectemnius fossorius;;Art;17;Skog (S) - Stor betydelse;RE;
101205;29865;Lestica alata;;Art;2;Jordbrukslandskap (J) - Stor betydelse, Urban miljö (U) - Har betydelse;CR (PRE);D
234398;29873;Lindenius pygmaeus;;Art;4;Jordbrukslandskap (J) - Stor betydelse, Urban miljö (U) - Har betydelse;EN;D
102655;29884;Tachysphex fulvitarsis;;Art;57;Havsstrand (H) - Stor betydelse, Urban miljö (U) - Stor betydelse;NT;B2ab(iii)
234388;29890;Tachysphex unicolor;;Art;15;Jordbrukslandskap (J) - Stor betydelse, Urban miljö (U) - Stor betydelse;VU;D2
234378;29904;Oxybelus argentatus;;Art;122;Havsstrand (H) - Stor betydelse, Urban miljö (U) - Stor betydelse, Jordbrukslandskap (J) - Har betydelse;VU;B2ab(iii)
234367;29906;Oxybelus latidens;;Art;6;Jordbrukslandskap (J) - Stor betydelse;CR;D
102654;29909;Oxybelus trispinosus;;Art;7;Urban miljö (U) - Stor betydelse, Jordbrukslandskap (J) - Har betydelse, Skog (S) - Har betydelse;VU;D2
101301;29926;Mellinus crabroneus;;Art;56;Jordbrukslandskap (J) - Stor betydelse, Urban miljö (U) - Har betydelse;EN;B2ab(i,ii,iii,iv)
234341;29934;Diodontus tristis;;Art;140;Jordbrukslandskap (J) - Stor betydelse, Urban miljö (U) - Stor betydelse;NT;B2ab(i,ii,iii,iv)
234350;29952;Pemphredon lethifer;;Art;234;Urban miljö (U) - Stor betydelse, Havsstrand (H) - Har betydelse, Jordbrukslandskap (J) - Har betydelse, Skog (S) - Har betydelse;NT;B2ab(iii)
234349;29953;Pemphredon mortifer;;Art;51;Skog (S) - Stor betydelse, Havsstrand (H) - Har betydelse, Jordbrukslandskap (J) - Har betydelse, Urban miljö (U) - Har betydelse;NT;B2ab(i,iii)
101522;29960;Pemphredon beaumonti;;Art;8;Skog (S) - Stor betydelse;NT;D2
101523;29961;Pemphredon fennica;;Art;1;Skog (S) - Stor betydelse;EN;B1ab(i,ii,iii,iv)+2ab(i,ii,iii,iv)
101335;29988;Mimumesa littoralis;;Art;13;Urban miljö (U) - Stor betydelse, Havsstrand (H) - Har betydelse, Skog (S) - Har betydelse;NT;B2ab(iii)
234317;29989;Mimumesa spooneri;;Art;4;Urban miljö (U) - Stor betydelse, Jordbrukslandskap (J) - Har betydelse;EN;D
101639;29992;Psen ater;;Art;0;Jordbrukslandskap (J) - Har betydelse, Urban miljö (U) - Har betydelse;RE;
101606;30024;Podalonia luffii;;Art;81;Havsstrand (H) - Stor betydelse, Jordbrukslandskap (J) - Har betydelse;VU;B2ab(iii)c(iv)
102630;30082;Chrysis brevitarsis;kortfotad guldstekel;Art;43;Skog (S) - Stor betydelse;NT;B2ab(i,ii,iii)
249907;30088;Chrysis ignita;gnistguldstekel;Art;115;Skog (S) - Stor betydelse, Urban miljö (U) - Stor betydelse, Jordbrukslandskap (J) - Har betydelse;EN;B2ab(i,iii,iv,v)
6005291;30091;Chrysis indigotea;indigoguldstekel;Art;0;Jordbrukslandskap (J) - Stor betydelse, Skog (S) - Har betydelse;RE;
249127;30096;Chrysis mediata;lerguldstekel;Art;45;Jordbrukslandskap (J) - Stor betydelse, Skog (S) - Har betydelse, Urban miljö (U) - Har betydelse;NT;B2ab(iii)
102631;30103;Chrysis scutellaris;solguldstekel;Art;38;Havsstrand (H) - Stor betydelse, Jordbrukslandskap (J) - Stor betydelse, Urban miljö (U) - Har betydelse;VU;D1
249140;30110;Chrysis zetterstedti;nordguldstekel;Art;3;Jordbrukslandskap (J) - Stor betydelse, Skog (S) - Har betydelse;CR;D
249116;30115;Chrysura dichroa;reliktguldstekel;Art;0;Jordbrukslandskap (J) - Stor betydelse, Havsstrand (H) - Har betydelse;RE;
102642;30122;Spinolia unicolor;azurguldstekel;Art;6;Jordbrukslandskap (J) - Stor betydelse, Havsstrand (H) - Har betydelse, Urban miljö (U) - Har betydelse;CR;B1ab(iii)c(iv)+2ab(iii)c(iv)
249148;30127;Elampus constrictus;bred spatelguldstekel;Art;20;Urban miljö (U) - Stor betydelse, Jordbrukslandskap (J) - Har betydelse, Skog (S) - Har betydelse;NT;B2ab(i,ii,iii,iv)
6009027;30128;Elampus foveatus;rakkantad spatelguldstekel;Art;12;Jordbrukslandskap (J) - Har betydelse, Urban miljö (U) - Har betydelse;NT;B2ab(iii)
249147;30154;Philoctetes truncatus;blå glansguldstekel;Art;2;Jordbrukslandskap (J) - Har betydelse, Urban miljö (U) - Har betydelse;EN;B2ab(ii,v)
249113;30162;Cleptes nitidulus;hedguldstekel;Art;22;Urban miljö (U) - Stor betydelse, Jordbrukslandskap (J) - Har betydelse;NT;B2ab(ii,iii)
100536;30234;Camponotus fallax;ekhästmyra;Art;108;Jordbrukslandskap (J) - Stor betydelse, Skog (S) - Stor betydelse;CR;D
102903;30241;Camponotus vagus;sothästmyra;Art;0;Skog (S) - Stor betydelse;RE;
249178;30245;Formica bruni;sydhedmyra;Art;5;Jordbrukslandskap (J) - Stor betydelse;VU;"B1ab(iii)+2ab(iii); D2"
101616;30274;Polyergus rufescens;amasonmyra;Art;157;Jordbrukslandskap (J) - Stor betydelse, Skog (S) - Har betydelse;NT;B2a
101176;30282;Lasius bicornis;stubbjordmyra;Art;3;Skog (S) - Stor betydelse, Jordbrukslandskap (J) - Har betydelse;EN;D
200989;30290;Lasius alienus;hedjordmyra;Art;38;Jordbrukslandskap (J) - Stor betydelse, Skog (S) - Har betydelse, Urban miljö (U) - Har betydelse;NT;B2a
249167;30321;Leptothorax goesswaldi;parasitsmalmyra;Art;2;Skog (S) - Stor betydelse;EN;B1ab(iii,v)+2ab(iii,v)
102899;30353;Solenopsis fugax;tjuvmyra;Art;18;Jordbrukslandskap (J) - Stor betydelse;VU;D1+2
102902;30360;Strongylognathus testaceus;sabelmyra;Art;50;Jordbrukslandskap (J) - Stor betydelse;EN;D
6005222;30366;Temnothorax crassispinus;östsmalmyra;Art;6;Skog (S) - Stor betydelse;NT;B1a+2a
102901;30367;Temnothorax interruptus;hedsmalmyra;Art;35;Havsstrand (H) - Stor betydelse, Jordbrukslandskap (J) - Har betydelse, Urban miljö (U) - Har betydelse;VU;D1
102900;30370;Temnothorax parvulus;busksmalmyra;Art;46;Skog (S) - Stor betydelse;VU;D1
200974;30374;Tetramorium atratulum;gökmyra;Art;7;Jordbrukslandskap (J) - Stor betydelse;NT;B2a
100574;30412;Ceropales variegata;mindre snyltvägstekel;Art;10;Jordbrukslandskap (J) - Stor betydelse, Skog (S) - Har betydelse;EN;B2ab(iii)
102645;30430;Priocnemis agilis;ängsvägstekel;Art;48;Jordbrukslandskap (J) - Stor betydelse, Urban miljö (U) - Har betydelse;NT;B2ab(iii)
234184;30431;Priocnemis confusor;stäppvägstekel;Art;43;Jordbrukslandskap (J) - Stor betydelse, Skog (S) - Stor betydelse;EN;B2ab(ii,iii,iv,v)
101625;30436;Priocnemis minuta;dvärgvägstekel;Art;31;Jordbrukslandskap (J) - Stor betydelse, Urban miljö (U) - Stor betydelse, Skog (S) - Har betydelse;VU;B2ab(ii,iii,iv,v)
100200;30453;Agenioideus ciliatus;rödpannad vägstekel;Art;12;Jordbrukslandskap (J) - Stor betydelse, Havsstrand (H) - Har betydelse, Urban miljö (U) - Har betydelse;EN;B1ab(ii,iii)+2ab(ii,iii)
248749;30456;Anoplius alpinobalticus;kärrvägstekel;Art;6;Våtmark (V) - Stor betydelse, Urban miljö (U) - Har betydelse;NT;B1b(ii,iii,iv,v)+2b(ii,iii,iv,v)
100300;30462;Anoplius aeruginosus;vindvägstekel;Art;45;Havsstrand (H) - Stor betydelse;NT;B2ab(ii,iii,iv)
100371;30466;Aporinellus sexmaculatus;taggvägstekel;Art;85;Jordbrukslandskap (J) - Stor betydelse, Havsstrand (H) - Har betydelse, Skog (S) - Har betydelse, Urban miljö (U) - Har betydelse;VU;B1ab(ii,iii)+2ab(ii,iii)
100374;30470;Arachnospila alvarabnormis;alvarvägstekel;Art;38;Jordbrukslandskap (J) - Stor betydelse, Skog (S) - Har betydelse, Urban miljö (U) - Har betydelse;EN;B2ab(ii,iii,iv,v)
102643;30472;Arachnospila consobrina;dynvägstekel;Art;47;Havsstrand (H) - Stor betydelse;NT;B2ab(ii,iii)
102644;30477;Arachnospila westerlundi;tallmovägstekel;Art;135;Havsstrand (H) - Stor betydelse, Urban miljö (U) - Stor betydelse, Jordbrukslandskap (J) - Har betydelse, Skog (S) - Har betydelse;NT;B2ab(iii)
100375;30480;Arachnospila fuscomarginata;kopparvägstekel;Art;54;Havsstrand (H) - Stor betydelse, Jordbrukslandskap (J) - Stor betydelse, Skog (S) - Har betydelse, Urban miljö (U) - Har betydelse;NT;B2ab(iii)
100905;30488;Entomobora crassitarsis;medelhavsvägstekel;Art;0;Jordbrukslandskap (J) - Har betydelse, Urban miljö (U) - Har betydelse;RE;
100911;30491;Episyron gallicum;svartriddarstekel;Art;1;Urban miljö (U) - Stor betydelse, Jordbrukslandskap (J) - Har betydelse;RE;
100969;30495;Evagetes gibbulus;borstgökstekel;Art;0;Urban miljö (U) - Stor betydelse, Jordbrukslandskap (J) - Har betydelse;CR (PRE);B1ab(i,ii,iii,iv,v)+2ab(i,ii,iii,iv,v)
234274;30504;Evagetes subglaber;koppargökstekel;Art;15;Jordbrukslandskap (J) - Stor betydelse, Urban miljö (U) - Har betydelse;EN;B2ab(iii,iv,v)
100980;30506;Ferreola diffinis;raggarvägstekel;Art;8;Jordbrukslandskap (J) - Stor betydelse, Urban miljö (U) - Stor betydelse, Skog (S) - Har betydelse;VU;B2ab(i,ii,v)
101314;30525;Methocha articulata;sandjägarstekel;Art;47;Jordbrukslandskap (J) - Stor betydelse, Havsstrand (H) - Har betydelse, Skog (S) - Har betydelse, Urban miljö (U) - Har betydelse;VU;B2ab(ii,iii,iv,v)
101909;30531;Tiphia unicolor;mörk pansarstekel;Art;9;Jordbrukslandskap (J) - Stor betydelse, Urban miljö (U) - Har betydelse;VU;B1ab(iii)+2ab(iii)
232882;30566;Odynerus reniformis;tagglergeting;Art;90;Jordbrukslandskap (J) - Stor betydelse, Urban miljö (U) - Har betydelse;NT;B2b(i,ii,iii,iv,v)
101668;30568;Pterocheilus phaleratus;sandgeting;Art;54;Jordbrukslandskap (J) - Stor betydelse, Havsstrand (H) - Har betydelse, Urban miljö (U) - Har betydelse;EN;B2ab(iii)
101613;30587;Polistes biglumis;stenpappersgeting;Art;5;Skog (S) - Stor betydelse;VU;"B2ac(iv); D1+2"
206549;30811;Brachymeria minuta;;Art;54;Jordbrukslandskap (J) - Stor betydelse, Skog (S) - Har betydelse;NT;B2b(i,iii)
206550;30813;Brachymeria parvula;;Art;56;Jordbrukslandskap (J) - Stor betydelse, Skog (S) - Har betydelse;NT;B2b(i,ii,iii)
6330899;30816;Brachymeria zygaenae;;Art;6;Jordbrukslandskap (J) - Stor betydelse, Urban miljö (U) - Har betydelse;NT;B2ab(iii,v)
206554;30818;Chalcis biguttata;;Art;12;Jordbrukslandskap (J) - Stor betydelse, Våtmark (V) - Stor betydelse;NT;B2ab(iii)
251343;34110;Pristaulacus gibbator;större vedlarvsstekel;Art;13;Skog (S) - Stor betydelse;VU;B2ab(iii)
251350;34124;Gasteruption minutum;bredkindad bistekel;Art;3;Jordbrukslandskap (J) - Stor betydelse, Skog (S) - Har betydelse, Urban miljö (U) - Har betydelse;EN;B1ab(iii,v)+2ab(iii,v)
6011335;34125;Gasteruption nigritarse;väggbistekel;Art;14;Jordbrukslandskap (J) - Stor betydelse, Skog (S) - Stor betydelse, Urban miljö (U) - Har betydelse;NT;B2ab(ii,iv,v)
6008041;34126;Gasteruption opacum;långhalsad bistekel;Art;3;Skog (S) - Stor betydelse, Jordbrukslandskap (J) - Har betydelse;VU;D1
251353;34128;Gasteruption undulatum;hedbistekel;Art;27;Jordbrukslandskap (J) - Stor betydelse, Urban miljö (U) - Har betydelse;NT;B2b(iv,v)
6052636;35576;Arotes albicinctus;;Art;1;Skog (S) - Stor betydelse;EN;B2ab(i,ii,iii,iv,v)
6326290;35578;Coleocentrus exareolatus;;Art;1;Skog (S) - Stor betydelse;EN;B2ab(iii,v)
253875;35579;Coleocentrus caligatus;;Art;28;Skog (S) - Stor betydelse;NT;B2b(ii,iii)
6009021;35584;Coleocentrus soleatus;;Art;4;Skog (S) - Stor betydelse;NT;D1
6331924;35735;Lissonota bicincta;;Art;1;Jordbrukslandskap (J) - Stor betydelse;NT;B1ab(ii,iv)+2ab(ii,iv)
253972;35752;Lissonota digestor;;Art;5;Jordbrukslandskap (J) - Stor betydelse, Urban miljö (U) - Har betydelse;NT;B2ab(i,ii,iii,iv,v)
253994;35781;Lissonota nitida;;Art;8;Havsstrand (H) - Stor betydelse, Jordbrukslandskap (J) - Har betydelse;NT;B2ab(i,ii,iii,iv,v)
253974;35784;Lissonota oculatoria;;Art;11;Jordbrukslandskap (J) - Stor betydelse, Urban miljö (U) - Stor betydelse;RE;
6331962;35800;Lissonota rubricosa;;Art;2;Skog (S) - Stor betydelse;NT;D2
6331934;35821;Lissonota tuberculata;;Art;3;Skog (S) - Har betydelse;VU;B2ab(ii,iii)
254019;35839;Syzeuctus fuscator;;Art;4;Havsstrand (H) - Har betydelse, Jordbrukslandskap (J) - Har betydelse, Urban miljö (U) - Har betydelse;NT;B1ab(ii,iii)+2ab(ii,iii)
6008997;35840;Syzeuctus irrisorius;;Art;25;Jordbrukslandskap (J) - Stor betydelse, Urban miljö (U) - Stor betydelse;VU;B1ab(ii,iv,v)+2ab(ii,iv,v)
254020;35841;Syzeuctus petiolaris;;Art;3;Jordbrukslandskap (J) - Stor betydelse, Urban miljö (U) - Stor betydelse;VU;B2ab(ii,iii)
254022;35845;Banchus dilatatorius;;Art;18;Jordbrukslandskap (J) - Stor betydelse, Urban miljö (U) - Har betydelse;NT;B1ab(i)+2ab(i)
254026;35849;Banchus pictus;;Art;1;Jordbrukslandskap (J) - Stor betydelse, Urban miljö (U) - Har betydelse;VU;B1ab(ii,iii)+2ab(ii,iii)
254031;35856;Exetastes degener;;Art;19;Jordbrukslandskap (J) - Stor betydelse, Urban miljö (U) - Har betydelse;NT;B1ab(ii,iii)+2ab(ii,iii)
254032;35857;Exetastes femorator;;Art;2;Jordbrukslandskap (J) - Stor betydelse, Urban miljö (U) - Har betydelse;VU;"B1ab(i,ii,iii)+2ab(i,ii,iii); D2"
254038;35863;Exetastes nigripes;;Art;16;Jordbrukslandskap (J) - Stor betydelse, Urban miljö (U) - Har betydelse;NT;B1ab(i,ii,iii,iv)+2ab(i,ii,iii,iv)
254039;35864;Exetastes notatus;;Art;5;Jordbrukslandskap (J) - Stor betydelse, Urban miljö (U) - Stor betydelse;VU;"B1ab(ii,iii,v)+2ab(ii,iii,v); D2"
254040;35865;Exetastes robustus;;Art;0;Jordbrukslandskap (J) - Stor betydelse;RE;
254042;35867;Exetastes tomentosus;;Art;4;Jordbrukslandskap (J) - Stor betydelse, Urban miljö (U) - Stor betydelse;VU;D2
254252;36177;Hellwigia elegans;;Art;0;Jordbrukslandskap (J) - Stor betydelse, Urban miljö (U) - Stor betydelse;RE;
260981;37762;Neotypus coreensis;;Art;20;Jordbrukslandskap (J) - Stor betydelse, Urban miljö (U) - Har betydelse;EN;B2ab(iv,v)c(ii,iii,iv)
260983;37764;Neotypus nobilitator;;Art;9;Jordbrukslandskap (J) - Stor betydelse, Urban miljö (U) - Stor betydelse;VU;B2ab(iv,v)
255669;38283;Metopius necatorius;;Art;2;Jordbrukslandskap (J) - Stor betydelse;RE;
255666;38287;Metopius croceicornis;;Art;4;Jordbrukslandskap (J) - Stor betydelse;VU;B2ab(i,ii,iii,iv,v)
6009009;38328;Enicospilus merdarius;;Art;6;Havsstrand (H) - Stor betydelse, Jordbrukslandskap (J) - Har betydelse;NT;B2ab(iii)
255699;38333;Enicospilus undulatus;;Art;0;Havsstrand (H) - Stor betydelse, Jordbrukslandskap (J) - Stor betydelse;NT;D2
255701;38336;Eremotylus marginatus;;Art;3;Skog (S) - Stor betydelse, Jordbrukslandskap (J) - Har betydelse;EN;B2ac(iv)
6040049;38343;Ophion artemisiae;;Art;0;Jordbrukslandskap (J) - Stor betydelse, Urban miljö (U) - Stor betydelse;NT;B2ab(iii)
6011206;38354;Ophion forticornis;;Art;2;Havsstrand (H) - Stor betydelse, Jordbrukslandskap (J) - Har betydelse;EN;B2ab(iii)
256011;39055;Pseudorhyssa alpestris;;Art;14;Skog (S) - Stor betydelse, Jordbrukslandskap (J) - Har betydelse, Våtmark (V) - Har betydelse;NT;B2b(iii)
256012;39056;Pseudorhyssa nigricornis;;Art;21;Skog (S) - Stor betydelse;NT;B2b(iii)
6009012;39073;Dolichomitus aciculatus;;Art;4;Skog (S) - Stor betydelse;NT;B2ab(iii)
255886;39075;Dolichomitus cephalotes;;Art;1;Skog (S) - Stor betydelse;CR (PRE);B1ab(i,iii)+2ab(i,iii)
255888;39077;Dolichomitus curticornis;;Art;9;Skog (S) - Stor betydelse, Våtmark (V) - Stor betydelse, Jordbrukslandskap (J) - Har betydelse;NT;B2ab(iii,v)
255896;39086;Dolichomitus scutellaris;;Art;16;Skog (S) - Stor betydelse, Jordbrukslandskap (J) - Har betydelse;CR (PRE);B1ab(i,iii)+2ab(i,iii)
255913;39115;Hybomischos septemcinctorius;;Art;70;Jordbrukslandskap (J) - Stor betydelse, Skog (S) - Stor betydelse, Urban miljö (U) - Stor betydelse;NT;B2ab(iii,iv)
255946;39178;Tromatobia variabilis;;Art;5;Jordbrukslandskap (J) - Stor betydelse, Våtmark (V) - Stor betydelse;NT;B2b(iii)
255955;39201;Itoplectis clavicornis;;Art;4;Skog (S) - Stor betydelse, Jordbrukslandskap (J) - Har betydelse;NT;B2b(iii,iv)
255959;39206;Itoplectis melanocephala;;Art;4;Våtmark (V) - Stor betydelse, Sötvatten (L) - Har betydelse;NT;B2b(ii,iii)
255974;39227;Theronia atalantae;;Art;24;Skog (S) - Stor betydelse, Jordbrukslandskap (J) - Har betydelse;NT;B2b(iii)
255975;39228;Theronia laevigata;;Art;13;Skog (S) - Stor betydelse, Jordbrukslandskap (J) - Har betydelse;NT;B2ab(iii)
6053176;39234;Neoxorides striatus;;Art;0;Skog (S) - Stor betydelse;VU;B2ab(ii,iii,iv,v)
256005;39239;Neoxorides varipes;;Art;9;Skog (S) - Stor betydelse, Fjäll (F) - Har betydelse;NT;B2b(ii,iii,iv)
256013;39249;Megarhyssa perlata;;Art;2;Skog (S) - Stor betydelse;NT;D2
256018;39258;Rhyssella obliterata;;Art;17;Skog (S) - Stor betydelse, Våtmark (V) - Stor betydelse, Jordbrukslandskap (J) - Har betydelse;VU;B2ab(iii)
256020;39266;Stilbops ruficornis;;Art;35;Jordbrukslandskap (J) - Stor betydelse;NT;B1ab(iv,v)+2ab(iv,v)
256176;39415;Netelia dilatata;;Art;6;Jordbrukslandskap (J) - Stor betydelse, Urban miljö (U) - Stor betydelse;NT;B2ab(ii,iii)
256283;39635;Odontocolon appendiculatum;;Art;13;Skog (S) - Stor betydelse;VU;B2ab(iii)
256286;39638;Odontocolon punctulatum;;Art;17;Skog (S) - Stor betydelse;NT;B2b(iii)
6051181;39643;Odontocolon styx;;Art;12;Skog (S) - Stor betydelse;NT;B2b(iii)
6330895;39646;Xorides ephialtoides;;Art;0;Skog (S) - Stor betydelse;VU;B2ab(ii,iii)
256291;39647;Xorides rufipes;;Art;2;Skog (S) - Stor betydelse, Jordbrukslandskap (J) - Har betydelse;VU;B2ab(iii)
256293;39650;Xorides ater;;Art;24;Skog (S) - Stor betydelse;NT;B2ab(i,ii,iii,iv)
256295;39652;Xorides depressus;;Art;47;Skog (S) - Stor betydelse, Jordbrukslandskap (J) - Har betydelse;NT;B2ab(iii)
6009015;39654;Xorides fuligator;;Art;0;Skog (S) - Stor betydelse;VU;B2ab(iii)
256300;39657;Xorides indicatorius;;Art;10;Skog (S) - Stor betydelse;NT;B2b(iii)
213904;40117;Cauchas breviantennella;fjällantennmal;Art;3;Fjäll (F) - Stor betydelse;VU;B1ac(iv)+2ac(iv)
213895;40122;Nemophora amatella;sibirisk antennmal;Art;16;Jordbrukslandskap (J) - Stor betydelse, Skog (S) - Stor betydelse;NT;B2ab(iii)
101382;40125;Nemophora cupriacella;ängsväddsantennmal;Art;65;Jordbrukslandskap (J) - Stor betydelse, Urban miljö (U) - Har betydelse, Våtmark (V) - Har betydelse;VU;B2ab(ii,iii,iv,v)
213900;40127;Nemophora dumerilella;alvarantennmal;Art;302;Jordbrukslandskap (J) - Stor betydelse;NT;B1b(iii)+2b(iii)
102471;40128;Nemophora metallica;åkerväddsantennmal;Art;1320;Jordbrukslandskap (J) - Stor betydelse;NT;B2ab(iii)
102375;40154;Alloclemensia mesospilella;vinbärsbladskärare;Art;6;Jordbrukslandskap (J) - Stor betydelse, Skog (S) - Stor betydelse;VU;B2ab(iii)
233218;40176;Lampronia standfussiella;kanelrosknoppmal;Art;1;Jordbrukslandskap (J) - Stor betydelse;VU;D2
102376;40180;Alucita grammodactyla;fältväddsfjädermott;Art;96;Jordbrukslandskap (J) - Stor betydelse, Urban miljö (U) - Har betydelse;VU;B2ab(iii)
101189;40187;Lemonia dumi;mjölkörtsspinnare;Art;259;Jordbrukslandskap (J) - Stor betydelse, Havsstrand (H) - Har betydelse, Urban miljö (U) - Har betydelse;VU;B2ab(ii,iii,iv,v)c(iv)
102506;40258;Tebenna bjerkandrella;krisslegnidmal;Art;88;Jordbrukslandskap (J) - Stor betydelse, Våtmark (V) - Stor betydelse;NT;B2ab(iii)
101166;40267;Acossus terebra;mindre träfjäril;Art;434;Skog (S) - Stor betydelse;NT;B2ab(ii,iii,v)
214801;40282;Eusphecia melanocephala;mindre poppelglasvinge;Art;176;Jordbrukslandskap (J) - Stor betydelse, Skog (S) - Stor betydelse;NT;B2ab(iii)
101773;40285;Sesia bembeciformis;bålgetingsglasvinge;Art;135;Jordbrukslandskap (J) - Stor betydelse;VU;B2b(iii)c(iv)
214809;40292;Synanthedon andrenaeformis;olvonglasvinge;Art;174;Jordbrukslandskap (J) - Stor betydelse, Skog (S) - Har betydelse, Urban miljö (U) - Har betydelse;NT;B2ac(iv)
214019;40312;Klimeschia transversella;timjanskäckmal;Art;88;Jordbrukslandskap (J) - Stor betydelse, Urban miljö (U) - Har betydelse;NT;B2ab(iii)
214016;40315;Tinagma dryadis;fjällsippeskäckmal;Art;7;Fjäll (F) - Stor betydelse;NT;B1ac(iv)+2ac(iv)
101724;40329;Sabra harpagula;vasspetsad sikelvinge;Art;189;Skog (S) - Stor betydelse, Jordbrukslandskap (J) - Har betydelse;NT;B2ab(iii,v)
215256;40357;Epermenia falciformis;rödgul strättemal;Art;9;Havsstrand (H) - Stor betydelse, Våtmark (V) - Stor betydelse, Jordbrukslandskap (J) - Har betydelse, Skog (S) - Har betydelse;VU;B2ab(iii)
100561;40358;Epermenia farreni;björnlokeskärmmal;Art;9;Jordbrukslandskap (J) - Stor betydelse, Urban miljö (U) - Stor betydelse;NT;D2
102391;40360;Epermenia profugella;bockrotsskärmmal;Art;12;Jordbrukslandskap (J) - Stor betydelse, Urban miljö (U) - Har betydelse;VU;B2ab(iii,iv)
101078;40388;Holcopogon adseclella;hästlortmal;Art;24;Jordbrukslandskap (J) - Stor betydelse;EN;B1ab(i,ii,iii,iv,v)+2ab(i,ii,iii,iv,v)
214390;40414;Dasystoma salicella;videvårmal;Art;18;Skog (S) - Stor betydelse, Våtmark (V) - Stor betydelse, Havsstrand (H) - Har betydelse, Jordbrukslandskap (J) - Har betydelse;NT;B2a
100433;40420;Augasma aeratellum;trampörtsmal;Art;2;Jordbrukslandskap (J) - Stor betydelse, Urban miljö (U) - Stor betydelse;EN;B1ab(i,ii,iii,iv,v)+2ab(i,ii,iii,iv,v)
100680;40423;Coleophora adelogrammella;hylsnejlikesäckmal;Art;36;Jordbrukslandskap (J) - Stor betydelse, Urban miljö (U) - Har betydelse;VU;B2ab(iii,iv)
100681;40424;Coleophora adjectella;ljuskantad slånsäckmal;Art;36;Skog (S) - Stor betydelse, Havsstrand (H) - Har betydelse;EN;B1ab(iii)
100687;40428;Coleophora albella;svartvit säckmal;Art;32;Jordbrukslandskap (J) - Stor betydelse, Urban miljö (U) - Har betydelse;EN;B2ab(i,ii,iii,iv,v)
102399;40438;Coleophora amellivora;linjerad gullrissäckmal;Art;25;Havsstrand (H) - Stor betydelse, Jordbrukslandskap (J) - Har betydelse;EN;B1ab(i,ii,iii,iv,v)+2ab(i,ii,iii,iv,v)
214433;40447;Coleophora badiipennella;vitkantad almsäckmal;Art;15;Skog (S) - Stor betydelse, Jordbrukslandskap (J) - Har betydelse;NT;B2ab(iii)
102401;40452;Coleophora brevipalpella;större klintsäckmal;Art;26;Jordbrukslandskap (J) - Stor betydelse, Havsstrand (H) - Har betydelse, Urban miljö (U) - Har betydelse;NT;B2b(iii)
100682;40456;Coleophora chalcogrammella;silverstreckad säckmal;Art;10;Jordbrukslandskap (J) - Stor betydelse;EN;B2ab(i,ii,iii,iv)
102403;40461;Coleophora conyzae;skarplinjerad krisslesäckmal;Art;36;Jordbrukslandskap (J) - Stor betydelse, Våtmark (V) - Har betydelse;NT;B2ab(iii)
102407;40466;Coleophora derasofasciella;pältsasäckmal;Art;4;Fjäll (F) - Stor betydelse;EN;B2ac(iv)
100683;40468;Coleophora dianthi;nejliksäckmal;Art;22;Jordbrukslandskap (J) - Stor betydelse;EN;B2ab(ii,iii)
100684;40474;Coleophora follicularis;hampflockelssäckmal;Art;77;Jordbrukslandskap (J) - Stor betydelse, Våtmark (V) - Stor betydelse, Havsstrand (H) - Har betydelse;NT;B2b(ii,iii)
214530;40477;Coleophora galbulipennella;större backglimssäckmal;Art;21;Jordbrukslandskap (J) - Stor betydelse, Urban miljö (U) - Har betydelse;VU;B2ab(ii,iii,iv,v)
214492;40478;Coleophora gallipennella;större sötvedelssäckmal;Art;169;Jordbrukslandskap (J) - Stor betydelse, Urban miljö (U) - Har betydelse;NT;B2ab(iii)
102404;40482;Coleophora gnaphalii;grovfjällig hedblomstersäckmal;Art;35;Jordbrukslandskap (J) - Stor betydelse, Urban miljö (U) - Har betydelse;EN;B1ab(ii,iii,iv)c(iv)+2ab(ii,iii,iv)c(iv)
214547;40484;Coleophora granulatella;grå fältmalörtssäckmal;Art;44;Jordbrukslandskap (J) - Stor betydelse, Urban miljö (U) - Stor betydelse;NT;B2ab(iii)
102405;40486;Coleophora hackmani;punkterad backglimssäckmal;Art;102;Jordbrukslandskap (J) - Stor betydelse, Urban miljö (U) - Har betydelse;VU;B2ab(ii,iii)
100686;40495;Coleophora kyffhusana;såpörtssäckmal;Art;32;Jordbrukslandskap (J) - Stor betydelse;VU;B2b(iii)c(iv)
214434;40500;Coleophora limosipennella;ljuskantad almsäckmal;Art;117;Skog (S) - Stor betydelse, Jordbrukslandskap (J) - Har betydelse;NT;B2b(iii)
214498;40503;Coleophora lixella;sikelsäckmal;Art;254;Jordbrukslandskap (J) - Stor betydelse, Urban miljö (U) - Har betydelse;NT;B2ab(iii)
214511;40507;Coleophora maritimella;strandtågssäckmal;Art;33;Havsstrand (H) - Stor betydelse, Våtmark (V) - Har betydelse;NT;D2
214550;40514;Coleophora nutantella;ljusringad backglimssäckmal;Art;51;Jordbrukslandskap (J) - Stor betydelse, Urban miljö (U) - Har betydelse;VU;B2ab(iii)
102406;40516;Coleophora ochrea;solvändesäckmal;Art;100;Jordbrukslandskap (J) - Stor betydelse, Urban miljö (U) - Har betydelse;VU;B2ab(iii)
100689;40517;Coleophora onobrychiella;sandvedelssäckmal;Art;3;Jordbrukslandskap (J) - Stor betydelse;RE;
214523;40521;Coleophora pappiferella;kattfotssäckmal;Art;16;Jordbrukslandskap (J) - Stor betydelse, Fjäll (F) - Har betydelse;VU;B2ab(iii)
100690;40522;Coleophora paradrymidis;dvärgsäckmal;Art;1;Jordbrukslandskap (J) - Stor betydelse;CR;B1ab(i,ii,iii,iv,v)+2ab(i,ii,iii,iv,v)
102400;40524;Coleophora parthenogenella;jungfrusäckmal;Art;64;Jordbrukslandskap (J) - Stor betydelse, Urban miljö (U) - Stor betydelse;NT;B2ac(iv)
100691;40525;Coleophora partitella;kilstreckad röllikesäckmal;Art;11;Jordbrukslandskap (J) - Stor betydelse, Urban miljö (U) - Har betydelse;VU;B2ab(ii,iii)
100685;40529;Coleophora pilosae;ginstsäckmal;Art;43;Jordbrukslandskap (J) - Stor betydelse, Urban miljö (U) - Stor betydelse;EN;B1ab(i,ii,iii,iv,v)+2ab(i,ii,iii,iv,v)
100692;40535;Coleophora pulmonariella;lungörtssäckmal;Art;1;Skog (S) - Stor betydelse;CR;B1ab(ii,iii)+2ab(ii,iii)
102408;40538;Coleophora salicorniae;glasörtssäckmal;Art;39;Havsstrand (H) - Stor betydelse, Jordbrukslandskap (J) - Stor betydelse;VU;B2ab(ii,iii,iv)
100694;40541;Coleophora scabrida;knytlingsäckmal;Art;270;Urban miljö (U) - Stor betydelse, Jordbrukslandskap (J) - Har betydelse;NT;B2ab(iii)
100695;40547;Coleophora solitariella;skarpringad stjärnblomssäckmal;Art;28;Skog (S) - Stor betydelse, Jordbrukslandskap (J) - Har betydelse;VU;B2ab(i,ii,iii)
214528;40554;Coleophora succursella;grovfjällig malörtssäckmal;Art;51;Jordbrukslandskap (J) - Stor betydelse, Urban miljö (U) - Har betydelse;NT;B2ab(iii)
214474;40555;Coleophora svenssoni;kilstreckad fjällsäckmal;Art;6;Fjäll (F) - Stor betydelse;NT;B2ac(iv)
102437;40600;Eteobalea tririvella;strecksilvermal;Art;9;Havsstrand (H) - Har betydelse, Jordbrukslandskap (J) - Har betydelse, Skog (S) - Har betydelse;CR;B2ab(iii)c(iii,iv)
214254;40607;Agonopterix alstromeriana;odörtsplattmal;Art;262;Jordbrukslandskap (J) - Stor betydelse, Urban miljö (U) - Stor betydelse, Havsstrand (H) - Har betydelse;NT;B2ab(iii)
100203;40612;Agonopterix astrantiae;sårläkeplattmal;Art;59;Skog (S) - Stor betydelse;NT;B2ab(i,ii,iii,iv,v)
102371;40613;Agonopterix atomella;ginstplattmal;Art;49;Jordbrukslandskap (J) - Stor betydelse, Urban miljö (U) - Stor betydelse;EN;B1ab(i,ii,iii,iv,v)+2ab(i,ii,iii,iv,v)
100204;40614;Agonopterix bipunctosa;ängsskäreplattmal;Art;197;Jordbrukslandskap (J) - Stor betydelse, Urban miljö (U) - Har betydelse, Våtmark (V) - Har betydelse;VU;B2ab(i,ii,iii,iv,v)
214260;40615;Agonopterix broennoeensis;fjällskäreplattmal;Art;15;Fjäll (F) - Stor betydelse, Jordbrukslandskap (J) - Stor betydelse, Våtmark (V) - Stor betydelse, Skog (S) - Har betydelse;VU;B2ab(iii)
214277;40616;Agonopterix capreolella;mindre bockrotsplattmal;Art;31;Jordbrukslandskap (J) - Stor betydelse, Urban miljö (U) - Har betydelse;NT;B2ab(iii)
100205;40620;Agonopterix curvipunctosa;strandkvanneplattmal;Art;24;Havsstrand (H) - Stor betydelse;VU;B2ab(iii)
100206;40624;Agonopterix laterella;blåklintsplattmal;Art;9;Jordbrukslandskap (J) - Stor betydelse;EN;B2ab(iii)
100207;40629;Agonopterix pallorella;rödklintsplattmal;Art;113;Jordbrukslandskap (J) - Stor betydelse, Urban miljö (U) - Har betydelse;VU;B2ab(i,ii,iii,iv)
100208;40630;Agonopterix parilella;backsiljeplattmal;Art;28;Skog (S) - Stor betydelse, Jordbrukslandskap (J) - Har betydelse, Urban miljö (U) - Har betydelse;EN;B1ab(iii,iv)+2ab(iii,iv)
102373;40637;Agonopterix scopariella;harrisbladsplattmal;Art;179;Jordbrukslandskap (J) - Stor betydelse, Urban miljö (U) - Stor betydelse;NT;B2c(iv)
102372;40642;Agonopterix quadripunctata s.lat.;fyrpunktsplattmal/mindre säfferotsplattmal;Kollektivtaxon;55;Jordbrukslandskap (J) - Stor betydelse, Urban miljö (U) - Har betydelse;NT;B2ab(iii)
102414;40644;Depressaria albipunctella;vitpunkterad plattmal;Art;20;Jordbrukslandskap (J) - Stor betydelse, Urban miljö (U) - Stor betydelse;NT;B2a
214297;40645;Depressaria artemisiae;streckad fältmalörtsplattmal;Art;25;Havsstrand (H) - Har betydelse, Jordbrukslandskap (J) - Har betydelse, Urban miljö (U) - Har betydelse;NT;B2b(iv)
102415;40647;Depressaria chaerophylli;hårflokeplattmal;Art;62;Jordbrukslandskap (J) - Stor betydelse, Skog (S) - Har betydelse, Urban miljö (U) - Har betydelse;NT;B1ab(iii)+2ab(iii)
102416;40650;Depressaria douglasella;ljusryggad morotsplattmal;Art;51;Jordbrukslandskap (J) - Stor betydelse, Urban miljö (U) - Har betydelse;VU;B2ab(v)c(iv)
102418;40653;Depressaria libanotidella;större säfferotsplattmal;Art;76;Jordbrukslandskap (J) - Stor betydelse, Urban miljö (U) - Har betydelse;VU;B2ab(iii)c(iv)
100810;40654;Depressaria nemolella;gotländsk säfferotsplattmal;Art;34;Jordbrukslandskap (J) - Stor betydelse, Urban miljö (U) - Har betydelse;CR;B1ab(ii,iii,iv)
214286;40657;Depressaria pulcherrimella;ljusryggad bockrotsplattmal;Art;86;Jordbrukslandskap (J) - Stor betydelse, Urban miljö (U) - Har betydelse;NT;B2b(iii)c(iv)
102419;40659;Depressaria silesiaca;nordlig röllikeplattmal;Art;12;Jordbrukslandskap (J) - Stor betydelse, Urban miljö (U) - Stor betydelse;NT;B2ab(ii,iii,iv)
102515;40669;Levipalpus hepatariella;leverplattmal;Art;23;Jordbrukslandskap (J) - Stor betydelse, Urban miljö (U) - Har betydelse;VU;B2ab(i,ii,iii,iv,v)
214416;40678;Telechrysis tripuncta;trepunktspraktmal;Art;111;Jordbrukslandskap (J) - Stor betydelse, Skog (S) - Stor betydelse, Urban miljö (U) - Har betydelse;NT;B2ab(iii)
100923;40682;Ethmia dodecea;prickig stenfrömal;Art;7;Jordbrukslandskap (J) - Stor betydelse, Skog (S) - Har betydelse, Urban miljö (U) - Har betydelse;RE;
102438;40685;Ethmia pyrausta;ängsrutemal;Art;18;Jordbrukslandskap (J) - Stor betydelse, Våtmark (V) - Har betydelse;EN;B2ab(i,ii,iii,iv,v)
100924;40686;Ethmia quadrillella;lungörtssorgmal;Art;76;Skog (S) - Stor betydelse;NT;B2ab(iii)
100277;40690;Anchinia cristalis;brun tibastmal;Art;13;Skog (S) - Stor betydelse;CR;B1ab(i,ii,iii,iv)+2ab(i,ii,iii,iv)
102453;40693;Hypercallia citrinalis;jungfrulinspraktmal;Art;298;Jordbrukslandskap (J) - Stor betydelse, Havsstrand (H) - Har betydelse, Urban miljö (U) - Har betydelse;NT;B2ab(iii,iv)
214321;40697;Elachista abiskoella;abiskogräsmal;Art;4;Fjäll (F) - Stor betydelse, Våtmark (V) - Stor betydelse;NT;D2
102424;40708;Elachista biatomella;slankstarrsgräsmal;Art;10;Havsstrand (H) - Har betydelse;NT;D2
102425;40713;Elachista chrysodesmella;gulbandsgräsmal;Art;9;Jordbrukslandskap (J) - Stor betydelse, Skog (S) - Stor betydelse;VU;B1ab(ii,iii,iv,v)c(iv)+2ab(ii,iii,iv,v)c(iv)
102385;40714;Elachista cinereopunctella;snedpunktsgräsmal;Art;6;Jordbrukslandskap (J) - Stor betydelse, Skog (S) - Har betydelse;VU;B2b(iii)c(iv)
102426;40715;Elachista cingillella;skarpbandsgräsmal;Art;4;Skog (S) - Stor betydelse, Jordbrukslandskap (J) - Har betydelse;NT;B2ab(iii)
214338;40725;Elachista eskoi;strandgräsmal;Art;3;Havsstrand (H) - Stor betydelse;VU;D2
214314;40735;Elachista kebneella;fjällgräsmal;Art;3;Fjäll (F) - Stor betydelse, Våtmark (V) - Har betydelse;NT;B1a+2a
102427;40745;Elachista obliquella;smalbandsgräsmal;Art;6;Skog (S) - Stor betydelse, Jordbrukslandskap (J) - Har betydelse;NT;B2ab(iii)
102429;40753;Elachista quadripunctella;fyrpunktsgräsmal;Art;8;Skog (S) - Stor betydelse;EN;B2ab(i,ii,iii,iv,v)
100888;40765;Elachista tetragonella;lundstarrsgräsmal;Art;20;Jordbrukslandskap (J) - Stor betydelse, Skog (S) - Har betydelse;EN;B2ab(ii,iii,iv)
102430;40768;Elachista unifasciella;bokskogsgräsmal;Art;4;Skog (S) - Stor betydelse;NT;D2
214343;40770;Elachista vonschantzi;kustgräsmal;Art;4;Havsstrand (H) - Stor betydelse, Våtmark (V) - Har betydelse;EN;B2ab(iii)c(iv)
102476;40774;Perittia obscurepunctella;töcknig trymal;Art;19;Skog (S) - Stor betydelse, Jordbrukslandskap (J) - Har betydelse;VU;B2ab(iii,iv,v)
102504;40776;Stephensia brunnichella;bergmyntemal;Art;5;Jordbrukslandskap (J) - Stor betydelse, Skog (S) - Stor betydelse;NT;B2ab(ii,iii)
100273;40783;Anacampsis fuscella;klöversobermal;Art;142;Urban miljö (U) - Stor betydelse, Jordbrukslandskap (J) - Har betydelse;EN;B2ab(ii,iii)c(iv)
100274;40785;Anacampsis scintillella;solvändesobermal;Art;70;Jordbrukslandskap (J) - Stor betydelse;VU;B1ab(iii)+2ab(iii)
102378;40790;Anarsia spartiella;harrisbuskpalpmal;Art;4;Jordbrukslandskap (J) - Stor betydelse, Urban miljö (U) - Stor betydelse, Havsstrand (H) - Har betydelse;EN;B1ab(iii)c(iv)+2ab(iii)c(iv)
101873;40798;Aproaerema sangiella;motfläckspalpmal;Art;7;Jordbrukslandskap (J) - Stor betydelse, Urban miljö (U) - Stor betydelse, Havsstrand (H) - Har betydelse;EN;B1ab(i,ii,iii,iv,v)+2ab(i,ii,iii,iv,v)
101874;40799;Aproaerema suecicella;ginstpalpmal;Art;34;Jordbrukslandskap (J) - Stor betydelse, Urban miljö (U) - Stor betydelse;CR;B1ab(i,ii,iii,iv,v)
214762;40802;Aproaerema wormiella;mindre käringtandspalpmal;Art;36;Jordbrukslandskap (J) - Stor betydelse, Urban miljö (U) - Har betydelse;EN;B2ab(ii,iii)
214772;40806;Mesophleps silacellus;solvändepalpmal;Art;302;Jordbrukslandskap (J) - Stor betydelse;NT;B2ab(i,ii,iii,iv)
214759;40816;Stomopteryx remissella;gråbrun palpmal;Art;131;Jordbrukslandskap (J) - Stor betydelse, Urban miljö (U) - Har betydelse;VU;B2ab(iii)
6332057;40824;Aristotelia bengtssoni;rosenskimrande filosofmal;Art;14;Jordbrukslandskap (J) - Stor betydelse;EN;B1ab(iii)+2ab(iii)
214599;40827;Aristotelia heliacella;fjällsippefilosofmal;Art;61;Fjäll (F) - Stor betydelse;NT;B1ac(iv)+2ac(iv)
214647;40838;Bryotropha purpurella;purpurmossmal;Art;44;Jordbrukslandskap (J) - Stor betydelse;NT;B2ab(iii)
214641;40846;Eulamprotes plumbella;blydystermal;Art;56;Jordbrukslandskap (J) - Stor betydelse, Urban miljö (U) - Stor betydelse;NT;B2ab(iii)
214638;40847;Eulamprotes superbella;mindre silverdystermal;Art;74;Jordbrukslandskap (J) - Stor betydelse, Urban miljö (U) - Har betydelse;NT;B2ab(iii)
101342;40867;Monochroa ferrea;sandhedsdystermal;Art;31;Jordbrukslandskap (J) - Stor betydelse;EN;B1ab(ii,iii,iv)+2ab(ii,iii,iv)
101344;40869;Monochroa inflexella;kalkhällsdystermal;Art;11;Jordbrukslandskap (J) - Stor betydelse;EN;B1ab(ii,iii,iv)c(iv)+2ab(ii,iii,iv)c(iv)
214619;40874;Monochroa rumicetella;mindre bergsyredystermal;Art;36;Havsstrand (H) - Stor betydelse, Jordbrukslandskap (J) - Stor betydelse;NT;B2ab(iii)
214630;40875;Monochroa saltenella;fjällängsdystermal;Art;22;Fjäll (F) - Stor betydelse, Jordbrukslandskap (J) - Stor betydelse, Skog (S) - Har betydelse;VU;B2ab(iii)
101636;40885;Psamathocrita osseella;hässlestävmal;Art;70;Jordbrukslandskap (J) - Stor betydelse, Skog (S) - Stor betydelse;EN;B1ab(iii)
102490;40887;Ptocheuusa inopella;hedblomsterstävmal;Art;131;Jordbrukslandskap (J) - Stor betydelse, Havsstrand (H) - Har betydelse, Urban miljö (U) - Har betydelse;EN;B1ab(iii,iv)+2ab(iii,iv)
100327;40894;Dactylotula kinkerella;sandrörsflikmal;Art;11;Havsstrand (H) - Stor betydelse;CR;B2ab(i,ii,iii,iv,v)c(iv)
102481;40900;Platyedra subcinerea;kattostmal;Art;45;Jordbrukslandskap (J) - Stor betydelse, Urban miljö (U) - Stor betydelse;VU;B2ab(iii)
102362;40907;Acompsia subpunctella;strandveronikemal;Art;32;Havsstrand (H) - Stor betydelse, Jordbrukslandskap (J) - Stor betydelse, Våtmark (V) - Stor betydelse, Urban miljö (U) - Har betydelse;VU;B2ab(iii)
102386;40910;Brachmia dimidiella;sandfältspalpmal;Art;143;Jordbrukslandskap (J) - Stor betydelse, Urban miljö (U) - Har betydelse;EN;B2ab(ii,iii)
100824;40917;Dichomeris limosella;sandklövernålmal;Art;81;Jordbrukslandskap (J) - Stor betydelse, Urban miljö (U) - Har betydelse;VU;B2ab(ii,iii,v)
102383;40932;Athrips amoenellus;praktstävmal;Art;37;Jordbrukslandskap (J) - Stor betydelse, Skog (S) - Har betydelse;EN;B1ab(ii,iii,iv,v)+2ab(ii,iii,iv,v)
100553;40947;Caryocolum arenariellum;sandnejlikegallmal;Art;194;Jordbrukslandskap (J) - Stor betydelse, Urban miljö (U) - Har betydelse;EN;B1ab(ii,iii,iv,v)+2ab(ii,iii,iv,v)
214745;40948;Caryocolum blandelloides;alvararvmal;Art;41;Jordbrukslandskap (J) - Stor betydelse;NT;B2b(iii)c(iv)
100550;40952;Caryocolum cauligenellum;backglimsgallmal;Art;39;Jordbrukslandskap (J) - Stor betydelse;EN;B2ab(iii,iv)
214752;40955;Caryocolum huebneri;mindre buskstjärnblomsmal;Art;70;Skog (S) - Stor betydelse, Jordbrukslandskap (J) - Har betydelse;NT;B2ab(iii)
214751;40959;Caryocolum petrophilum;klipparvmal;Art;5;Havsstrand (H) - Stor betydelse, Jordbrukslandskap (J) - Har betydelse;NT;B2a
100551;40960;Caryocolum petryi;såpörtsmal;Art;114;Jordbrukslandskap (J) - Stor betydelse, Urban miljö (U) - Har betydelse;VU;B2ab(iii)c(iv)
214733;40963;Caryocolum tischeriellum;backglimsmal;Art;105;Jordbrukslandskap (J) - Stor betydelse, Havsstrand (H) - Har betydelse, Urban miljö (U) - Har betydelse;VU;B2ab(i,ii,iii,iv,v)
214735;40966;Caryocolum viscariellum;rödblärearvmal;Art;92;Skog (S) - Stor betydelse, Jordbrukslandskap (J) - Har betydelse, Urban miljö (U) - Har betydelse;NT;B2ab(iii)
102393;40973;Chionodes ignorantellus;gulbandad mosstävmal;Art;39;Jordbrukslandskap (J) - Stor betydelse, Skog (S) - Har betydelse, Urban miljö (U) - Har betydelse;NT;B2a
100614;40979;Chionodes violaceus;sandstävmal;Art;3;Havsstrand (H) - Stor betydelse, Skog (S) - Stor betydelse, Urban miljö (U) - Har betydelse;EN;B2ab(ii,iii,iv,v)c(iv)
102446;41004;Gnorimoschema herbichi;grå småstävmal;Art;13;Havsstrand (H) - Stor betydelse, Jordbrukslandskap (J) - Stor betydelse, Fjäll (F) - Har betydelse, Urban miljö (U) - Har betydelse;VU;B2ab(v)
101001;41007;Gnorimoschema valesiellum;mörk småstävmal;Art;4;Fjäll (F) - Stor betydelse, Urban miljö (U) - Har betydelse;VU;B2ac(iv)
101336;41012;Mirificarma lentiginosella;brun ginststävmal;Art;54;Jordbrukslandskap (J) - Stor betydelse, Urban miljö (U) - Stor betydelse;EN;B1ab(i,ii,iii,iv,v)+2ab(i,ii,iii,iv,v)
102460;41023;Prolita solutella;större ginststävmal;Art;280;Jordbrukslandskap (J) - Stor betydelse, Urban miljö (U) - Stor betydelse;VU;B1ab(iii)+2ab(iii)
102499;41041;Scrobipalpa murinella;kattfotssmåstävmal;Art;65;Fjäll (F) - Stor betydelse, Jordbrukslandskap (J) - Stor betydelse, Urban miljö (U) - Stor betydelse;VU;B2ab(ii,iii,iv)
102500;41048;Scrobipalpa salicorniae;glasörtssmåstävmal;Art;23;Havsstrand (H) - Stor betydelse, Jordbrukslandskap (J) - Stor betydelse;EN;B2ab(ii,iii,iv,v)
214730;41054;Scrobipalpula diffluella;binkesmåstävmal;Art;13;Urban miljö (U) - Stor betydelse, Jordbrukslandskap (J) - Har betydelse;NT;B2b(iii)
101798;41058;Sophronia chilonella;dubbelstreckad näbbmal;Art;52;Jordbrukslandskap (J) - Stor betydelse, Havsstrand (H) - Har betydelse, Urban miljö (U) - Har betydelse;CR;B1ab(i,ii,iii,iv,v)+2ab(i,ii,iii,iv,v)
214755;41059;Sophronia gelidella;fjällnäbbmal;Art;17;Fjäll (F) - Stor betydelse;VU;D2
214757;41060;Sophronia humerella;bågstreckad näbbmal;Art;229;Jordbrukslandskap (J) - Stor betydelse, Urban miljö (U) - Har betydelse;NT;B2ab(iii)
214662;41069;Teleiodes sequax;solvändebladmal;Art;310;Jordbrukslandskap (J) - Stor betydelse, Havsstrand (H) - Har betydelse, Urban miljö (U) - Har betydelse;NT;B2b(iii)
102007;41079;Xystophora carchariella;backvickermal;Art;30;Jordbrukslandskap (J) - Stor betydelse, Skog (S) - Stor betydelse, Urban miljö (U) - Har betydelse;EN;B1ab(iii)+2ab(iii)
102486;41091;Agnoea subochreella;bokskogstubmal;Art;18;Skog (S) - Stor betydelse;NT;B1a+2a
214558;41106;Mompha miscella;solvändebrokmal;Art;222;Jordbrukslandskap (J) - Stor betydelse, Havsstrand (H) - Har betydelse, Urban miljö (U) - Har betydelse;NT;B2ab(iii)
214561;41113;Mompha terminella;häxörtsbrokmal;Art;47;Skog (S) - Stor betydelse, Jordbrukslandskap (J) - Har betydelse;NT;B2ab(iii)
100806;41132;Denisia albimaculea;vitfläckig praktmal;Art;35;Jordbrukslandskap (J) - Stor betydelse, Urban miljö (U) - Stor betydelse;VU;B2ab(i,ii,iii,iv,v)
100807;41135;Denisia obscurella;grå barrskogspraktmal;Art;11;Skog (S) - Stor betydelse;VU;B2ab(iii)
102498;41138;Denisia stroemella;silverfläckspraktmal;Art;81;Jordbrukslandskap (J) - Stor betydelse, Skog (S) - Stor betydelse;NT;B2ab(iii)
100793;41142;Epicallima formosella;snedfläckspraktmal;Art;39;Jordbrukslandskap (J) - Stor betydelse, Skog (S) - Stor betydelse, Urban miljö (U) - Stor betydelse;CR;B2ab(ii,iii,iv)
102380;41161;Aplota palpella;palpmossmal;Art;19;Jordbrukslandskap (J) - Stor betydelse, Skog (S) - Stor betydelse;NT;B2ab(iii,v)
100636;41170;Chrysoclista lathamella;sälgbrokmal;Art;17;Jordbrukslandskap (J) - Stor betydelse, Skog (S) - Stor betydelse, Urban miljö (U) - Stor betydelse;EN;B2ab(iii)
100635;41171;Chrysoclista linneella;lindbrokmal;Art;55;Jordbrukslandskap (J) - Stor betydelse, Skog (S) - Stor betydelse, Urban miljö (U) - Stor betydelse;VU;B2ab(ii,iii,iv)
100877;41174;Dystebenna stephensi;ekbrokmal;Art;12;Jordbrukslandskap (J) - Stor betydelse, Skog (S) - Stor betydelse, Urban miljö (U) - Har betydelse;VU;B2ab(i,ii,iii,iv,v)
101055;41176;Heinemannia festivella;vitgul lövängsbrokmal;Art;125;Jordbrukslandskap (J) - Stor betydelse;NT;B1c(iv)+2c(iv)
102450;41177;Heinemannia laspeyrella;klargul lövängsbrokmal;Art;44;Jordbrukslandskap (J) - Stor betydelse, Skog (S) - Stor betydelse;EN;B2ab(i,ii,iii,iv,v)
101815;41179;Spuleria flavicaput;gulhövdad hagtornsbrokmal;Art;17;Jordbrukslandskap (J) - Stor betydelse, Urban miljö (U) - Har betydelse;VU;B1ac(iv)+2ac(iv)
101759;41186;Scythris crypta;ginstfältmal;Art;60;Jordbrukslandskap (J) - Stor betydelse, Urban miljö (U) - Stor betydelse;EN;B1ab(iii)c(iv)+2ab(iii)c(iv)
101761;41193;Scythris knochella;arvfältmal;Art;21;Jordbrukslandskap (J) - Stor betydelse, Urban miljö (U) - Har betydelse;CR;B1ab(ii,iii,iv,v)c(iv)
101762;41201;Scythris productella;havstrandsfältmal;Art;4;Havsstrand (H) - Stor betydelse;VU;B1ab(iii)+2ab(iii)
214381;41202;Scythris siccella;sandfältmal;Art;8;Jordbrukslandskap (J) - Stor betydelse, Urban miljö (U) - Har betydelse;VU;B2ab(iii)
100876;41237;Dyscia fagaria;skuggmätare;Art;118;Havsstrand (H) - Stor betydelse, Jordbrukslandskap (J) - Stor betydelse;EN;B2ab(iii,v)c(iv)
101249;41263;Lycia zonaria;hedvintermätare;Art;151;Jordbrukslandskap (J) - Stor betydelse, Urban miljö (U) - Har betydelse;EN;B2ab(i,ii,iii,iv,v)c(iv)
100230;41271;Alcis jubata;skägglavmätare;Art;465;Skog (S) - Stor betydelse;VU;B2ab(ii,iii,iv,v)c(iv)
100978;41289;Fagivorina arenaria;vit lavmätare;Art;81;Skog (S) - Stor betydelse, Jordbrukslandskap (J) - Har betydelse;EN;B1b(i,ii,iii,iv,v)c(iv)+2b(i,ii,iii,iv,v)c(iv)
215597;41302;Selidosema brunnearia;hedmätare;Art;939;Jordbrukslandskap (J) - Stor betydelse, Havsstrand (H) - Har betydelse, Urban miljö (U) - Har betydelse;NT;B2b(i,ii,iii)c(iv)
101127;41348;Hypoxystis pluviaria;spetsvingemätare;Art;107;Jordbrukslandskap (J) - Stor betydelse, Våtmark (V) - Stor betydelse;VU;B1b(ii,iii,v)c(iv)+2b(ii,iii,v)c(iv)
101496;41368;Pachycnemia hippocastanaria;mottmätare;Art;393;Havsstrand (H) - Stor betydelse, Skog (S) - Stor betydelse, Jordbrukslandskap (J) - Har betydelse;EN;B2ab(iii,v)c(iv)
215556;41389;Macaria loricaria;nordisk buskmätare;Art;131;Jordbrukslandskap (J) - Stor betydelse, Våtmark (V) - Stor betydelse;NT;B2b(iii,v)c(iv)
101061;41416;Hemistola chrysoprasaria;smaragdgrön lundmätare;Art;284;Jordbrukslandskap (J) - Stor betydelse, Havsstrand (H) - Har betydelse;EN;B2ab(iii)c(iv)
101653;41432;Pseudoterpna pruinata;daggig ginstmätare;Art;159;Jordbrukslandskap (J) - Stor betydelse, Urban miljö (U) - Stor betydelse;CR;B1ab(iii,v)c(iv)
215683;41451;Phibalapteryx virgata;mellanmätare;Art;1248;Jordbrukslandskap (J) - Stor betydelse;NT;B2ab(iii,v)
100612;41461;Chesias rufata;rödtonad ginstmätare;Art;165;Jordbrukslandskap (J) - Stor betydelse, Urban miljö (U) - Stor betydelse;EN;B1b(ii,iii,iv,v)c(iv)
101222;41463;Lithostege farinata;vit puckelmätare;Art;25;Jordbrukslandskap (J) - Stor betydelse, Urban miljö (U) - Stor betydelse;RE;
101223;41464;Lithostege griseata;grå puckelmätare;Art;95;Jordbrukslandskap (J) - Stor betydelse, Urban miljö (U) - Stor betydelse;CR;C1
100699;41474;Colostygia aptata;grönvit fältmätare;Art;48;Jordbrukslandskap (J) - Stor betydelse;VU;B2ab(iii,v)
215749;41477;Colostygia turbata;mörkbrämad fältmätare;Art;27;Skog (S) - Stor betydelse, Våtmark (V) - Stor betydelse;EN;B1ab(i,ii,iii,iv,v)+2ab(i,ii,iii,iv,v)
100881;41486;Ecliptopera capitata;gulryggig fältmätare;Art;354;Skog (S) - Stor betydelse;VU;B2ab(ii,iii,iv,v)c(iv)
100966;41497;Eustroma reticulata;nätådrig parkmätare;Art;332;Skog (S) - Stor betydelse;VU;B2ab(ii,iii,iv,v)
215744;41501;Heterothera serraria;tajgafältmätare;Art;186;Skog (S) - Stor betydelse;VU;B2ab(iii,v)
215720;41503;Lampropteryx otregiata;skogskärrsfältmätare;Art;210;Skog (S) - Stor betydelse, Våtmark (V) - Stor betydelse;NT;B2b(ii,iii,v)
215811;41530;Eupithecia cauchiata;bredbrämad malmätare;Art;32;Jordbrukslandskap (J) - Stor betydelse, Skog (S) - Stor betydelse, Havsstrand (H) - Har betydelse;NT;B2ab(ii,iii,iv,v)
215826;41535;Eupithecia distinctaria;timjanmalmätare;Art;92;Havsstrand (H) - Stor betydelse, Jordbrukslandskap (J) - Stor betydelse, Skog (S) - Stor betydelse;VU;B2ab(ii,iii,iv,v)
102441;41540;Eupithecia fennoscandica;nejlikmalmätare;Art;1;Fjäll (F) - Stor betydelse;VU;B1ab(iii)+2ab(iii)
100945;41546;Eupithecia immundata;skuggmalmätare;Art;126;Skog (S) - Stor betydelse, Jordbrukslandskap (J) - Har betydelse;VU;B2ac(iv)
215822;41560;Eupithecia orphnata;alvarmalmätare;Art;87;Jordbrukslandskap (J) - Stor betydelse;VU;B2b(i,ii,iii,iv,v)c(iv)
100948;41566;Eupithecia pygmaeata;dvärgmalmätare;Art;147;Jordbrukslandskap (J) - Stor betydelse, Havsstrand (H) - Har betydelse;NT;B2ab(i,ii,iii,iv,v)
215827;41570;Eupithecia sinuosaria;brunbandad malmätare;Art;252;Havsstrand (H) - Stor betydelse, Jordbrukslandskap (J) - Stor betydelse, Urban miljö (U) - Stor betydelse;NT;B2b(iii,v)c(iv)
215823;41572;Eupithecia subumbrata;ängsmalmätare;Art;694;Havsstrand (H) - Stor betydelse, Jordbrukslandskap (J) - Stor betydelse, Urban miljö (U) - Har betydelse;NT;B2b(ii,iii,iv)c(iv)
215804;41579;Eupithecia venosata;glimmalmätare;Art;957;Havsstrand (H) - Stor betydelse, Jordbrukslandskap (J) - Stor betydelse, Urban miljö (U) - Har betydelse;NT;B2b(iii)c(iii,iv)
215710;41600;Entephria byssata;sidenglänsande fältmätare;Art;56;Fjäll (F) - Stor betydelse;NT;B2a
215713;41601;Entephria caesiata;grå blåbärsfältmätare;Art;1404;Skog (S) - Stor betydelse, Fjäll (F) - Har betydelse, Våtmark (V) - Har betydelse;NT;A2c+3c
215711;41603;Entephria nobiliaria;blågrå fältmätare;Art;42;Fjäll (F) - Stor betydelse, Urban miljö (U) - Har betydelse;NT;B2ab(v)
101081;41619;Horisme aemulata;grå strimmätare;Art;34;Jordbrukslandskap (J) - Stor betydelse, Skog (S) - Stor betydelse;EN;B1ab(ii,iii,iv,v)c(iv)+2ab(ii,iii,iv,v)c(iv)
101082;41620;Horisme aquata;vitaktig strimmätare;Art;113;Jordbrukslandskap (J) - Stor betydelse;EN;B1ab(iii,v)+2ab(iii,v)
215755;41623;Horisme vitalbata;längsbandad strimmätare;Art;382;Jordbrukslandskap (J) - Stor betydelse;NT;B2b(ii,iii,iv,v)
101261;41632;Malacodea regelaria;tunnvingemätare;Art;60;Skog (S) - Stor betydelse, Jordbrukslandskap (J) - Har betydelse;VU;B2ab(ii,iii,iv,v)
101532;41638;Gagitodes sagittata;piltecknad fältmätare;Art;185;Jordbrukslandskap (J) - Stor betydelse, Skog (S) - Stor betydelse, Våtmark (V) - Stor betydelse;NT;B2b(ii,iii,iv,v)
101530;41648;Perizoma bifaciata;snedstreckad fältmätare;Art;615;Havsstrand (H) - Stor betydelse, Jordbrukslandskap (J) - Stor betydelse, Urban miljö (U) - Stor betydelse;NT;B2b(iii)c(iv)
215785;41650;Perizoma flavofasciata;brunflammig fältmätare;Art;697;Havsstrand (H) - Stor betydelse, Jordbrukslandskap (J) - Stor betydelse, Skog (S) - Stor betydelse, Urban miljö (U) - Stor betydelse;NT;B2ab(ii,iii,iv,v)
101531;41651;Perizoma hydrata;glimfältmätare;Art;343;Jordbrukslandskap (J) - Stor betydelse, Urban miljö (U) - Stor betydelse;NT;B2b(ii,iii,iv,v)
215768;41655;Philereme transversata;svartbrun klaffmätare;Art;1281;Jordbrukslandskap (J) - Stor betydelse, Skog (S) - Stor betydelse;NT;B2b(ii,iii,v)c(iv)
215767;41656;Philereme vetulata;grå klaffmätare;Art;1412;Jordbrukslandskap (J) - Stor betydelse, Skog (S) - Stor betydelse;NT;B2b(ii,iii,v)c(iv)
215766;41667;Triphosa dubitata;vägtornsmätare;Art;1496;Jordbrukslandskap (J) - Stor betydelse, Skog (S) - Stor betydelse;NT;B2b(ii,iii,v)c(iv)
100453;41670;Baptria tibiale;trolldruvemätare;Art;503;Skog (S) - Stor betydelse;EN;B2b(ii,iii,iv,v)c(iv)
100156;41673;Acasis appensata;trolldruvelobmätare;Art;30;Jordbrukslandskap (J) - Stor betydelse, Skog (S) - Stor betydelse, Havsstrand (H) - Har betydelse;VU;B2ab(iii)
101925;41683;Trichopteryx polycommata;trylobmätare;Art;252;Jordbrukslandskap (J) - Stor betydelse, Skog (S) - Stor betydelse;NT;B2ab(iii,v)
100562;41689;Catarhoe rubidata;rödbandad fältmätare;Art;222;Jordbrukslandskap (J) - Stor betydelse;VU;B2b(i,ii,iii,iv,v)c(iv)
100723;41691;Costaconvexa polygrammata;mångstreckad fältmätare;Art;331;Havsstrand (H) - Stor betydelse, Jordbrukslandskap (J) - Stor betydelse, Våtmark (V) - Stor betydelse, Skog (S) - Har betydelse;NT°;B2b(iii,v)c(iv)
215706;41694;Epirrhoe galiata;bredbandad mårfältmätare;Art;739;Jordbrukslandskap (J) - Stor betydelse, Havsstrand (H) - Har betydelse;NT;B2ab(iii,v)c(iv)
215701;41695;Epirrhoe hastulata;mindre mårfältmätare;Art;210;Jordbrukslandskap (J) - Stor betydelse;NT;B2b(iii,v)c(iv)
100909;41696;Epirrhoe pupillata;brun mårfältmätare;Art;140;Jordbrukslandskap (J) - Stor betydelse;EN;B2ab(iii,v)
101753;41708;Scotopteryx luridata;gråstreckad backmätare;Art;241;Jordbrukslandskap (J) - Stor betydelse, Urban miljö (U) - Stor betydelse;VU;B1b(iii,v)c(iv)+2b(iii,v)c(iv)
101754;41710;Scotopteryx mucronata;gulstreckad backmätare;Art;189;Jordbrukslandskap (J) - Stor betydelse, Urban miljö (U) - Stor betydelse;EN;D
215698;41713;Xanthorhoe annotinata;skogsfältmätare;Art;326;Skog (S) - Stor betydelse;NT;B2b(iii,v)c(iii,iv)
101978;41714;Xanthorhoe biriviata;springkornsfältmätare;Art;368;Skog (S) - Stor betydelse, Jordbrukslandskap (J) - Har betydelse;NT;B2ab(i,ii,iii,iv,v)
101256;41735;Lythria cruentaria;mindre purpurmätare;Art;2878;Jordbrukslandskap (J) - Stor betydelse, Havsstrand (H) - Har betydelse, Urban miljö (U) - Har betydelse;NT;B2ab(i,iii,v)c(iv)
215655;41746;Scopula decorata;blåfläckig lövmätare;Art;616;Jordbrukslandskap (J) - Stor betydelse;NT;B2b(iii,v)c(iv)
101749;41754;Scopula marginepunctata;gulgrå lövmätare;Art;52;Havsstrand (H) - Stor betydelse, Jordbrukslandskap (J) - Stor betydelse;CR;B1ab(iii,v)c(iii,iv)
101750;41757;Scopula ornata;prydlig lövmätare;Art;86;Havsstrand (H) - Stor betydelse, Jordbrukslandskap (J) - Stor betydelse, Urban miljö (U) - Har betydelse;CR;B2ab(iii,v)c(iii,iv)
215656;41758;Scopula rubiginata;rödlätt lövmätare;Art;1272;Jordbrukslandskap (J) - Stor betydelse, Urban miljö (U) - Har betydelse;NT;B2ab(iii,v)
101751;41760;Scopula virgulata;snedstreckad lövmätare;Art;92;Jordbrukslandskap (J) - Stor betydelse, Våtmark (V) - Stor betydelse;VU;B1ab(iii,v)c(iii,iv)+2ab(iii,v)c(iii,iv)
101133;41766;Idaea dilutaria;sidenlövmätare;Art;43;Skog (S) - Stor betydelse;EN;B1ab(iii)+2ab(iii)
101134;41781;Idaea trigeminata;brunfläckad lövmätare;Art;128;Jordbrukslandskap (J) - Stor betydelse, Skog (S) - Stor betydelse;NT;B1c(iv)+2c(iv)
214030;41796;Bucculatrix albedinella;almkronmal;Art;41;Jordbrukslandskap (J) - Stor betydelse, Skog (S) - Stor betydelse;NT;B2b(iii)
214025;41798;Bucculatrix artemisiella;kalkkronmal;Art;36;Jordbrukslandskap (J) - Stor betydelse, Havsstrand (H) - Har betydelse, Urban miljö (U) - Har betydelse;NT;B2b(iii)
102389;41808;Bucculatrix laciniatella;alvarkronmal;Art;46;Jordbrukslandskap (J) - Stor betydelse;VU;B1b(iii)c(iv)+2b(iii)c(iv)
214027;41813;Bucculatrix ratisbonensis;sandkronmal;Art;39;Jordbrukslandskap (J) - Stor betydelse, Urban miljö (U) - Har betydelse;VU;B2ab(iii)
214039;41835;Caloptilia cuculipennella;ljus askstyltmal;Art;41;Jordbrukslandskap (J) - Stor betydelse, Skog (S) - Stor betydelse;VU;B2ab(i,ii,iii,iv,v)
100169;41882;Sauterina hofmanniella;snedstreckad gökärtsmal;Art;41;Jordbrukslandskap (J) - Stor betydelse, Skog (S) - Stor betydelse, Urban miljö (U) - Har betydelse;NT;B2a
102480;41941;Phyllonorycter schreberellus;lundalmsguldmal;Art;37;Jordbrukslandskap (J) - Stor betydelse, Skog (S) - Stor betydelse;NT;B2b(iii)
101562;41945;Phyllonorycter staintoniellus;ginstbladsguldmal;Art;42;Jordbrukslandskap (J) - Stor betydelse, Urban miljö (U) - Stor betydelse;EN;B1ab(iii)c(iv)+2ab(iii)c(iv)
213792;41969;Gazoryctra fuscoargentea;lapprotfjäril;Art;11;Fjäll (F) - Stor betydelse;VU;B1ab(iii)+2ab(iii)
102452;41970;Gazoryctra ganna;silverbandad rotfjäril;Art;7;Jordbrukslandskap (J) - Stor betydelse, Skog (S) - Stor betydelse;EN;B1ab(iii)+2ab(iii)
213797;41972;Hepialus humuli;humlerotfjäril;Art;3354;Jordbrukslandskap (J) - Stor betydelse;NT;A2c
201169;41987;Cosmotriche lobulina;barrskogsspinnare;Art;197;Skog (S) - Stor betydelse;VU;B2ab(ii,iii)c(iv)
102434;42040;Enteucha acetosae;syradvärgmal;Art;2;Jordbrukslandskap (J) - Stor betydelse, Urban miljö (U) - Stor betydelse;RE;
213853;42059;Stigmella dorsiguttella;soldvärgmal;Art;45;Skog (S) - Stor betydelse, Jordbrukslandskap (J) - Har betydelse;NT;B2a
213836;42070;Stigmella lemniscella;lundalmsdvärgmal;Art;142;Jordbrukslandskap (J) - Stor betydelse, Skog (S) - Stor betydelse;NT;B2b(ii,iii,iv,v)
102505;42071;Stigmella lonicerarum;trydvärgmal;Art;20;Skog (S) - Stor betydelse, Jordbrukslandskap (J) - Har betydelse;NT;B2a
101855;42089;Stigmella pyri;större pärondvärgmal;Art;10;Jordbrukslandskap (J) - Stor betydelse, Urban miljö (U) - Har betydelse;EN;B1ab(i,ii,iii,iv,v)c(iv)+2ab(i,ii,iii,iv,v)c(iv)
213814;42106;Stigmella ulmivora;skogsalmsdvärgmal;Art;326;Jordbrukslandskap (J) - Stor betydelse, Skog (S) - Stor betydelse;NT;B2ab(ii,iii,iv,v)
213873;42119;Ectoedemia amani;almbarksdvärgmal;Art;40;Jordbrukslandskap (J) - Stor betydelse, Skog (S) - Stor betydelse;NT;B2ab(iii)
213860;42143;Trifurcula cryptella;alvardvärgmal;Art;11;Jordbrukslandskap (J) - Stor betydelse, Urban miljö (U) - Stor betydelse;NT;B1ab(iii)+2ab(iii)
101927;42144;Trifurcula eurema;stranddvärgmal;Art;2;Havsstrand (H) - Stor betydelse, Jordbrukslandskap (J) - Stor betydelse, Urban miljö (U) - Stor betydelse;CR;B1ab(iii)
102511;42145;Trifurcula headleyella;brunörtsdvärgmal;Art;16;Jordbrukslandskap (J) - Stor betydelse;NT;B2ab(iii)
102512;42146;Trifurcula immundella;harrisdvärgmal;Art;45;Havsstrand (H) - Stor betydelse, Jordbrukslandskap (J) - Stor betydelse, Urban miljö (U) - Stor betydelse;NT;B2ac(iv)
102513;42148;Trifurcula subnitidella;ängsdvärgmal;Art;24;Jordbrukslandskap (J) - Stor betydelse, Urban miljö (U) - Har betydelse;NT;B2ab(iii)
102924;42161;Acerbia alpina;nordisk igelkottsspinnare;Art;23;Fjäll (F) - Stor betydelse;EN;B1ab(iii,v)+2ab(iii,v)
201279;42172;Grammia quenseli;alpigelkottsspinnare;Art;42;Fjäll (F) - Stor betydelse, Våtmark (V) - Stor betydelse;NT;B2b(iii)
201280;42174;Holoarctia puengeleri;arktisk igelkottsspinnare;Art;68;Fjäll (F) - Stor betydelse;EN;B1b(iii)c(iv)+2b(iii)c(iv)
101120;42179;Hyphoraia aulica;gulfläckig igelkottsspinnare;Art;277;Havsstrand (H) - Stor betydelse, Jordbrukslandskap (J) - Stor betydelse;EN;B2ab(ii,iii,iv,v)
100527;42200;Callimorpha dominula;fläckig glansspinnare;Art;285;Skog (S) - Stor betydelse, Jordbrukslandskap (J) - Har betydelse;NT;B2c(iv)
101814;42206;Spiris striata;streckhedspinnare;Art;759;Jordbrukslandskap (J) - Stor betydelse, Havsstrand (H) - Har betydelse;VU;B2ab(ii,iii)c(iv)
101774;42214;Setina irrorella;större borstspinnare;Art;1148;Jordbrukslandskap (J) - Stor betydelse, Fjäll (F) - Har betydelse, Havsstrand (H) - Har betydelse, Urban miljö (U) - Har betydelse, Våtmark (V) - Har betydelse;NT;B2ab(iii,v)
201257;42229;Eilema pygmaeola;gulpannad lavspinnare;Art;503;Havsstrand (H) - Stor betydelse, Jordbrukslandskap (J) - Stor betydelse, Skog (S) - Har betydelse;NT;B2b(iii)c(iv)
100886;42238;Setema cereola;vaxgul lavspinnare;Art;178;Våtmark (V) - Stor betydelse, Jordbrukslandskap (J) - Har betydelse, Skog (S) - Har betydelse;NT;B2b(ii,iv)c(i,ii,iii,iv)
100870;42252;Dysauxes ancilla;fönstervingespinnare;Art;151;Jordbrukslandskap (J) - Stor betydelse, Skog (S) - Stor betydelse;CR;B1ab(iii)c(iv)+2ab(iii)c(iv)
100926;42267;Eublemma minutata;mjölfly;Art;522;Jordbrukslandskap (J) - Stor betydelse, Havsstrand (H) - Har betydelse, Urban miljö (U) - Har betydelse;VU;B2b(ii,iii,iv,v)c(iv)
215930;42274;Phytometra viridaria;jungfrulinsfly;Art;1108;Jordbrukslandskap (J) - Stor betydelse, Havsstrand (H) - Har betydelse;NT;B2b(ii,iii,iv,v)c(iv)
249046;42280;Calyptra thalictri;vampyrfly;Art;65;Skog (S) - Stor betydelse, Jordbrukslandskap (J) - Har betydelse;EN;B2ac(iv)
100564;42292;Catocala pacta;rosenryggat ordensfly;Art;83;Skog (S) - Stor betydelse, Våtmark (V) - Stor betydelse, Jordbrukslandskap (J) - Har betydelse;VU;B2ab(iii,v)
101737;42342;Schrankia taenialis;tvärstreckat mottfly;Art;171;Skog (S) - Stor betydelse, Jordbrukslandskap (J) - Har betydelse;NT;B2b(iii,v)c(iv)
101468;42371;Orgyia antiquoides;ljungtofsspinnare;Art;72;Våtmark (V) - Stor betydelse, Havsstrand (H) - Har betydelse, Jordbrukslandskap (J) - Har betydelse;VU;B2ab(iii,v)c(iv)
215919;42383;Lygephila craccae;ljusribbat vickerfly;Art;964;Jordbrukslandskap (J) - Stor betydelse, Urban miljö (U) - Stor betydelse, Havsstrand (H) - Har betydelse;NT;B2ab(iii)c(iv)
101252;42385;Lygephila viciae;tvärbandat vickerfly;Art;443;Jordbrukslandskap (J) - Stor betydelse, Skog (S) - Stor betydelse, Havsstrand (H) - Har betydelse, Urban miljö (U) - Har betydelse;NT;B2b(ii,iii,iv,v)c(iv)
100173;42406;Acronicta tridens;treuddsaftonfly;Art;99;Jordbrukslandskap (J) - Stor betydelse, Våtmark (V) - Stor betydelse, Skog (S) - Har betydelse;VU;B2ab(iii,v)c(ii,iii,iv)
215920;42417;Tyta luctuosa;kalkfly;Art;1453;Jordbrukslandskap (J) - Stor betydelse, Havsstrand (H) - Har betydelse, Urban miljö (U) - Har betydelse;NT;B1b(iii,v)c(iv)+2b(iii,v)c(iv)
100733;42439;Bryophila domestica;blekgult lavfly;Art;570;Jordbrukslandskap (J) - Stor betydelse, Urban miljö (U) - Stor betydelse;NT;B2ac(iv)
101970;42449;Victrix umovii;barrskogslavfly;Art;19;Skog (S) - Stor betydelse;CR (PRE);A2c
102363;42452;Acosmetia caliginosa;töckenfly;Art;0;Jordbrukslandskap (J) - Stor betydelse, Våtmark (V) - Har betydelse;RE;
100764;42461;Cucullia argentea;silverfläckat kapuschongfly;Art;129;Jordbrukslandskap (J) - Stor betydelse, Urban miljö (U) - Stor betydelse, Havsstrand (H) - Har betydelse;CR (PRE);B1ab(i,ii,iv,v)c(iv)
100765;42462;Cucullia artemisiae;malörtskapuschongfly;Art;36;Jordbrukslandskap (J) - Stor betydelse, Urban miljö (U) - Stor betydelse, Havsstrand (H) - Har betydelse;EN;B2ac(iv)
100766;42470;Cucullia lychnitis;grågult kapuschongfly;Art;334;Jordbrukslandskap (J) - Stor betydelse, Urban miljö (U) - Stor betydelse;NT°;B2b(iii,v)c(ii,iii,iv)
100767;42471;Cucullia praecana;ljusgrått kapuschongfly;Art;83;Jordbrukslandskap (J) - Stor betydelse, Urban miljö (U) - Stor betydelse, Havsstrand (H) - Har betydelse;VU;B1b(i,ii,iii,iv,v)c(iv)+2b(i,ii,iii,iv,v)c(iv)
100769;42475;Cucullia verbasci;kungsljuskapuschongfly;Art;114;Havsstrand (H) - Stor betydelse, Urban miljö (U) - Stor betydelse, Jordbrukslandskap (J) - Har betydelse;VU°;B1ac(i,ii,iii,iv)+2ac(i,ii,iii,iv)
100803;42485;Deltote deceptoria;vitbandat glansfly;Art;87;Skog (S) - Stor betydelse, Jordbrukslandskap (J) - Har betydelse;VU°;B2b(iii,v)c(iii,iv)
101057;42496;Heliothis viriplaca;kardväddsknölfly;Art;459;Jordbrukslandskap (J) - Stor betydelse, Urban miljö (U) - Stor betydelse, Havsstrand (H) - Har betydelse;VU°;B2b(i,ii,iii,iv,v)c(iv)
102475;42504;Panemeria tenebrata;solfly;Art;0;Jordbrukslandskap (J) - Stor betydelse, Skog (S) - Stor betydelse;RE;
216027;42510;Chloantha hyperici;grått johannesörtsfly;Art;295;Havsstrand (H) - Stor betydelse, Jordbrukslandskap (J) - Har betydelse, Urban miljö (U) - Har betydelse;NT;B2b(ii,iii,iv,v)c(iv)
216123;42516;Amphipoea crinanensis;mindre stamfly;Art;402;Havsstrand (H) - Stor betydelse, Jordbrukslandskap (J) - Stor betydelse, Våtmark (V) - Stor betydelse;NT;B2b(ii,iii,iv,v)c(iv)
216100;42522;Apamea anceps;sandängsfly;Art;337;Havsstrand (H) - Stor betydelse, Jordbrukslandskap (J) - Stor betydelse, Urban miljö (U) - Har betydelse;NT;B2b(iii)c(iv)
216093;42529;Apamea kuusamoensis;fjällängsfly;Art;112;Fjäll (F) - Stor betydelse, Skog (S) - Stor betydelse, Våtmark (V) - Stor betydelse;NT;B2b(i,ii,iii,iv,v)
216129;42546;Calamia tridens;grönt hedmarksfly;Art;1138;Havsstrand (H) - Stor betydelse, Jordbrukslandskap (J) - Stor betydelse, Urban miljö (U) - Stor betydelse;NT;B2ab(ii,iii,iv,v)c(iv)
100677;42550;Coenobia rufa;dvärgrörfly;Art;102;Jordbrukslandskap (J) - Stor betydelse, Våtmark (V) - Stor betydelse, Havsstrand (H) - Har betydelse;NT;B2c(iv)
101086;42569;Hydraecia petasitis;pestrotsfly;Art;133;Jordbrukslandskap (J) - Stor betydelse, Urban miljö (U) - Stor betydelse, Våtmark (V) - Har betydelse;NT;B2b(iii,iv,v)c(iv)
100325;42597;Pabulatrix pabulatricula;ljusgrått ängsfly;Art;57;Jordbrukslandskap (J) - Stor betydelse, Skog (S) - Stor betydelse;EN;B2ab(iii,v)c(iv)
101555;42599;Photedes captiuncula;dvärgängsfly;Art;153;Jordbrukslandskap (J) - Stor betydelse, Våtmark (V) - Stor betydelse;VU;B2b(ii,iii,iv,v)c(iv)
101556;42603;Photedes morrisii;vitt stråfly;Art;86;Havsstrand (H) - Stor betydelse, Jordbrukslandskap (J) - Stor betydelse, Urban miljö (U) - Har betydelse;EN;B1ab(iii)c(iv)+2ab(iii)c(iv)
101557;42605;Phragmatiphila nexa;vinkelprytt rörfly;Art;67;Jordbrukslandskap (J) - Stor betydelse, Våtmark (V) - Stor betydelse;VU;B2b(ii,iii,iv,v)c(iv)
216147;42607;Protarchanara brevilinea;rotstreckat stråfly;Art;70;Havsstrand (H) - Stor betydelse;NT°;D2
101763;42613;Sedina buettneri;brunstarrsfly;Art;72;Jordbrukslandskap (J) - Stor betydelse, Våtmark (V) - Stor betydelse;NT;B2c(iv)
216016;42622;Athetis gluteosa;kalkhällsfly;Art;245;Jordbrukslandskap (J) - Stor betydelse, Havsstrand (H) - Har betydelse, Skog (S) - Har betydelse;NT;B2ab(v)
216017;42625;Athetis pallustris;kärrängsfly;Art;568;Jordbrukslandskap (J) - Stor betydelse, Havsstrand (H) - Har betydelse, Skog (S) - Har betydelse;NT;B2ab(ii,iii,iv,v)c(iv)
216215;42665;Lasionycta dovrensis;gråsvart fjällfly;Art;21;Fjäll (F) - Stor betydelse;NT;B1ab(iii)
216213;42666;Lasionycta secedens;gulvingat hedfly;Art;39;Fjäll (F) - Stor betydelse, Skog (S) - Stor betydelse, Våtmark (V) - Stor betydelse;NT;B2b(i,iii)
101028;42667;Lasionycta skraelingia;lappfjällfly;Art;39;Skog (S) - Stor betydelse, Våtmark (V) - Stor betydelse;VU;B2b(ii,iii,iv,v)c(iv)
216216;42668;Lasionycta staudingeri;högnordiskt hedfly;Art;42;Fjäll (F) - Stor betydelse;NT;B2ab(iii)c(iv)
100706;42679;Conisania leineri;vitribbat strandfly;Art;18;Havsstrand (H) - Stor betydelse, Jordbrukslandskap (J) - Har betydelse;CR;B1ab(ii,iii,iv,v)c(iv)+2ab(ii,iii,iv,v)c(iv)
216165;42686;Hadena albimacula;vitfläckat nejlikfly;Art;621;Jordbrukslandskap (J) - Stor betydelse, Havsstrand (H) - Har betydelse, Urban miljö (U) - Har betydelse;NT;B2b(ii,iii,iv,v)c(iv)
216161;42687;Hadena bicruris;större vitblärefly;Art;1132;Jordbrukslandskap (J) - Stor betydelse, Urban miljö (U) - Stor betydelse, Havsstrand (H) - Har betydelse;NT;B2b(iii,v)c(iv)
216162;42689;Hadena capsincola;mindre vitblärefly;Art;332;Jordbrukslandskap (J) - Stor betydelse, Urban miljö (U) - Stor betydelse, Havsstrand (H) - Har betydelse;NT;B2b(iii,v)c(iii,iv)
101029;42690;Hadena compta;vitbandat nejlikfly;Art;364;Jordbrukslandskap (J) - Stor betydelse, Urban miljö (U) - Stor betydelse, Havsstrand (H) - Har betydelse;NT;B2b(iii,v)c(iv)
216164;42691;Hadena confusa;praktnejlikfly;Art;1109;Jordbrukslandskap (J) - Stor betydelse, Havsstrand (H) - Har betydelse, Urban miljö (U) - Har betydelse;NT;B2b(iii,v)c(iv)
101030;42692;Hadena filograna;gulpudrat nejlikfly;Art;170;Jordbrukslandskap (J) - Stor betydelse, Havsstrand (H) - Har betydelse, Urban miljö (U) - Har betydelse;VU;B2b(i,ii,iii,iv,v)c(iv)
250163;42693;Hadena filograna estonica;;Underart;0;Havsstrand (H) - Stor betydelse, Jordbrukslandskap (J) - Stor betydelse;VU;B1b(iii,v)c(iv)+2b(iii,v)c(iv)
250164;42694;Hadena filograna xanthocyanea;;Underart;0;Jordbrukslandskap (J) - Stor betydelse, Havsstrand (H) - Har betydelse;VU;"B2b(iii,v)c(iv); D2"
102449;42695;Hadena irregularis;ockragult nejlikfly;Art;109;Jordbrukslandskap (J) - Stor betydelse, Urban miljö (U) - Har betydelse;VU;B1b(i,iii,v)c(iv)+2b(i,iii,v)c(iv)
216169;42696;Hadena perplexa;gulbrunt nejlikfly;Art;1933;Jordbrukslandskap (J) - Stor betydelse, Havsstrand (H) - Har betydelse, Urban miljö (U) - Har betydelse;VU;B2b(iii)c(iii,iv)
101612;42723;Polia lamuta;sibiriskt lundfly;Art;50;Fjäll (F) - Stor betydelse, Skog (S) - Stor betydelse, Våtmark (V) - Stor betydelse;EN;B1ab(iii)c(iv)+2ab(iii)c(iv)
216181;42725;Polia richardsoni;större hedfly;Art;42;Fjäll (F) - Stor betydelse;VU;B2ab(i,v)
101778;42729;Sideridis turbida;vitpunkterat lundfly;Art;176;Jordbrukslandskap (J) - Stor betydelse, Havsstrand (H) - Har betydelse, Urban miljö (U) - Har betydelse;EN;B2ab(ii,iii,iv,v)c(iv)
101365;42743;Mythimna litoralis;vitstreckat gräsfly;Art;112;Havsstrand (H) - Stor betydelse;VU;B2b(iii,v)c(iv)
101366;42747;Mythimna turca;rödbrunt gräsfly;Art;217;Jordbrukslandskap (J) - Stor betydelse, Skog (S) - Stor betydelse;NT;B2c(iv)
101769;42751;Senta flammea;strimvassfly;Art;82;Våtmark (V) - Stor betydelse, Havsstrand (H) - Har betydelse, Skog (S) - Har betydelse;NT;B2b(iii,v)c(iv)
102443;42772;Euxoa adumbrata;alvarjordfly;Art;190;Jordbrukslandskap (J) - Stor betydelse, Havsstrand (H) - Har betydelse, Skog (S) - Har betydelse;NT;B2b(iii,v)c(iv)
216281;42778;Euxoa recussa;storringat jordfly;Art;538;Jordbrukslandskap (J) - Stor betydelse, Urban miljö (U) - Stor betydelse, Havsstrand (H) - Har betydelse, Skog (S) - Har betydelse;NT;B2ab(iii,iv)
216287;42781;Euxoa vitta;stäppjordfly;Art;304;Jordbrukslandskap (J) - Stor betydelse, Skog (S) - Har betydelse;NT;B2b(iii,v)
101799;42855;Spaelotis suecica;mindre åsjordfly;Art;53;Skog (S) - Stor betydelse, Urban miljö (U) - Stor betydelse, Havsstrand (H) - Har betydelse, Jordbrukslandskap (J) - Har betydelse;CR (PRE);B2ab(i,ii,iv,v)c(i,ii,iii,iv)
216255;42860;Xestia alpicola;rödfläckigt jordfly;Art;419;Fjäll (F) - Stor betydelse, Skog (S) - Stor betydelse, Våtmark (V) - Stor betydelse;NT;B2b(iii)c(iv)
216262;42862;Xestia ashworthii;blågrått jordfly;Art;360;Jordbrukslandskap (J) - Stor betydelse, Skog (S) - Stor betydelse;NT;B2ab(i,iii,iv)
102514;42863;Xestia atrata;bredvingat skogsfly;Art;13;Skog (S) - Stor betydelse;EN;B2ab(iii,v)c(iv)
216248;42865;Xestia baltica;baltiskt skogsfly;Art;657;Skog (S) - Stor betydelse;NT;B2ab(ii,iii,iv,v)c(iv)
101981;42866;Xestia borealis;tajgafjällfly;Art;74;Skog (S) - Stor betydelse;EN;B2ab(i,ii,iii,iv,v)c(iv)
216265;42869;Xestia castanea;hedjordfly;Art;597;Havsstrand (H) - Stor betydelse, Jordbrukslandskap (J) - Stor betydelse, Skog (S) - Stor betydelse, Urban miljö (U) - Har betydelse;NT;B2ab(iii)
216266;42870;Xestia collina;backjordfly;Art;27;Skog (S) - Stor betydelse;VU;B2ab(iii)
101982;42871;Xestia distensa;östligt fjällfly;Art;50;Skog (S) - Stor betydelse;VU;B2ab(ii,iii)c(iv)
101984;42873;Xestia gelida;fjällskogsfly;Art;62;Skog (S) - Stor betydelse, Fjäll (F) - Har betydelse;VU;B2ab(ii,iii,iv,v)c(iv)
216252;42874;Xestia laetabilis;högnordiskt fjällfly;Art;141;Fjäll (F) - Stor betydelse, Skog (S) - Stor betydelse;VU;B2ab(iii)
216256;42875;Xestia lorezi;högfjällsfly;Art;44;Fjäll (F) - Stor betydelse;NT;B2b(iii)
216247;42876;Xestia lyngei;fjällhedsfly;Art;34;Fjäll (F) - Stor betydelse;VU;B1ab(iii,v)+2ab(iii,v)
216246;42877;Xestia quieta;spensligt hedfly;Art;15;Fjäll (F) - Stor betydelse;EN;B1ab(iii,v)+2ab(iii,v)
216249;42878;Xestia rhaetica;gråpudrat skogsfly;Art;152;Skog (S) - Stor betydelse;NT;B2b(iii)
101985;42880;Xestia sincera;urskogsfly;Art;72;Skog (S) - Stor betydelse;EN;B2ab(i,ii,iii,iv,v)c(iv)
101309;42942;Mesogona oxalina;krypvidefly;Art;75;Havsstrand (H) - Stor betydelse, Våtmark (V) - Har betydelse;VU;B2ab(iii,iv,v)
101619;42949;Polymixis flavicincta;gulfläckigt klippfly;Art;0;Havsstrand (H) - Stor betydelse, Jordbrukslandskap (J) - Stor betydelse, Urban miljö (U) - Stor betydelse;RE;
100718;42955;Cosmia affinis;gulbrunt rovfly;Art;127;Jordbrukslandskap (J) - Stor betydelse, Skog (S) - Stor betydelse;EN;B2b(ii,iii,v)c(iv)
100719;42956;Cosmia diffinis;almrovfly;Art;77;Jordbrukslandskap (J) - Stor betydelse, Skog (S) - Stor betydelse;VU;B1b(iii,v)c(iv)+2b(iii,v)c(iv)
216038;42957;Cosmia pyralina;brunrött rovfly;Art;1018;Jordbrukslandskap (J) - Stor betydelse, Skog (S) - Stor betydelse;NT;B2b(iii)c(iv)
100831;42960;Dicycla oo;kretsfly;Art;199;Jordbrukslandskap (J) - Stor betydelse, Skog (S) - Stor betydelse;VU;B2b(i,ii,iii,v)c(iv)
216047;42979;Agrochola lychnidis;streckbackfly;Art;492;Jordbrukslandskap (J) - Stor betydelse, Skog (S) - Stor betydelse, Urban miljö (U) - Har betydelse;NT;B2c(i,ii,iii,iv)
216044;42987;Cirrhia gilvago;ockragult gulvingsfly;Art;549;Jordbrukslandskap (J) - Stor betydelse, Skog (S) - Stor betydelse;NT;B2b(ii,iii,iv,v)c(iv)
102456;43002;Jodia croceago;saffransfly;Art;0;Jordbrukslandskap (J) - Stor betydelse, Skog (S) - Stor betydelse;RE;
216042;43015;Tiliacea sulphurago;tvåringat gulvingsfly;Art;0;Jordbrukslandskap (J) - Stor betydelse, Skog (S) - Stor betydelse;RE;
102510;43039;Trichosea ludifica;gäck;Art;0;Jordbrukslandskap (J) - Stor betydelse, Skog (S) - Har betydelse;RE;
101167;43071;Lamprotes c-aureum;förgyllt metallfly;Art;20;Skog (S) - Stor betydelse, Våtmark (V) - Stor betydelse;RE;
215943;43081;Autographa macrogamma;långfläckat metallfly;Art;237;Fjäll (F) - Stor betydelse, Jordbrukslandskap (J) - Stor betydelse, Skog (S) - Har betydelse;NT;B2b(v)c(iv)
215949;43092;Syngrapha hochenwarthi;fjällmetallfly;Art;43;Fjäll (F) - Stor betydelse, Jordbrukslandskap (J) - Stor betydelse, Skog (S) - Har betydelse;EN;B2b(i,iii,v)c(iv)
101418;43123;Nycteola svecica;grönvit fotsläpare;Art;1;Jordbrukslandskap (J) - Stor betydelse, Skog (S) - Har betydelse;RE;
101400;43136;Nola karelica;gungflytrågspinnare;Art;27;Våtmark (V) - Stor betydelse;VU;B2ab(ii,iii)c(iv)
100667;43195;Clostera anachoreta;svartfläckig högstjärt;Art;253;Skog (S) - Stor betydelse, Jordbrukslandskap (J) - Har betydelse;NT;B2ab(ii,iii,iv,v)
100668;43196;Clostera anastomosis;brungrå högstjärt;Art;283;Jordbrukslandskap (J) - Stor betydelse, Våtmark (V) - Stor betydelse, Skog (S) - Har betydelse;NT;B2ab(i,ii,iii,iv,v)
101685;43202;Pygaera timon;rysk högstjärt;Art;197;Skog (S) - Stor betydelse, Jordbrukslandskap (J) - Har betydelse;VU;B2ab(iii,v)c(iv)
101070;43212;Hesperia comma;silversmygare;Art;8850;Fjäll (F) - Stor betydelse, Jordbrukslandskap (J) - Stor betydelse, Havsstrand (H) - Har betydelse, Urban miljö (U) - Har betydelse;NT;A2bc
232265;43213;Hesperia comma catena;fjällsilversmygare;Underart;51;Fjäll (F) - Stor betydelse;VU;D1
250162;43214;Hesperia comma comma;;Underart;27;Jordbrukslandskap (J) - Stor betydelse, Havsstrand (H) - Har betydelse, Urban miljö (U) - Har betydelse, Våtmark (V) - Har betydelse;NT;A2bc+3c
201028;43219;Thymelicus lineola;mindre tåtelsmygare;Art;30380;Jordbrukslandskap (J) - Stor betydelse, Urban miljö (U) - Stor betydelse, Havsstrand (H) - Har betydelse, Skog (S) - Har betydelse;NT;A2b
101688;43232;Pyrgus alveus;kattunvisslare;Art;1038;Jordbrukslandskap (J) - Stor betydelse, Urban miljö (U) - Stor betydelse;VU;B2ab(ii,iii,iv,v)c(iv)
101689;43236;Pyrgus armoricanus;backvisslare;Art;524;Havsstrand (H) - Stor betydelse, Jordbrukslandskap (J) - Stor betydelse;VU;D1
101248;43249;Lycaena helle;violett guldvinge;Art;3626;Jordbrukslandskap (J) - Stor betydelse, Våtmark (V) - Stor betydelse, Urban miljö (U) - Har betydelse;VU;B2ab(iii)
102923;43251;Lycaena hippothoe;violettkantad guldvinge;Art;8358;Jordbrukslandskap (J) - Stor betydelse, Fjäll (F) - Har betydelse;VU;A2bc
201129;43258;Lycaena virgaureae;vitfläckig guldvinge;Art;22173;Jordbrukslandskap (J) - Stor betydelse, Urban miljö (U) - Har betydelse;NT;A2b
102919;43265;Agriades aquilo;högnordisk blåvinge;Art;467;Fjäll (F) - Stor betydelse;VU;B2ac(iv)
100399;43274;Aricia nicias;turkos blåvinge;Art;1886;Jordbrukslandskap (J) - Stor betydelse, Urban miljö (U) - Har betydelse;NT;B2ab(iii)c(iv)
100770;43283;Cupido minimus;mindre blåvinge;Art;8987;Jordbrukslandskap (J) - Stor betydelse, Urban miljö (U) - Stor betydelse, Fjäll (F) - Har betydelse, Havsstrand (H) - Har betydelse;VU;A2bc
201143;43285;Cyaniris semiargus;ängsblåvinge;Art;15584;Jordbrukslandskap (J) - Stor betydelse, Havsstrand (H) - Har betydelse, Urban miljö (U) - Har betydelse;VU;A2bc
259082;43288;Eumedonia eumedon arenicola;;Underart;2;Jordbrukslandskap (J) - Stor betydelse, Skog (S) - Har betydelse;EN;B1ab(ii,iii,v)+2ab(ii,iii,v)
259083;43290;Eumedonia eumedon praticola;;Underart;128;Jordbrukslandskap (J) - Stor betydelse, Skog (S) - Har betydelse;VU;B2ab(ii,iii,v)
101259;43298;Phengaris alcon;alkonblåvinge;Art;1786;Havsstrand (H) - Stor betydelse, Jordbrukslandskap (J) - Stor betydelse, Våtmark (V) - Stor betydelse;EN;"B2ab(i,ii,iii,iv,v); C2a(i)"
101260;43299;Phengaris arion;svartfläckig blåvinge;Art;15430;Jordbrukslandskap (J) - Stor betydelse, Havsstrand (H) - Har betydelse, Urban miljö (U) - Har betydelse;VU;B2b(i,ii,iii,iv,v)c(iv)
101598;43302;Plebejus argyrognomon;kronärtsblåvinge;Art;0;Jordbrukslandskap (J) - Stor betydelse, Urban miljö (U) - Stor betydelse;CR (PRE);B1ab(i,ii,iii,iv,v)c(iv)+2ab(i,ii,iii,iv,v)c(iv)
201146;43309;Polyommatus amandus;silverblåvinge;Art;19689;Jordbrukslandskap (J) - Stor betydelse, Havsstrand (H) - Har betydelse, Urban miljö (U) - Har betydelse;VU;A2b
201145;43310;Polyommatus dorylas;väpplingblåvinge;Art;1822;Jordbrukslandskap (J) - Stor betydelse, Havsstrand (H) - Har betydelse, Urban miljö (U) - Har betydelse;NT;B2b(iii,v)c(iv)
101741;43319;Scolitantides orion;fetörtsblåvinge;Art;4101;Havsstrand (H) - Stor betydelse;EN;B2ab(i,ii,iii,iv,v)
101732;43326;Satyrium ilicis;krattsnabbvinge;Art;663;Skog (S) - Stor betydelse, Jordbrukslandskap (J) - Har betydelse;NT;B2ab(iii)
201122;43328;Satyrium w-album;almsnabbvinge;Art;4654;Jordbrukslandskap (J) - Stor betydelse, Skog (S) - Stor betydelse;NT;A3ce
201080;43359;Boloria chariclea;arktisk pärlemorfjäril;Art;132;Fjäll (F) - Stor betydelse;NT;B2b(iii)
201078;43369;Boloria freija;Frejas pärlemorfjäril;Art;911;Fjäll (F) - Stor betydelse, Våtmark (V) - Stor betydelse;NT;B2ab(iii,v)
102396;43373;Boloria improba;dvärgpärlemorfjäril;Art;409;Fjäll (F) - Stor betydelse;EN;B1ab(iii,v)c(iv)+2ab(iii,v)c(iv)
102397;43377;Boloria polaris;högnordisk pärlemorfjäril;Art;61;Fjäll (F) - Stor betydelse;CR;B1ab(iii,v)+2ab(iii,v)
201075;43378;Boloria selene;brunfläckig pärlemorfjäril;Art;21593;Fjäll (F) - Stor betydelse, Jordbrukslandskap (J) - Stor betydelse, Skog (S) - Stor betydelse, Våtmark (V) - Stor betydelse, Urban miljö (U) - Har betydelse;VU;A2b
100977;43392;Fabriciana niobe;hedpärlemorfjäril;Art;2426;Jordbrukslandskap (J) - Stor betydelse, Havsstrand (H) - Har betydelse, Urban miljö (U) - Har betydelse;VU;B2ab(i,ii,iii,iv,v)c(iv)
101212;43401;Limenitis camilla;tryfjäril;Art;484;Jordbrukslandskap (J) - Stor betydelse, Skog (S) - Stor betydelse;NT°;B1ac(iv)+2ac(iv)
100942;43426;Euphydryas aurinia;väddnätfjäril;Art;89705;Jordbrukslandskap (J) - Stor betydelse, Våtmark (V) - Stor betydelse;VU;B2b(iii)c(iv)
102440;43427;Euphydryas iduna;lappnätfjäril;Art;206;Fjäll (F) - Stor betydelse, Våtmark (V) - Stor betydelse;NT;B1b(iii,v)c(ii,iv)
100943;43428;Euphydryas maturna;asknätfjäril;Art;17063;Skog (S) - Stor betydelse;EN;"B1ab(iii)c(iv)+2ab(iii)c(iv); C2b"
101300;43434;Melitaea britomartis;veronikanätfjäril;Art;0;Jordbrukslandskap (J) - Stor betydelse, Skog (S) - Har betydelse, Urban miljö (U) - Har betydelse;CR (PRE);B2ab(i,ii,iii,iv,v)
102922;43435;Melitaea cinxia;ängsnätfjäril;Art;6474;Havsstrand (H) - Stor betydelse, Jordbrukslandskap (J) - Stor betydelse, Urban miljö (U) - Har betydelse;NT;B2b(ii,iii,iv)c(iv)
250165;43436;Melitaea cinxia cinxia;;Underart;0;Jordbrukslandskap (J) - Stor betydelse, Havsstrand (H) - Har betydelse, Urban miljö (U) - Har betydelse, Våtmark (V) - Har betydelse;VU;A2abc
250166;43437;Melitaea cinxia winbladi;;Underart;1;Jordbrukslandskap (J) - Stor betydelse, Skog (S) - Har betydelse, Urban miljö (U) - Har betydelse;NT;B1b(ii,iii)c(iv)
101298;43438;Melitaea diamina;sotnätfjäril;Art;4296;Jordbrukslandskap (J) - Stor betydelse, Våtmark (V) - Stor betydelse, Skog (S) - Har betydelse;NT;B2ab(iii,v)
100679;43450;Coenonympha hero;brun gräsfjäril;Art;6785;Jordbrukslandskap (J) - Stor betydelse, Skog (S) - Stor betydelse, Urban miljö (U) - Har betydelse;VU;A2bc
201108;43454;Coenonympha tullia;starrgräsfjäril;Art;3519;Jordbrukslandskap (J) - Stor betydelse, Våtmark (V) - Stor betydelse;VU;A2b
201116;43464;Lasiommata petropolitana;berggräsfjäril;Art;6381;Jordbrukslandskap (J) - Stor betydelse, Skog (S) - Stor betydelse;NT;A2bc
101242;43467;Lopinga achine;dårgräsfjäril;Art;5442;Jordbrukslandskap (J) - Stor betydelse, Skog (S) - Stor betydelse;NT;B2b(iii)
232144;43468;Lopinga achine suecica;;Underart;0;Jordbrukslandskap (J) - Stor betydelse, Skog (S) - Stor betydelse;VU;"B1b(iii,v)c(iv)+2b(iii,v)c(iv); E"
232145;43469;Lopinga achine rambringi;;Underart;0;Skog (S) - Stor betydelse, Jordbrukslandskap (J) - Har betydelse;NT;B1b(iii)c(iv)
201097;43505;Oeneis bore;tundragräsfjäril;Art;104;Fjäll (F) - Stor betydelse;VU;B2b(i,ii,iii,iv,v)c(iv)
101509;43518;Parnassius apollo;apollofjäril;Art;35115;Havsstrand (H) - Stor betydelse, Jordbrukslandskap (J) - Stor betydelse, Skog (S) - Stor betydelse, Urban miljö (U) - Har betydelse;NT;B2ac(iv)
232143;43519;Parnassius apollo apollo;gotlandsapollo;Underart;1;Havsstrand (H) - Stor betydelse, Jordbrukslandskap (J) - Stor betydelse, Skog (S) - Har betydelse, Urban miljö (U) - Har betydelse;NT;B1c(iv)
232142;43521;Parnassius apollo scandinavicus;fastlandsapollo;Underart;0;Jordbrukslandskap (J) - Stor betydelse, Havsstrand (H) - Har betydelse, Skog (S) - Har betydelse, Urban miljö (U) - Har betydelse;EN;B2ac(iv)
101510;43522;Parnassius mnemosyne;mnemosynefjäril;Art;0;Jordbrukslandskap (J) - Stor betydelse;EN;B2ab(i,ii,iii,iv)
102409;43534;Colias hecla;högnordisk höfjäril;Art;481;Fjäll (F) - Stor betydelse;NT;B2ab(iii,iv)c(iv)
201048;43538;Colias tyche;fjällhöfjäril;Art;810;Fjäll (F) - Stor betydelse;NT;A2b
101621;43567;Pontia edusa;grönfläckig vitfjäril;Art;493;Jordbrukslandskap (J) - Stor betydelse, Urban miljö (U) - Stor betydelse, Havsstrand (H) - Har betydelse;EN;B1ab(iii,v)c(iv)+2ab(iii,v)c(iv)
101037;43571;Hamearis lucina;gullvivefjäril;Art;1515;Jordbrukslandskap (J) - Stor betydelse, Skog (S) - Stor betydelse;VU;B2ab(ii,iii,iv,v)
101591;43587;Buszkoiana capnodactyla;pestskråpsfjädermott;Art;11;Jordbrukslandskap (J) - Stor betydelse, Urban miljö (U) - Stor betydelse;VU;B1ab(iii)+2ab(iii)
102489;43589;Calyciphora albodactyla;spåtistelsfjädermott;Art;128;Jordbrukslandskap (J) - Stor betydelse, Urban miljö (U) - Har betydelse;VU;B2ab(iii)
101493;43596;Crombrugghia distans;klofibblefjädermott;Art;181;Jordbrukslandskap (J) - Stor betydelse, Urban miljö (U) - Stor betydelse;NT;B2a
102462;43617;Marasmarcha lunaedactyla;puktörnefjädermott;Art;91;Jordbrukslandskap (J) - Stor betydelse, Urban miljö (U) - Stor betydelse;NT;B2b(iii)
101669;43619;Merrifieldia baliodactyla;kungsmyntefjädermott;Art;267;Jordbrukslandskap (J) - Stor betydelse, Urban miljö (U) - Har betydelse;NT;B2ab(ii,iii,iv)
102488;43620;Merrifieldia leucodactyla;linjesprötat timjanfjädermott;Art;291;Jordbrukslandskap (J) - Stor betydelse, Havsstrand (H) - Har betydelse, Urban miljö (U) - Har betydelse;NT;B2ab(ii,iii,iv)
215300;43621;Merrifieldia tridactyla;fläcksprötat timjanfjädermott;Art;251;Jordbrukslandskap (J) - Stor betydelse, Havsstrand (H) - Har betydelse, Urban miljö (U) - Har betydelse;NT;B2ab(i,ii,iii,iv,v)
101442;43624;Oidaematophorus rogenhoferi;gråbinkefjädermott;Art;8;Jordbrukslandskap (J) - Stor betydelse, Urban miljö (U) - Stor betydelse;VU;B2ab(iii)
101443;43625;Oidaematophorus vafradactylus;brunt krisslefjädermott;Art;34;Jordbrukslandskap (J) - Stor betydelse, Våtmark (V) - Stor betydelse, Havsstrand (H) - Har betydelse;VU;B2ab(iii)
6004680;43637;Platyptilia isodactyla;vattenståndsfjädermott;Art;3;Våtmark (V) - Stor betydelse, Jordbrukslandskap (J) - Har betydelse, Urban miljö (U) - Har betydelse;VU;D2
102482;43639;Platyptilia tesseradactyla;kattfotsfjädermott;Art;103;Jordbrukslandskap (J) - Stor betydelse, Urban miljö (U) - Stor betydelse, Fjäll (F) - Har betydelse;VU;B2ab(ii,iii,iv)
215274;43649;Stenoptilia islandica;tuvbräckefjädermott;Art;7;Fjäll (F) - Stor betydelse;VU;B1ab(iii)c(iv)+2ab(iii)c(iv)
101830;43652;Stenoptilia pneumonanthes;klockgentianafjädermott;Art;15;Jordbrukslandskap (J) - Stor betydelse, Våtmark (V) - Stor betydelse;CR;B1ab(iii)+2ab(iii)
215271;43654;Stenoptilia veronicae;strandveronikefjädermott;Art;93;Jordbrukslandskap (J) - Stor betydelse, Havsstrand (H) - Har betydelse, Våtmark (V) - Har betydelse;NT;B2b(iii)
215411;43674;Agriphila deliella;svartstrimmigt gräsmott;Art;42;Havsstrand (H) - Stor betydelse, Jordbrukslandskap (J) - Stor betydelse, Skog (S) - Stor betydelse, Urban miljö (U) - Stor betydelse;VU;B2ab(ii,iii,iv)
100225;43678;Agriphila poliella;smalvingegräsmott;Art;28;Jordbrukslandskap (J) - Stor betydelse, Skog (S) - Stor betydelse, Urban miljö (U) - Har betydelse;VU;"B2ab(iii,iv); D2"
215432;43690;Catoptria lythargyrella;glänsande sandgräsmott;Art;104;Havsstrand (H) - Stor betydelse, Jordbrukslandskap (J) - Stor betydelse, Urban miljö (U) - Stor betydelse;VU;B2ab(iii)
100973;43736;Evergestis frumentalis;flammigt senapsmott;Art;1;Jordbrukslandskap (J) - Stor betydelse, Urban miljö (U) - Har betydelse;RE;
215396;43743;Heliothela wulfeniana;svart violmott;Art;111;Havsstrand (H) - Stor betydelse, Jordbrukslandskap (J) - Stor betydelse, Urban miljö (U) - Stor betydelse;NT;B2ac(iv)
102384;43746;Atralata albofascialis;krisslesorgmott;Art;77;Jordbrukslandskap (J) - Stor betydelse, Våtmark (V) - Stor betydelse;NT;B2b(iii)
215472;43770;Loxostege commixtalis;myrljusmott;Art;23;Våtmark (V) - Stor betydelse;NT;B2ab(iii,v)
102461;43772;Loxostege manualis;alvarljusmott;Art;43;Jordbrukslandskap (J) - Stor betydelse;VU;D2
102492;43787;Pyrausta aerealis;sandfältsljusmott;Art;240;Jordbrukslandskap (J) - Stor betydelse, Havsstrand (H) - Har betydelse, Urban miljö (U) - Har betydelse;VU;B2ab(ii,iii,iv,v)
102491;43789;Pyrausta cingulata;gördelljusmott;Art;87;Jordbrukslandskap (J) - Stor betydelse, Havsstrand (H) - Har betydelse, Urban miljö (U) - Har betydelse;VU;B2ab(iii)
215482;43791;Pyrausta nigrata;svart ljusmott;Art;354;Jordbrukslandskap (J) - Stor betydelse, Havsstrand (H) - Har betydelse, Urban miljö (U) - Har betydelse;NT;B2b(iii)
215481;43792;Pyrausta ostrinalis;dubbelbandat ljusmott;Art;765;Jordbrukslandskap (J) - Stor betydelse, Havsstrand (H) - Har betydelse, Urban miljö (U) - Har betydelse;NT;B2ab(iii)
102493;43793;Pyrausta porphyralis;porfyrljusmott;Art;100;Fjäll (F) - Stor betydelse, Jordbrukslandskap (J) - Stor betydelse, Urban miljö (U) - Stor betydelse;VU;B2ab(ii,iii,iv,v)
102494;43795;Pyrausta sanguinalis;blodrött ljusmott;Art;76;Havsstrand (H) - Stor betydelse, Jordbrukslandskap (J) - Stor betydelse, Urban miljö (U) - Har betydelse;EN;B2ab(iii)
100937;43811;Eudonia aequalis;tajgaugglemott;Art;3;Skog (S) - Stor betydelse;EN;B2ab(iii)
100938;43815;Eudonia laetella;vitt ugglemott;Art;139;Jordbrukslandskap (J) - Stor betydelse, Skog (S) - Stor betydelse;NT;B2b(iii)c(ii,iii,iv)
215383;43827;Scoparia conicella;bokskogsugglemott;Art;39;Skog (S) - Stor betydelse, Jordbrukslandskap (J) - Har betydelse;NT;B2c(i,ii,iii,iv)
102420;43839;Diasemia reticularis;bokstavsmott;Art;135;Jordbrukslandskap (J) - Stor betydelse;VU°;B2ab(iii)
215467;43875;Udea olivalis;kvadratmott;Art;459;Jordbrukslandskap (J) - Stor betydelse, Skog (S) - Stor betydelse;NT;B2ab(iii)
102364;43901;Acrobasis tumidana;bergeksbladmott;Art;141;Skog (S) - Stor betydelse;NT;B2a
100370;43908;Apomyelois bistriatella;skiktdynemott;Art;331;Skog (S) - Stor betydelse, Jordbrukslandskap (J) - Har betydelse, Våtmark (V) - Har betydelse;NT;B2ab(iii)c(iv)
215323;43918;Catastia kistrandella;stenblocksmott;Art;5;Fjäll (F) - Stor betydelse;EN;B2ab(iii)
215322;43919;Catastia marginea;guldfransmott;Art;83;Fjäll (F) - Stor betydelse, Jordbrukslandskap (J) - Stor betydelse;VU;B2ab(i,ii,iii,iv)
215321;43924;Delplanqueia dilutella;brunt timjansmott;Art;482;Jordbrukslandskap (J) - Stor betydelse, Havsstrand (H) - Har betydelse, Skog (S) - Har betydelse, Urban miljö (U) - Har betydelse;VU;B2ab(ii,iii)
6010501;43925;Delplanqueia inscriptella;förväxlat timjansmott;Art;170;Jordbrukslandskap (J) - Stor betydelse, Havsstrand (H) - Har betydelse, Skog (S) - Har betydelse, Urban miljö (U) - Har betydelse;NT;B2b(iii)
102435;43939;Ephestia mistralella;kråkrismott;Art;13;Havsstrand (H) - Stor betydelse;NT;D2
101360;43946;Eurhodope cirrigerella;åkerväddsmott;Art;67;Jordbrukslandskap (J) - Stor betydelse, Havsstrand (H) - Har betydelse;VU;B2ab(i,ii,iii,iv,v)
100958;43947;Eurhodope rosella;rosenmott;Art;8;Jordbrukslandskap (J) - Stor betydelse;CR;B2ab(iii,v)
215357;43952;Euzophera pinguis;askbarkmott;Art;1369;Jordbrukslandskap (J) - Stor betydelse, Skog (S) - Stor betydelse;NT;B2ab(v)
102359;43964;Khorassania compositella;alvarmolnmott;Art;121;Jordbrukslandskap (J) - Stor betydelse;NT;B2ab(iii)
215320;43981;Pempeliella ornatella;brokigt timjansmott;Art;582;Jordbrukslandskap (J) - Stor betydelse, Havsstrand (H) - Har betydelse, Skog (S) - Har betydelse, Urban miljö (U) - Har betydelse;NT;B2ab(iii)
248318;44004;Salebriopsis albicilla;vithövdat molnmott;Art;25;Jordbrukslandskap (J) - Stor betydelse, Skog (S) - Stor betydelse;VU;B2b(iii)c(iv)
102370;44061;Agnathosia sandoeensis;tallsvampmal;Art;14;Skog (S) - Stor betydelse;VU;B1ac(iv)+2ac(iv)
102455;44064;Infurcitinea argentimaculella;eklavmal;Art;53;Jordbrukslandskap (J) - Stor betydelse, Skog (S) - Stor betydelse;NT;B2ab(iii)
101136;44067;Karsholtia marianii;månlavmal;Art;14;Jordbrukslandskap (J) - Stor betydelse, Skog (S) - Stor betydelse;NT;B2ab(iii)
100908;44076;Whittleia retiella;nätsäckspinnare;Art;7;Havsstrand (H) - Stor betydelse, Jordbrukslandskap (J) - Stor betydelse;CR;B1ab(iii,v)+2ab(iii,v)
214010;44106;Phalacropterix graslinella;silkessäckspinnare;Art;67;Jordbrukslandskap (J) - Stor betydelse, Skog (S) - Stor betydelse, Våtmark (V) - Stor betydelse, Urban miljö (U) - Har betydelse;NT;B2b(i,ii,iii,iv,v)
100437;44113;Bacotia claustrella;klocksäckspinnare;Art;89;Jordbrukslandskap (J) - Stor betydelse, Skog (S) - Stor betydelse, Urban miljö (U) - Har betydelse;NT;B2a
102467;44148;Nemapogon falstriellus;sorgsvampmal;Art;37;Jordbrukslandskap (J) - Stor betydelse, Skog (S) - Stor betydelse;VU;B2ab(iii,iv)c(iv)
102468;44149;Nemapogon fungivorellus;korkmusslingsmal;Art;70;Jordbrukslandskap (J) - Stor betydelse, Skog (S) - Stor betydelse;NT;B2ab(iii,iv)
264893;44151;Nemapogon gliriellus;styvskinnsmal;Art;9;Skog (S) - Stor betydelse, Jordbrukslandskap (J) - Har betydelse;EN;B1ab(iii)
101921;44163;Triaxomasia caprimulgella;hålträdssvampmal;Art;14;Jordbrukslandskap (J) - Stor betydelse, Skog (S) - Stor betydelse;EN;B2ab(iii,iv)
102487;44183;Psychoides verhuella;svartbräkenmal;Art;94;Skog (S) - Stor betydelse, Urban miljö (U) - Stor betydelse;NT;B2b(iii)c(iv)
102431;44186;Elatobia fuliginosella;tallbarksmal;Art;41;Skog (S) - Stor betydelse;VU;B2ab(iii)
102473;44200;Niditinea truncicolella;hästmyrebomal;Art;14;Skog (S) - Stor betydelse;NT;B2ab(iii)
102508;44216;Trichophaga scandinaviella;spybollsmal;Art;114;Jordbrukslandskap (J) - Stor betydelse, Skog (S) - Stor betydelse;NT;B2a
102509;44217;Trichophaga tapetzella;tapetmal;Art;13;Urban miljö (U) - Stor betydelse;RE;
258576;44220;Pelecystola fraudulentella;skimmersvampmal;Art;10;Skog (S) - Stor betydelse;EN;B1ab(iii)+2ab(iii)
100280;44251;Ancylis paludana;kärrvialssikelvecklare;Art;58;Havsstrand (H) - Stor betydelse, Våtmark (V) - Stor betydelse;NT;B2ab(iii)
215153;44259;Ancylis upupana;almsikelvecklare;Art;49;Jordbrukslandskap (J) - Stor betydelse, Skog (S) - Stor betydelse;NT;A3ce
100411;44287;Aterpia sieversiana;agmyrvecklare;Art;4;Jordbrukslandskap (J) - Stor betydelse, Våtmark (V) - Stor betydelse, Skog (S) - Har betydelse;VU;D2
100438;44294;Bactra suedana;strecksumpvecklare;Art;17;Jordbrukslandskap (J) - Stor betydelse, Våtmark (V) - Stor betydelse;NT;B2a
102474;44296;Capricornia boisduvaliana;blybandsbrokvecklare;Art;10;Jordbrukslandskap (J) - Stor betydelse, Urban miljö (U) - Har betydelse;EN;B2ab(iii)
215017;44298;Celypha aurofasciana;gulbandsvecklare;Art;60;Skog (S) - Stor betydelse, Jordbrukslandskap (J) - Har betydelse;NT;B2a
100776;44323;Cydia cornucopiae;aspskogsvecklare;Art;17;Skog (S) - Stor betydelse;EN;B2ab(iii)
215195;44333;Cydia leguminana;almbarksvecklare;Art;7;Jordbrukslandskap (J) - Stor betydelse, Skog (S) - Stor betydelse, Urban miljö (U) - Har betydelse;EN;B2ab(iii)
215182;44335;Cydia microgrammana;puktörnevecklare;Art;33;Jordbrukslandskap (J) - Stor betydelse, Urban miljö (U) - Stor betydelse;NT;B2ab(iii)
100825;44356;Dichrorampha consortana;prästkragsstjälkvecklare;Art;22;Jordbrukslandskap (J) - Stor betydelse, Urban miljö (U) - Stor betydelse;NT;B2b(iii)c(iv)
100826;44359;Dichrorampha incognitana;grå röllikerotvecklare;Art;3;Jordbrukslandskap (J) - Stor betydelse, Urban miljö (U) - Har betydelse;EN;B1ab(iii,iv)+2ab(iii,iv)
215234;44365;Dichrorampha senectana;grågul alvarrotvecklare;Art;17;Jordbrukslandskap (J) - Stor betydelse, Urban miljö (U) - Har betydelse;VU;B2ab(iii)
102432;44375;Endothenia hebesana;stormhattsrotvecklare;Art;11;Skog (S) - Stor betydelse, Jordbrukslandskap (J) - Har betydelse, Urban miljö (U) - Har betydelse;NT;B1ab(iii)+2ab(iii)
102433;44377;Endothenia nigricostana;stinksyskevecklare;Art;37;Skog (S) - Stor betydelse, Jordbrukslandskap (J) - Har betydelse;NT;B2ab(iii)
100895;44378;Endothenia oblongana;klintrotvecklare;Art;57;Jordbrukslandskap (J) - Stor betydelse, Urban miljö (U) - Stor betydelse, Havsstrand (H) - Har betydelse;NT;B2ab(iii)
6003436;44379;Endothenia pullana;knölsyskevecklare;Art;13;Våtmark (V) - Stor betydelse, Jordbrukslandskap (J) - Har betydelse, Urban miljö (U) - Har betydelse;NT;B2a
102436;44390;Epiblema junctana;krisslevecklare;Art;65;Jordbrukslandskap (J) - Stor betydelse, Våtmark (V) - Stor betydelse;NT;B2ab(iii)
100932;44437;Eucosma balatonana;bitterfibblefrövecklare;Art;24;Jordbrukslandskap (J) - Stor betydelse, Urban miljö (U) - Stor betydelse;NT;B1ab(v)+2ab(v)
100933;44447;Eucosma krygeri;strandmalörtsgallvecklare;Art;19;Havsstrand (H) - Stor betydelse, Jordbrukslandskap (J) - Stor betydelse;CR;B1ab(iii)c(iv)+2ab(iii)c(iv)
215108;44449;Eucosma messingiana;gul rotvecklare;Art;56;Jordbrukslandskap (J) - Stor betydelse, Havsstrand (H) - Har betydelse, Urban miljö (U) - Har betydelse;NT;B2ab(ii,iii,v)
215112;44454;Eucosma saussureana;fjällskärefrövecklare;Art;8;Fjäll (F) - Stor betydelse, Jordbrukslandskap (J) - Stor betydelse, Våtmark (V) - Stor betydelse, Urban miljö (U) - Har betydelse;VU;B1ab(iii)+2ab(iii)
100934;44455;Eucosma scorzonerana;svinrotsvecklare;Art;68;Jordbrukslandskap (J) - Stor betydelse, Urban miljö (U) - Har betydelse;VU;B2ab(i,ii,iii,iv)
100775;44469;Grapholita caecana;skogsklövervecklare;Art;13;Jordbrukslandskap (J) - Stor betydelse, Urban miljö (U) - Stor betydelse;EN;B2ab(iii)
102412;44474;Grapholita gemmiferana;backvialsvecklare;Art;15;Jordbrukslandskap (J) - Stor betydelse, Skog (S) - Stor betydelse, Urban miljö (U) - Har betydelse;VU;B2ab(iii)
215168;44482;Grapholita pallifrontana;sötvedelsvecklare;Art;65;Jordbrukslandskap (J) - Stor betydelse, Urban miljö (U) - Stor betydelse;NT;B2ab(iii)
101501;44523;Pammene agnotana;hagtornssolvecklare;Art;26;Jordbrukslandskap (J) - Stor betydelse;NT;B1a+2a
215210;44545;Pammene suspectana;asksolvecklare;Art;72;Jordbrukslandskap (J) - Stor betydelse, Skog (S) - Stor betydelse;NT;B2b(iii)
215092;44548;Pelochrista caecimaculana;rödklintsrotvecklare;Art;287;Jordbrukslandskap (J) - Stor betydelse, Urban miljö (U) - Stor betydelse, Havsstrand (H) - Har betydelse;NT;B2ab(iii)
215095;44549;Pelochrista huebneriana;månskärerotvecklare;Art;163;Jordbrukslandskap (J) - Stor betydelse, Urban miljö (U) - Stor betydelse;NT;B2ab(ii,iii,v)
215094;44550;Pelochrista infidana;fältmalörtsrotvecklare;Art;138;Havsstrand (H) - Stor betydelse, Jordbrukslandskap (J) - Stor betydelse, Urban miljö (U) - Stor betydelse;VU;B2ab(iii)
215093;44551;Pelochrista mollitana;krisslerotvecklare;Art;83;Jordbrukslandskap (J) - Stor betydelse, Våtmark (V) - Stor betydelse;NT;B2ac(iv)
101444;44555;Phiaris heinrichana;tajgabrokvecklare;Art;24;Skog (S) - Stor betydelse;VU;B2ab(i,ii,iii,iv,v)c(iv)
102485;44568;Pristerognatha penthinana;springkornsrotvecklare;Art;11;Jordbrukslandskap (J) - Stor betydelse, Skog (S) - Stor betydelse;VU;B2ab(iii)
214984;44593;Selenodes karelica;åkerväddsvecklare;Art;51;Jordbrukslandskap (J) - Stor betydelse, Urban miljö (U) - Stor betydelse;NT;B2ab(iii)
250432;44630;Acleris kochiella;almvårvecklare;Art;13;Jordbrukslandskap (J) - Har betydelse, Skog (S) - Har betydelse;VU;A3ce
100160;44638;Acleris obtusana;mindre aspvårvecklare;Art;30;Jordbrukslandskap (J) - Stor betydelse, Skog (S) - Stor betydelse;NT;B2ab(iii)
100161;44639;Acleris permutana;nyponhöstvecklare;Art;48;Jordbrukslandskap (J) - Stor betydelse, Skog (S) - Har betydelse;VU;B2ab(i,ii,iii,iv,v)
100162;44640;Acleris quercinana;brun ekvårvecklare;Art;5;Skog (S) - Stor betydelse;EN;B1ab(ii,iii,v)c(iv)+2ab(ii,iii,v)c(iv)
102360;44642;Acleris roscidana;större aspvårvecklare;Art;327;Jordbrukslandskap (J) - Stor betydelse, Skog (S) - Stor betydelse;NT;B2ab(iii)
102361;44645;Acleris schalleriana;olvonvårvecklare;Art;58;Jordbrukslandskap (J) - Stor betydelse, Skog (S) - Stor betydelse;NT;B2ab(ii,iii,iv)
100185;44654;Aethes beatricella;odörtsblomvecklare;Art;25;Havsstrand (H) - Stor betydelse, Jordbrukslandskap (J) - Stor betydelse, Urban miljö (U) - Stor betydelse;VU;B2ac(iv)
214849;44657;Aethes dilucidana;strandkvanneblomvecklare;Art;32;Havsstrand (H) - Stor betydelse;VU;B1ab(iii)+2ab(iii)
102367;44659;Aethes fennicana;strätteblomvecklare;Art;16;Havsstrand (H) - Stor betydelse;NT;B2a
102368;44669;Aethes tesserana;rutig korgblomvecklare;Art;13;Jordbrukslandskap (J) - Stor betydelse, Urban miljö (U) - Stor betydelse;CR;B2ab(iii,v)
102395;44700;Clepsis neglectana;smultronsvecklare;Art;22;Jordbrukslandskap (J) - Stor betydelse;VU;D2
214964;44702;Clepsis pallidana;sandsnedbandsvecklare;Art;154;Havsstrand (H) - Stor betydelse, Jordbrukslandskap (J) - Stor betydelse, Urban miljö (U) - Stor betydelse;VU;B2ab(iii,v)c(iv)
214860;44723;Cochylidia heydeniana;gråbinkevecklare;Art;109;Jordbrukslandskap (J) - Stor betydelse, Urban miljö (U) - Stor betydelse;NT;B2ab(iii)
214859;44726;Cochylidia moguntiana;mindre fältmalörtsrotvecklare;Art;32;Jordbrukslandskap (J) - Stor betydelse, Urban miljö (U) - Har betydelse;VU;B2ab(ii,iii)
100671;44727;Cochylidia richteriana;större fältmalörtsrotvecklare;Art;83;Jordbrukslandskap (J) - Stor betydelse, Urban miljö (U) - Har betydelse;EN;B2ab(i,ii,iii,iv)
102398;44732;Cochylimorpha hilarana;fältmalörtsgallvecklare;Art;3;Jordbrukslandskap (J) - Stor betydelse, Havsstrand (H) - Har betydelse, Urban miljö (U) - Har betydelse;CR (PRE);B1ac(iv)+2ac(iv)
100672;44733;Cochylimorpha straminea;svartklintsblomvecklare;Art;46;Jordbrukslandskap (J) - Stor betydelse, Urban miljö (U) - Stor betydelse, Havsstrand (H) - Har betydelse;NT;D2
100673;44734;Cochylimorpha woliniana;malörtsvecklare;Art;24;Jordbrukslandskap (J) - Stor betydelse, Urban miljö (U) - Stor betydelse;NT;B1a+2a
100674;44738;Cochylis epilinana;linvecklare;Art;0;Jordbrukslandskap (J) - Stor betydelse;RE;
100849;44750;Doloploca punctulana;tryvårvecklare;Art;43;Jordbrukslandskap (J) - Stor betydelse, Skog (S) - Stor betydelse;VU;B2ab(i,ii,iv)
102423;44752;Eana argentana;silvergråvecklare;Art;48;Havsstrand (H) - Stor betydelse, Jordbrukslandskap (J) - Stor betydelse, Urban miljö (U) - Stor betydelse;EN;B2ab(ii,iii,iv)
214915;44753;Eana derivana;mindre gulfläcksgråvecklare;Art;132;Skog (S) - Stor betydelse, Jordbrukslandskap (J) - Har betydelse;NT;B2ab(iii,v)
100956;44766;Eupoecilia cebrana;hedblomstervecklare;Art;0;Jordbrukslandskap (J) - Stor betydelse, Urban miljö (U) - Har betydelse;RE;
100957;44767;Eupoecilia sanguisorbana;blodtoppsblomvecklare;Art;95;Jordbrukslandskap (J) - Stor betydelse, Våtmark (V) - Stor betydelse, Urban miljö (U) - Har betydelse;VU;B1ab(ii,iii,iv,v)c(iii)+2ab(ii,iii,iv,v)c(iii)
101918;44809;Phtheochroa schreibersiana;almgallvecklare;Art;7;Jordbrukslandskap (J) - Stor betydelse, Skog (S) - Stor betydelse;EN;B1ab(iii)+2ab(iii)
214907;44833;Xerocnephasia rigana;större vitbandsvecklare;Art;170;Jordbrukslandskap (J) - Stor betydelse, Urban miljö (U) - Har betydelse;VU;B2ab(i,ii,iii,iv,v)
102421;44889;Digitivalva arnicella;slåttergubbemal;Art;460;Jordbrukslandskap (J) - Stor betydelse, Urban miljö (U) - Har betydelse;VU;B2ab(i,ii,iii,iv,v)
102422;44891;Digitivalva valeriella;luddkrisslemal;Art;10;Jordbrukslandskap (J) - Stor betydelse;CR;B1ab(iii,v)+2ab(iii,v)
102451;44906;Heliodines roesella;lungrotsmal;Art;556;Jordbrukslandskap (J) - Stor betydelse, Urban miljö (U) - Har betydelse;VU;B2ab(i,ii,iii,iv)
214205;44935;Rhigognostis annulatella;skörbjuggsörtsmal;Art;14;Havsstrand (H) - Stor betydelse;NT;B2ac(iv)
214136;44991;Zelleria hepariella;askbrunmal;Art;292;Jordbrukslandskap (J) - Stor betydelse, Skog (S) - Stor betydelse;NT;B2ab(iii)
101427;44996;Ochsenheimeria mediopectinella;mörkspräcklig hornmal;Art;7;Jordbrukslandskap (J) - Stor betydelse, Urban miljö (U) - Har betydelse;NT;B2ab(iii)
101074;45026;Heterogenea asella;mindre snigelspinnare;Art;176;Skog (S) - Stor betydelse, Jordbrukslandskap (J) - Har betydelse;NT;B2c(iv)
102366;45033;Adscita statices;ängsmetallvinge;Art;10821;Jordbrukslandskap (J) - Stor betydelse, Havsstrand (H) - Har betydelse, Skog (S) - Har betydelse, Urban miljö (U) - Har betydelse;NT;A2c
201164;45042;Zygaena filipendulae;sexfläckig bastardsvärmare;Art;17405;Jordbrukslandskap (J) - Stor betydelse, Urban miljö (U) - Stor betydelse, Havsstrand (H) - Har betydelse;VU;A2bc
102018;45044;Zygaena lonicerae;bredbrämad bastardsvärmare;Art;9400;Jordbrukslandskap (J) - Stor betydelse, Havsstrand (H) - Har betydelse, Skog (S) - Har betydelse, Urban miljö (U) - Har betydelse;VU;A2bc
102019;45045;Zygaena minos;klubbsprötad bastardsvärmare;Art;3822;Jordbrukslandskap (J) - Stor betydelse, Urban miljö (U) - Stor betydelse, Havsstrand (H) - Har betydelse, Skog (S) - Har betydelse;NT°;
102020;45046;Zygaena osterodensis;smalsprötad bastardsvärmare;Art;3142;Jordbrukslandskap (J) - Stor betydelse, Skog (S) - Har betydelse, Urban miljö (U) - Har betydelse;VU;B2ab(ii,iii,v)
102021;45049;Zygaena viciae;mindre bastardsvärmare;Art;13215;Jordbrukslandskap (J) - Stor betydelse, Havsstrand (H) - Har betydelse, Skog (S) - Har betydelse, Urban miljö (U) - Har betydelse;VU;A2bc
100959;45192;Euroleon nostras;fläckig myrlejonslända;Art;428;Havsstrand (H) - Stor betydelse, Skog (S) - Stor betydelse;VU;B2ab(iii)
102907;45194;Myrmeleon bore;liten myrlejonslända;Art;1125;Havsstrand (H) - Stor betydelse, Skog (S) - Stor betydelse;NT;B2ab(iii)
101480;45198;Osmylus fulvicephalus;vattenmyrlejonslända;Art;44;Sötvatten (L) - Stor betydelse, Skog (S) - Har betydelse, Våtmark (V) - Har betydelse;NT;B2a
101786;45201;Sisyra dalii;ribbsvampslända;Art;50;Sötvatten (L) - Stor betydelse, Skog (S) - Har betydelse, Våtmark (V) - Har betydelse;NT;B2a
101788;45204;Sisyra terminalis;;Art;9;Sötvatten (L) - Stor betydelse, Skog (S) - Har betydelse, Våtmark (V) - Har betydelse;VU;D2
101379;45244;Nehalennia speciosa;dvärgflickslända;Art;317;Sötvatten (L) - Stor betydelse, Våtmark (V) - Stor betydelse, Jordbrukslandskap (J) - Har betydelse, Skog (S) - Har betydelse;VU;B2ab(iii)
102601;45291;Somatochlora sahlbergi;tundratrollslända;Art;24;Fjäll (F) - Stor betydelse, Sötvatten (L) - Stor betydelse, Våtmark (V) - Stor betydelse;NT;B2a
101819;45347;Stauroderus scalaris;skärrande gräshoppa;Art;1090;Jordbrukslandskap (J) - Stor betydelse, Urban miljö (U) - Har betydelse;VU;B1ac(iii)+2ac(iii)
101656;45365;Psophus stridulus;trumgräshoppa;Art;5206;Jordbrukslandskap (J) - Stor betydelse, Urban miljö (U) - Har betydelse;EN;B2ab(i,ii,iii,iv)
101148;45938;Isoptena serricornis;sandbäckslända;Art;9;Sötvatten (L) - Stor betydelse, Våtmark (V) - Stor betydelse, Skog (S) - Har betydelse;NT;B2ab(iii)
101977;45942;Xanthoperla apicalis;;Art;18;Sötvatten (L) - Stor betydelse, Våtmark (V) - Stor betydelse, Skog (S) - Har betydelse;NT;D2
101383;45956;Nemoura arctica;;Art;2;Sötvatten (L) - Stor betydelse, Våtmark (V) - Stor betydelse, Skog (S) - Har betydelse;NT;B2a
101384;45959;Nemoura dubitans;;Art;53;Sötvatten (L) - Stor betydelse, Våtmark (V) - Stor betydelse, Skog (S) - Har betydelse;VU;B2ab(iii,iv,v)
100505;45987;Brachyptera braueri;;Art;64;Sötvatten (L) - Stor betydelse, Våtmark (V) - Stor betydelse, Skog (S) - Har betydelse;VU;B2ab(ii,iii)
101137;46142;Inocellia crassicornis;reliktslända;Art;85;Skog (S) - Stor betydelse;VU;B2ab(iii)
102894;46726;Wormaldia occipitalis;;Art;230;Sötvatten (L) - Stor betydelse, Våtmark (V) - Stor betydelse, Skog (S) - Har betydelse;NT;B2ab(iii)
206299;46737;Agapetus fuscipes;;Art;122;Sötvatten (L) - Stor betydelse, Våtmark (V) - Stor betydelse, Skog (S) - Har betydelse;VU;B2ab(iii)
102886;46795;Ceraclea excisa;;Art;60;Sötvatten (L) - Stor betydelse, Våtmark (V) - Stor betydelse, Skog (S) - Har betydelse;NT;B2b(iii)
102891;46820;Setodes punctatus;;Art;29;Sötvatten (L) - Stor betydelse, Våtmark (V) - Stor betydelse, Skog (S) - Har betydelse;VU;D2
101435;46839;Odontocerum albicorne;;Art;303;Sötvatten (L) - Stor betydelse, Våtmark (V) - Stor betydelse, Skog (S) - Har betydelse;NT;B2a
206390;46848;Apatania muliebris;;Art;37;Sötvatten (L) - Stor betydelse, Våtmark (V) - Stor betydelse, Skog (S) - Har betydelse;NT;B2ab(iii,v)
100880;46866;Ecclisopteryx dalecarlica;;Art;401;Sötvatten (L) - Stor betydelse, Våtmark (V) - Stor betydelse, Skog (S) - Har betydelse;NT;B2ab(iii)
6324194;46882;Enoicyla pusilla;;Art;37;Sötvatten (L) - Stor betydelse, Våtmark (V) - Stor betydelse;VU;D2
102887;46984;Crunoecia irrorata;;Art;212;Sötvatten (L) - Stor betydelse, Våtmark (V) - Stor betydelse, Skog (S) - Har betydelse;VU;B2ab(iii,v)
101768;47010;Semblis phalaenoides;storfläckig kungsnattslända;Art;165;Sötvatten (L) - Stor betydelse, Våtmark (V) - Stor betydelse, Skog (S) - Har betydelse;NT;B2ab(iii,v)
102885;47023;Beraea maura;;Art;62;Sötvatten (L) - Stor betydelse, Våtmark (V) - Stor betydelse, Skog (S) - Har betydelse;VU;B2ab(ii,iii,iv,v)
100507;47056;Branchinecta paludosa;;Art;102;Fjäll (F) - Stor betydelse, Sötvatten (L) - Stor betydelse, Våtmark (V) - Stor betydelse;NT;B2ab(i,ii,iii,iv,v)
101882;47059;Tanymastix stagnalis;hällkarsräka;Art;85;Sötvatten (L) - Stor betydelse, Våtmark (V) - Stor betydelse, Jordbrukslandskap (J) - Har betydelse;NT;B2c(iv)
101213;47269;Limnadia lenticularis;linsräka;Art;56;Sötvatten (L) - Stor betydelse, Våtmark (V) - Stor betydelse, Havsstrand (H) - Har betydelse;EN;B2ab(iii,iv)c(iv)
101190;47275;Lepidurus apus;spetssköldbladfoting;Art;28;Sötvatten (L) - Stor betydelse, Jordbrukslandskap (J) - Har betydelse, Våtmark (V) - Har betydelse;EN;B2ab(i,iii,iv,v)c(iv)
101191;47276;Lepidurus arcticus;fjällsköldbladfoting;Art;43;Fjäll (F) - Stor betydelse, Sötvatten (L) - Stor betydelse, Våtmark (V) - Stor betydelse;NT;B2b(iii,iv,v)
101930;47278;Triops cancriformis;hästskoräka;Art;178;Sötvatten (L) - Stor betydelse, Våtmark (V) - Stor betydelse, Jordbrukslandskap (J) - Har betydelse;NT;B2c(iv)
217754;48685;Munidopsis serricornis;koralltrollhummer;Art;47;Marin miljö (M) - Stor betydelse;EN;B1ab(iii)+2ab(iii)
100407;48721;Astacus astacus;flodkräfta;Art;3250;Sötvatten (L) - Stor betydelse, Jordbrukslandskap (J) - Har betydelse, Våtmark (V) - Har betydelse;CR;A2ace+3bce
102828;48762;Calocarides coronatus;krongrävkräfta;Art;70;Marin miljö (M) - Stor betydelse;NT;B1a
217826;48764;Calocaris macandreae;långfingrad grävkräfta;Art;484;Marin miljö (M) - Stor betydelse;VU;A2ac
102842;48784;Atelecyclus rotundatus;cirkelkrabba;Art;11;Marin miljö (M) - Stor betydelse;VU;D2
102841;48792;Corystes cassivelaunus;tvåtaggig snorkelkrabba;Art;15;Marin miljö (M) - Stor betydelse;NT;D2
102850;48830;Eurynome aspera;korthornad knölkrabba;Art;237;Marin miljö (M) - Stor betydelse;NT;B1ab(iii)+2ab(iii)
102851;48831;Eurynome spinosa;långhornad knölkrabba;Art;12;Marin miljö (M) - Stor betydelse;VU;D2
102843;48887;Thia scutellata;nagelkrabba;Art;8;Marin miljö (M) - Stor betydelse;VU;D2
102846;48934;Pinnotheres pisum;musselväktare;Art;27;Marin miljö (M) - Stor betydelse;NT;A2c
217800;48968;Hippolyte varians;kamouflageräka;Art;132;Marin miljö (M) - Stor betydelse;VU;B1ab(iii)
217804;48972;Eualus cranchii;sågtångsräka;Art;57;Marin miljö (M) - Stor betydelse;NT;B1ab(iii)
102817;48973;Eualus gaimardii;nordlig tångräka;Art;23;Marin miljö (M) - Stor betydelse;NT;B1ab(iii)
217798;48974;Eualus occultus;dold tångräka;Art;40;Marin miljö (M) - Stor betydelse;NT;B1ab(iii)
102818;48975;Eualus pusiolus;vitprickig tångräka;Art;43;Marin miljö (M) - Stor betydelse;NT;B1ab(iii)
217802;48979;Spirontocaris liljeborgii;spetspannad taggräka;Art;279;Marin miljö (M) - Stor betydelse;NT;B1ab(i,iii)
102815;48981;Spirontocaris spinus;bredpannad taggräka;Art;4;Marin miljö (M) - Stor betydelse;RE;
217805;48985;Crangon allmanni;tvåkölad lerräka;Art;196;Marin miljö (M) - Stor betydelse;NT;A2a
102824;48990;Philocheras echinulatus;mångtaggig lerräka;Art;4;Marin miljö (M) - Stor betydelse;EN;B1ab(iii)+2ab(iii)
102813;49006;Palaemon varians;brackvattensräka;Art;23;Brackvatten (B) - Stor betydelse, Våtmark (V) - Stor betydelse, Marin miljö (M) - Har betydelse, Sötvatten (L) - Har betydelse;VU;D2
102822;49017;Dichelopandalus bonnieri;korallräka;Art;17;Marin miljö (M) - Stor betydelse;VU;D2
217819;49022;Pandalus borealis;nordhavsräka;Art;364;Marin miljö (M) - Stor betydelse;NT°;
102811;49035;Pasiphaea tarda;röd glasräka;Art;24;Marin miljö (M) - Stor betydelse;NT°;D2
102831;49054;Upogebia stellata;prickig mudderkräfta;Art;21;Marin miljö (M) - Stor betydelse;VU;D2
243509;49423;Ampelisca aequicornis;;Art;10;Marin miljö (M) - Stor betydelse;VU;D2
243507;49424;Ampelisca amblyops;;Art;10;Marin miljö (M) - Stor betydelse;VU;D2
243506;49429;Ampelisca gibba;;Art;8;Marin miljö (M) - Stor betydelse;VU;D2
233381;49430;Ampelisca macrocephala;;Art;395;Marin miljö (M) - Stor betydelse;NT;A2bc
233382;49432;Ampelisca pusilla;;Art;22;Marin miljö (M) - Stor betydelse;NT;D2
233383;49433;Ampelisca spinipes;;Art;40;Marin miljö (M) - Stor betydelse;NT;B2ab(i,ii,iii)
234284;49435;Ampelisca typica;;Art;84;Marin miljö (M) - Stor betydelse;NT;B2ab(i,ii,iii)
233423;49438;Byblis gaimardii;;Art;125;Marin miljö (M) - Stor betydelse;VU;B1ab(ii,iii,v)+2ab(ii,iii,v)
234288;49441;Haploops setosa;;Art;14;Marin miljö (M) - Stor betydelse;RE;
234287;49442;Haploops tenuis;;Art;257;Marin miljö (M) - Stor betydelse;CR;A2b
233497;49443;Haploops tubicola;;Art;474;Marin miljö (M) - Stor betydelse;CR;A2bc
100988;49662;Gammaracanthus lacustris;sjösyrsa;Art;86;Sötvatten (L) - Stor betydelse, Våtmark (V) - Stor betydelse;NT;B2a
243785;49665;Gammarellus angulosus;;Art;58;Marin miljö (M) - Stor betydelse;NT;B1ab(iii)
233422;49800;Brachydiastylis resima;;Art;6;Marin miljö (M) - Stor betydelse;VU;D2
233411;49802;Diastylis boecki;;Art;28;Marin miljö (M) - Stor betydelse;NT;A2b
233417;49813;Diastylis tumida;;Art;38;Marin miljö (M) - Stor betydelse;NT;A2bc
233426;49853;Campylaspis costata;;Art;11;Marin miljö (M) - Stor betydelse;VU;B1ab(ii,iii)
233598;49870;Pseudocuma similis;;Art;2;Marin miljö (M) - Stor betydelse;VU;D2
101632;49881;Proasellus coxalis;;Art;85;Sötvatten (L) - Stor betydelse, Våtmark (V) - Stor betydelse;VU;B1ab(v)+2ab(v)
100401;50098;Armadillidium opacum;;Art;90;Jordbrukslandskap (J) - Stor betydelse, Skog (S) - Stor betydelse, Våtmark (V) - Har betydelse;NT;B2b(i,ii,iii,iv)
101912;50122;Trachelipus ratzeburgi;;Art;11;Skog (S) - Stor betydelse;NT;B1ab(iii)+2ab(iii)
101923;50167;Trichoniscoides saeroeensis;;Art;5;Havsstrand (H) - Stor betydelse;NT;B2a
244714;50442;Chirona hameri;;Art;28;Marin miljö (M) - Stor betydelse;EN;D
244701;50497;Ornatoscalpellum stroemi;;Art;6;Marin miljö (M) - Stor betydelse;VU;D2
102578;53562;Coelotes atropos;björntrattspindel;Art;33;Skog (S) - Stor betydelse;VU;B2ab(iii)
102577;53580;Arctobius agelenoides;nordtrattspindel;Art;1;Skog (S) - Stor betydelse;NT;B2ab(iii)
218925;53590;Aculepeira lapponica;lapphjulspindel;Art;4;Skog (S) - Stor betydelse, Våtmark (V) - Har betydelse;NT;B2ab(i,ii,iii,iv)
100388;53595;Araneus angulatus;knölspindel;Art;267;Skog (S) - Stor betydelse;NT;B2b(ii,iii,iv)
100390;53600;Araneus saevus;kungsspindel;Art;65;Skog (S) - Stor betydelse;NT;B2b(ii,iii,iv)
102571;53607;Araniella inconspicua;vårgurkspindel;Art;4;Skog (S) - Stor betydelse;NT;D2
101128;53623;Hypsosinga heri;myrglansspindel;Art;22;Våtmark (V) - Stor betydelse;NT;B2ab(iii)
102572;53641;Singa nitidula;älvglansspindel;Art;15;Våtmark (V) - Stor betydelse;NT;B2ab(iii)
100607;53652;Cheiracanthium elegans;praktsporrspindel;Art;33;Jordbrukslandskap (J) - Stor betydelse, Skog (S) - Stor betydelse;NT;B1ab(iii)+2ab(iii)
102581;53658;Cheiracanthium pennyi;tvillingsporrspindel;Art;0;Havsstrand (H) - Stor betydelse, Jordbrukslandskap (J) - Stor betydelse, Skog (S) - Har betydelse;CR (PRE);B1ab(ii,iii,iv)
219088;53667;Clubiona diversa;grässäckspindel;Art;65;Jordbrukslandskap (J) - Stor betydelse, Havsstrand (H) - Har betydelse;NT;B2ab(ii,v)
219092;53670;Clubiona germanica;dalsäckspindel;Art;27;Skog (S) - Stor betydelse, Våtmark (V) - Har betydelse;NT;B2b(iv)
219102;53682;Clubiona subtilis;dvärgsäckspindel;Art;45;Havsstrand (H) - Stor betydelse, Våtmark (V) - Stor betydelse, Jordbrukslandskap (J) - Har betydelse;NT;B2ab(iii)
102582;53686;Porrhoclubiona genevensis;hällsäckspindel;Art;17;Havsstrand (H) - Stor betydelse, Jordbrukslandskap (J) - Stor betydelse;NT;B2ab(iii)
219038;53699;Archaeodictyna consecuta;hedkardarspindel;Art;12;Jordbrukslandskap (J) - Stor betydelse;VU;B2ab(ii,iii)
248484;53700;Archaeodictyna ammophila;dynkardarspindel;Art;26;Havsstrand (H) - Stor betydelse, Jordbrukslandskap (J) - Stor betydelse;EN;B1ab(iii)+2ab(iii)
219039;53702;Arctella lapponica;lappkardarspindel;Art;9;Fjäll (F) - Stor betydelse;NT;B2b(i,ii,iii,iv,v)
100508;53712;Brommella falcigera;sabelkardarspindel;Art;2;Jordbrukslandskap (J) - Stor betydelse;VU;B2ab(iii)
219044;53714;Dictyna alaskae;blåbärskardarspindel;Art;4;Skog (S) - Stor betydelse;VU;B2ab(ii,iii,iv,v)
102563;53743;Eresus sandaliatus;nyckelpigespindel;Art;0;Jordbrukslandskap (J) - Stor betydelse, Urban miljö (U) - Stor betydelse;VU;D1+2
219113;53758;Echemus angustifrons;klippmarkspindel;Art;12;Jordbrukslandskap (J) - Stor betydelse, Skog (S) - Har betydelse;VU;B2ab(i,ii,iii,iv)
219115;53761;Gnaphosa lapponum;nordhuggspindel;Art;7;Våtmark (V) - Stor betydelse, Fjäll (F) - Har betydelse;NT;A2ac
219122;53769;Gnaphosa orites;tundrahuggspindel;Art;7;Fjäll (F) - Stor betydelse, Skog (S) - Har betydelse;NT;B2b(i,ii,iii,iv,v)
219125;53773;Haplodrassus dalmatensis;revbenshuggspindel;Art;14;Jordbrukslandskap (J) - Stor betydelse;NT;B1ab(iii)+2ab(iii)
219153;53797;Zelotes puritanus;hällsvartspindel;Art;4;Skog (S) - Stor betydelse;VU;"B2ab(iii); D2"
101319;53805;Micaria lenzi;dvärgskimmerspindel;Art;15;Havsstrand (H) - Stor betydelse, Jordbrukslandskap (J) - Har betydelse;VU;"B1ab(iii)+2ab(iii); D2"
218621;53832;Acartauchenius scurrilis;nacktofsspindel;Art;30;Jordbrukslandskap (J) - Stor betydelse, Havsstrand (H) - Har betydelse;NT;B2ab(iii)
100458;53839;Baryphyma gowerense;tofsgropspindel;Art;16;Våtmark (V) - Stor betydelse;VU;B2ab(iii)
100459;53840;Baryphyma pratense;madgropspindel;Art;2;Våtmark (V) - Stor betydelse;NT;B1ab(iii)+2ab(iii)
218670;53857;Collinsia spetsbergensis;isnåjdspindel;Art;8;Fjäll (F) - Stor betydelse;NT;B1b(iii)+2b(iii)
100904;53881;Entelecara omissa;kärrgropspindel;Art;5;Våtmark (V) - Stor betydelse;NT;B2ab(iii)
218698;53897;Erigone psychrophila;tundratandspindel;Art;11;Fjäll (F) - Stor betydelse, Våtmark (V) - Har betydelse;NT;B2ab(i,ii,iv)
218704;53906;Erigonoplus globipes;tjockfotsdvärgspindel;Art;11;Jordbrukslandskap (J) - Stor betydelse;NT;B1ab(iii)+2ab(iii)
101035;53924;Halorates reprobus;havsdvärgspindel;Art;6;Havsstrand (H) - Stor betydelse;NT;B2b(iii)c(iv)
218725;53933;Horcotes strandi;fjällhornspindel;Art;5;Fjäll (F) - Stor betydelse, Skog (S) - Har betydelse, Våtmark (V) - Har betydelse;NT;B1ab(i,ii,iii,iv)+2ab(i,ii,iii,iv)
218726;53935;Hybauchenidium ferrumequinum;hästskospindel;Art;0;Jordbrukslandskap (J) - Stor betydelse, Fjäll (F) - Har betydelse;NT;B1ab(i,ii,iii,iv)+2ab(i,ii,iii,iv)
218742;53952;Lasiargus hirsutus;pälsdvärgspindel;Art;11;Havsstrand (H) - Stor betydelse;VU;B2ab(iii)
218821;54020;Pelecopsis radicicola;kärrbulspindel;Art;7;Jordbrukslandskap (J) - Stor betydelse;NT;B1ab(iii)+2ab(iii)
218837;54031;Satilatlas britteni;torvgropspindel;Art;5;Våtmark (V) - Stor betydelse;NT;B2ab(iii)
218901;54112;Walckenaeria incisa;grotthuvudspindel;Art;8;Jordbrukslandskap (J) - Stor betydelse, Skog (S) - Stor betydelse;NT;B1ab(iii)+2ab(iii)
248566;54171;Bolyphantes punctulatus;blockmattvävare;Art;2;Fjäll (F) - Stor betydelse;NT;B2ab(iii)
100569;54181;Centromerus pabulator;sydtäckvävare;Art;2;Jordbrukslandskap (J) - Stor betydelse, Skog (S) - Stor betydelse;NT;B1ab(iii)+2ab(iii)
102570;54208;Ipa keyserlingi;fläckmattvävare;Art;59;Skog (S) - Stor betydelse, Jordbrukslandskap (J) - Har betydelse;NT;B2ab(iii)
248544;54277;Porrhomma oblitum;kärrvättespindel;Art;19;Våtmark (V) - Stor betydelse, Skog (S) - Har betydelse;NT;B1ab(iii)c(iv)+2ab(iii)c(iv)
100226;54307;Agroeca dentigera;kärrmånspindel;Art;7;Våtmark (V) - Stor betydelse, Havsstrand (H) - Har betydelse;EN;B1ab(iii)+2ab(iii)
219075;54310;Agroeca lusatica;alvarmånspindel;Art;12;Jordbrukslandskap (J) - Stor betydelse;NT;B1ab(iii)+2ab(iii)
101752;54319;Scotina celans;streckmånspindel;Art;36;Skog (S) - Stor betydelse, Jordbrukslandskap (J) - Har betydelse;NT;B2ab(iii)
248485;54323;Liocranoeca striata;randmånspindel;Art;23;Våtmark (V) - Stor betydelse, Jordbrukslandskap (J) - Har betydelse;NT;B1ab(iii)+2ab(iii)
100244;54332;Alopecosa cursor;klittvargspindel;Art;6;Skog (S) - Stor betydelse, Havsstrand (H) - Har betydelse, Jordbrukslandskap (J) - Har betydelse;CR (PRE);B1ab(iii)+2ab(iii)
100245;54337;Alopecosa schmidti;stäppvargspindel;Art;0;Jordbrukslandskap (J) - Stor betydelse, Havsstrand (H) - Har betydelse;RE;
100396;54345;Arctosa figurata;klippvargspindel;Art;27;Jordbrukslandskap (J) - Stor betydelse, Havsstrand (H) - Har betydelse, Skog (S) - Har betydelse;NT;B2ab(ii,iii)
219002;54371;Pardosa plumipes;borstvargspindel;Art;0;Jordbrukslandskap (J) - Stor betydelse, Våtmark (V) - Har betydelse;NT;D2
6051044;54374;Pardosa purbeckensis;;Art;9;Våtmark (V) - Stor betydelse, Havsstrand (H) - Har betydelse, Jordbrukslandskap (J) - Har betydelse;NT;D2
248479;54377;Pardosa schenkeli;lavvargspindel;Art;9;Skog (S) - Stor betydelse;VU;B2ab(ii,iii)
102573;54378;Pardosa septentrionalis;fjällvargspindel;Art;2;Fjäll (F) - Stor betydelse;NT;B2ab(i,ii,iii)
219009;54380;Pardosa trailli;skravelvargspindel;Art;6;Jordbrukslandskap (J) - Stor betydelse, Fjäll (F) - Har betydelse, Våtmark (V) - Har betydelse;NT;B2ab(i,iii)
219155;54406;Zora armillata;kärrtaggfoting;Art;28;Våtmark (V) - Stor betydelse;NT;B2ab(iii)
102017;54409;Zora parallela;myrtaggfoting;Art;12;Våtmark (V) - Stor betydelse;NT;B2ab(ii)
101542;54442;Philodromus poecilus;lavsnabblöpare;Art;62;Skog (S) - Stor betydelse;NT;B2b(iii)
102583;54446;Rhysodromus fallax;sandsnabblöpare;Art;78;Havsstrand (H) - Stor betydelse;NT;B2ab(iii)
219173;54449;Thanatus arcticus;fjällsnabblöpare;Art;13;Fjäll (F) - Stor betydelse;NT;B2b(i,iii)
219175;54451;Thanatus atratus;alvarsnabblöpare;Art;41;Jordbrukslandskap (J) - Stor betydelse, Skog (S) - Har betydelse;NT;B2b(iii)
219080;54469;Phrurolithus minimus;prickig flinkspindel;Art;20;Skog (S) - Stor betydelse, Jordbrukslandskap (J) - Har betydelse, Våtmark (V) - Har betydelse;VU;B2ab(iii)
102586;54480;Attulus inexpectus;tvillinghoppspindel;Art;14;Havsstrand (H) - Stor betydelse, Jordbrukslandskap (J) - Stor betydelse, Våtmark (V) - Stor betydelse;NT;B1ab(iii)+2ab(iii)
219211;54491;Dendryphantes hastatus;spjuthoppspindel;Art;19;Skog (S) - Stor betydelse;VU;B2ab(iii)
219217;54503;Heliophanus aeneus;mässingshoppspindel;Art;1;Skog (S) - Stor betydelse;NT;B2ab(i,ii,iii,iv)
219230;54529;Pellenes lapponicus;lapphoppspindel;Art;9;Fjäll (F) - Stor betydelse, Skog (S) - Stor betydelse;NT;B2ab(i,ii,iii,iv)
101644;54543;Pseudicius encarpatus;vitbrämad hoppspindel;Art;23;Havsstrand (H) - Stor betydelse, Skog (S) - Har betydelse;NT;B2a
219244;54554;Sittisax ranieri;fjällhoppspindel;Art;17;Fjäll (F) - Stor betydelse;NT;B1ab(i,ii,iii,iv)+2ab(i,ii,iii,iv)
102587;54556;Synageles hilarulus;torvmyrespindel;Art;9;Våtmark (V) - Stor betydelse;VU;B2ab(iii)
219252;54563;Talavera thorelli;berghoppspindel;Art;7;Skog (S) - Stor betydelse, Jordbrukslandskap (J) - Har betydelse;NT;B2ab(i,ii,iii,iv)
248537;54612;Canalidion montanum;tajgaklotspindel;Art;27;Skog (S) - Stor betydelse;NT;B2b(iii)
102564;54616;Crustulina sticta;brun knotterspindel;Art;13;Havsstrand (H) - Stor betydelse, Våtmark (V) - Stor betydelse;NT;B1ab(iii)+2ab(iii)
100839;54622;Dipoena braccata;kolhjälmspindel;Art;13;Skog (S) - Stor betydelse;VU;B1b(iii)c(iv)+2b(iii)c(iv)
100903;54630;Enoplognatha oelandica;marmorklotspindel;Art;3;Havsstrand (H) - Stor betydelse, Jordbrukslandskap (J) - Stor betydelse;EN;B2ab(iii)
218585;54637;Episinus truncatus;hällbalalajkaspindel;Art;16;Jordbrukslandskap (J) - Stor betydelse, Skog (S) - Har betydelse;NT;B2ab(ii,iii,iv)
102567;54639;Euryopis laeta;sköldmyrfångarspindel;Art;12;Jordbrukslandskap (J) - Stor betydelse;NT;B1ab(iii)+2ab(iii)
248523;54643;Lasaeola prona;noshjälmspindel;Art;25;Jordbrukslandskap (J) - Stor betydelse, Havsstrand (H) - Har betydelse;NT;B2ab(ii,iii,iv)
101720;54671;Robertus insignis;kärrfuktspindel;Art;2;Våtmark (V) - Stor betydelse;CR (PRE);B2ab(iii)
233130;54676;Robertus ungulatus;myrfuktspindel;Art;19;Våtmark (V) - Stor betydelse;NT;B2ab(iii)
6034709;54707;Yunohamella palmgreni;skogsklotspindel;Art;2;Skog (S) - Stor betydelse;NT;B2b(ii,iii,iv,v)
101494;54726;Ozyptila gertschi;kärrpaddspindel;Art;16;Våtmark (V) - Stor betydelse;NT;B2ab(iii)
102585;54733;Pistius truncatus;kvistkrabbspindel;Art;105;Jordbrukslandskap (J) - Stor betydelse, Skog (S) - Stor betydelse;VU;B2ab(iii)
219194;54735;Psammitis albidus;fjällkrabbspindel;Art;9;Fjäll (F) - Stor betydelse;NT;B1ab(i,ii,iii)+2ab(i,ii,iii)
219207;54736;Psammitis sabulosus;sandkrabbspindel;Art;44;Jordbrukslandskap (J) - Stor betydelse, Havsstrand (H) - Har betydelse, Urban miljö (U) - Har betydelse;NT;B2ab(iii)
101902;54738;Thomisus onustus;kantig krabbspindel;Art;173;Jordbrukslandskap (J) - Stor betydelse, Skog (S) - Har betydelse;NT;B1b(iii)+2b(iii)
102006;54742;Xysticus chippewa;starrkrabbspindel;Art;57;Våtmark (V) - Stor betydelse;NT;B2ab(iii)
219203;54749;Xysticus luctator;ekkrabbspindel;Art;44;Skog (S) - Stor betydelse, Jordbrukslandskap (J) - Har betydelse;NT;B2ab(iii)
101910;54755;Titanoeca spominima;alvarstenspindel;Art;12;Jordbrukslandskap (J) - Stor betydelse;VU;"B2ab(iii); D2"
219062;54756;Titanoeca nivalis;fjällstenspindel;Art;6;Skog (S) - Stor betydelse;NT;B1ab(i,ii,iii,iv)+2ab(i,ii,iii,iv)
100432;54773;Atypus affinis;tapetserarspindel;Art;122;Skog (S) - Stor betydelse, Jordbrukslandskap (J) - Har betydelse;NT;B2a
101932;54828;Trogulus tricarinatus;sköldlocke;Art;17;Skog (S) - Stor betydelse;NT;"B1a+2a; D2"
100647;54832;Chthonius ischnocheles;taggklokrypare;Art;10;Skog (S) - Stor betydelse, Jordbrukslandskap (J) - Har betydelse;NT;B2a
101168;54842;Larca lata;gammelekklokrypare;Art;175;Jordbrukslandskap (J) - Stor betydelse, Skog (S) - Stor betydelse;NT;B2b(iii)
100610;54845;Cheiridium museorum;dvärgklokrypare;Art;97;Jordbrukslandskap (J) - Stor betydelse, Skog (S) - Stor betydelse, Urban miljö (U) - Har betydelse;NT;B2b(iii)
225475;54847;Apocheiridium ferum;;Art;2;Skog (S) - Stor betydelse, Jordbrukslandskap (J) - Har betydelse;NT;B2a
100320;54854;Anthrenochernes stellae;hålträdsklokrypare;Art;195;Jordbrukslandskap (J) - Stor betydelse, Skog (S) - Stor betydelse;NT;B2b(iii)
102561;54856;Chernes nigrimanus;tallklokrypare;Art;98;Skog (S) - Stor betydelse;NT;B2b(iii)
100804;54860;Dendrochernes cyrneus;barkklokrypare;Art;63;Skog (S) - Stor betydelse, Jordbrukslandskap (J) - Har betydelse;VU;B2ab(iii)
232131;54948;Macandrevia cranium;;Art;159;Marin miljö (M) - Stor betydelse;CR;B1ab(iii)
234237;55436;Ascidia prunum;plommonsjöpung;Art;5;Marin miljö (M) - Stor betydelse;VU;D2
234258;55471;Cnemidocarpa mollispina;ankarsjöpung;Art;0;Marin miljö (M) - Stor betydelse;CR (PRE);D
234261;55473;Cnemidocarpa devia;fläckplugg;Art;0;Marin miljö (M) - Stor betydelse;VU;D2
234263;55482;Pelonaia corrugata;sandfinger;Art;40;Marin miljö (M) - Stor betydelse;VU;D2
234252;55485;Polycarpa fibrosa;dubbeltut;Art;60;Marin miljö (M) - Stor betydelse;EN;"B1ab(iii); D"
234248;55493;Styela atlantica;gulbandsknopp;Art;0;Marin miljö (M) - Stor betydelse;EN;B1ab(ii,iii)+2ab(ii,iii)
100101;55584;Petromyzon marinus;havsnejonöga;Art;735;Marin miljö (M) - Stor betydelse, Sötvatten (L) - Stor betydelse, Brackvatten (B) - Har betydelse;CR;C1
206220;55607;Amblyraja radiata;klorocka;Art;284;Marin miljö (M) - Stor betydelse;EN;A2b
102132;55609;Dipturus batis;slätrocka;Art;8;Marin miljö (M) - Stor betydelse;RE;
102133;55617;Raja clavata;knaggrocka;Art;71;Marin miljö (M) - Stor betydelse;NT;A2b
235068;55626;Rajella lintea;vitrocka;Art;3;Marin miljö (M) - Stor betydelse;NT;B1a
206281;55655;Galeorhinus galeus;gråhaj;Art;0;Marin miljö (M) - Stor betydelse;VU;A2d
102130;55668;Lamna nasus;håbrand;Art;1;Marin miljö (M) - Stor betydelse;CR;D
206140;55677;Etmopterus spinax;blåkäxa;Art;8;Marin miljö (M) - Stor betydelse;NT;A2bd
206259;55683;Somniosus microcephalus;håkäring;Art;2;Marin miljö (M) - Stor betydelse;CR;D
206266;55686;Squalus acanthias;pigghaj;Art;255;Marin miljö (M) - Stor betydelse;EN°;A2bd
206086;55697;Chimaera monstrosa;havsmus;Art;17;Marin miljö (M) - Stor betydelse;NT°;D2
100002;55707;Acipenser oxyrinchus;atlantstör;Art;15;Brackvatten (B) - Stor betydelse, Marin miljö (M) - Stor betydelse, Sötvatten (L) - Stor betydelse;RE;
206063;55724;Anguilla anguilla;ål;Art;27532;Brackvatten (B) - Stor betydelse, Marin miljö (M) - Stor betydelse, Sötvatten (L) - Stor betydelse;CR;A2bcde
206061;56041;Anarhichas lupus;havskatt;Art;41;Marin miljö (M) - Stor betydelse;CR;A2bd
206205;56074;Glyptocephalus cynoglossus;rödtunga;Art;289;Marin miljö (M) - Stor betydelse;NT;A2b
206206;56076;Hippoglossoides platessoides;lerskädda;Art;1230;Marin miljö (M) - Stor betydelse, Brackvatten (B) - Har betydelse;VU;A2b
102145;56078;Hippoglossus hippoglossus;hälleflundra;Art;14;Marin miljö (M) - Stor betydelse;EN;"A2cd; B1ab(iii,v)+2ab(iii,v); C2a(i,ii)"
6039901;56087;Platichthys solemdali;östersjöskrubbskädda;Art;7;Brackvatten (B) - Stor betydelse;VU;A2bd
206247;56100;Scophthalmus maximus;piggvar;Art;1109;Brackvatten (B) - Stor betydelse, Marin miljö (M) - Stor betydelse;NT;A4b
206258;56108;Solea solea;tunga;Art;2202;Marin miljö (M) - Stor betydelse, Brackvatten (B) - Har betydelse;NT;A2b
206106;56120;Cottus poecilopus;bergsimpa;Art;13331;Sötvatten (L) - Stor betydelse, Brackvatten (B) - Har betydelse;NT;A2b
206113;56136;Cyclopterus lumpus;sjurygg;Art;232;Brackvatten (B) - Stor betydelse, Marin miljö (M) - Stor betydelse;VU;A2bd
206142;56213;Gadus morhua;torsk;Art;21233;Brackvatten (B) - Stor betydelse, Marin miljö (M) - Stor betydelse;EN;A2bcde
206143;56215;Melanogrammus aeglefinus;kolja;Art;920;Marin miljö (M) - Stor betydelse;VU;D2
206144;56217;Merlangius merlangus;vitling;Art;5916;Marin miljö (M) - Stor betydelse, Brackvatten (B) - Har betydelse;VU;A2bd
206146;56221;Pollachius pollachius;lyrtorsk;Art;513;Marin miljö (M) - Stor betydelse;CR;A2bd
206147;56222;Pollachius virens;gråsej;Art;4454;Marin miljö (M) - Stor betydelse;NT;A2b+4b
206176;56236;Enchelyopus cimbrius;fyrtömmad skärlånga;Art;100;Brackvatten (B) - Stor betydelse, Marin miljö (M) - Stor betydelse;VU;A2b
206178;56240;Lota lota;lake;Art;72127;Sötvatten (L) - Stor betydelse, Brackvatten (B) - Har betydelse;NT°;
206180;56243;Molva molva;långa;Art;107;Marin miljö (M) - Stor betydelse, Brackvatten (B) - Har betydelse;EN;A2d
206181;56246;Coryphaenoides rupestris;storfjällig skoläst;Art;3;Marin miljö (M) - Stor betydelse;CR;A2bd
206183;56251;Merluccius merluccius;kummel;Art;659;Marin miljö (M) - Stor betydelse;EN;B1ab(v)+2ab(v)
100126;56336;Salmo salar;lax;Art;24376;Brackvatten (B) - Stor betydelse, Marin miljö (M) - Stor betydelse, Sötvatten (L) - Stor betydelse;NT;A4b
100127;56338;Salmo trutta;öring;Art;121848;Brackvatten (B) - Stor betydelse, Marin miljö (M) - Stor betydelse, Sötvatten (L) - Stor betydelse;NT;A2b
206089;56365;Clupea harengus;sill;Art;18276;Brackvatten (B) - Stor betydelse, Marin miljö (M) - Stor betydelse;NT;A2b
100016;56483;Barbatula barbatula;grönling;Art;1627;Sötvatten (L) - Stor betydelse;NT;"A2b; B2ab(v)"
100131;56501;Silurus glanis;mal;Art;2289;Sötvatten (L) - Stor betydelse, Brackvatten (B) - Har betydelse;NT;"A2bc; B2a; D2"
206004;56522;Lepus timidus;skogshare;Art;11976;Skog (S) - Stor betydelse, Fjäll (F) - Har betydelse;NT;A2ce
100121;56584;Rattus rattus;svartråtta;Art;42;Urban miljö (U) - Stor betydelse;RE;
100106;56651;Phocoena phocoena;tumlare;Art;7921;Marin miljö (M) - Stor betydelse, Brackvatten (B) - Har betydelse;NT;A2bd
232475;56652;Phocoena phocoena (Baltic population);tumlare (östersjöpopulationen);Population;0;Brackvatten (B) - Stor betydelse;CR;C2a(ii)
206046;56689;Alces alces;älg;Art;22829;Skog (S) - Stor betydelse, Våtmark (V) - Har betydelse;NT;A2b
100120;56695;Rangifer tarandus;vildren;Art;679;Fjäll (F) - Stor betydelse, Skog (S) - Stor betydelse;RE;
100057;56739;Lynx lynx;lo;Art;0;Skog (S) - Stor betydelse, Fjäll (F) - Har betydelse, Jordbrukslandskap (J) - Har betydelse;VU;D1
100024;56751;Canis lupus lupus;eurasiatisk skogsvarg;Underart;0;Skog (S) - Stor betydelse, Fjäll (F) - Har betydelse, Jordbrukslandskap (J) - Har betydelse, Våtmark (V) - Har betydelse;EN;D
100005;56756;Vulpes lagopus;fjällräv;Art;0;Fjäll (F) - Stor betydelse, Våtmark (V) - Har betydelse;EN°;D1
100066;56764;Gulo gulo;järv;Art;0;Fjäll (F) - Stor betydelse, Skog (S) - Stor betydelse;VU;D1
206032;56778;Mustela putorius;iller;Art;968;Jordbrukslandskap (J) - Stor betydelse, Skog (S) - Stor betydelse, Urban miljö (U) - Har betydelse, Våtmark (V) - Har betydelse;NT;A2b
100105;56788;Phoca vitulina (Baltic population);knubbsäl (östersjöpopulationen);Population;0;Brackvatten (B) - Stor betydelse, Havsstrand (H) - Stor betydelse;VU;D2
100104;56798;Pusa hispida;vikare;Art;5264;Brackvatten (B) - Stor betydelse, Havsstrand (H) - Har betydelse;NT;E
100145;56807;Ursus arctos;brunbjörn;Art;0;Skog (S) - Stor betydelse, Fjäll (F) - Har betydelse, Våtmark (V) - Har betydelse;NT;D1
100015;56814;Barbastella barbastellus;barbastell;Art;3905;Jordbrukslandskap (J) - Stor betydelse, Skog (S) - Stor betydelse, Urban miljö (U) - Stor betydelse, Våtmark (V) - Har betydelse;NT°;A2abc
205998;56816;Cnephaeus nilssonii;nordfladdermus;Art;97263;Jordbrukslandskap (J) - Stor betydelse, Skog (S) - Stor betydelse, Urban miljö (U) - Stor betydelse, Våtmark (V) - Har betydelse;NT;A2bc
100051;56818;Cnephaeus serotinus;sydfladdermus;Art;1345;Jordbrukslandskap (J) - Stor betydelse, Skog (S) - Stor betydelse, Urban miljö (U) - Har betydelse, Våtmark (V) - Har betydelse;NT°;
100085;56822;Myotis bechsteinii;Bechsteins fladdermus;Art;58;Jordbrukslandskap (J) - Stor betydelse, Skog (S) - Stor betydelse, Urban miljö (U) - Stor betydelse, Våtmark (V) - Har betydelse;CR;"C1; D"
100086;56824;Myotis dasycneme;dammfladdermus;Art;624;Jordbrukslandskap (J) - Stor betydelse, Skog (S) - Stor betydelse, Sötvatten (L) - Stor betydelse, Brackvatten (B) - Har betydelse, Urban miljö (U) - Har betydelse, Våtmark (V) - Har betydelse;NT;D1
100087;56829;Myotis nattereri;fransfladdermus;Art;2589;Jordbrukslandskap (J) - Stor betydelse, Skog (S) - Stor betydelse, Urban miljö (U) - Stor betydelse, Våtmark (V) - Har betydelse;NT;A2ab
205994;56836;Pipistrellus pipistrellus;sydpipistrell;Art;1059;Jordbrukslandskap (J) - Stor betydelse, Skog (S) - Stor betydelse, Urban miljö (U) - Stor betydelse, Sötvatten (L) - Har betydelse, Våtmark (V) - Har betydelse;VU;D1
206002;56839;Plecotus auritus;brunlångöra;Art;9686;Jordbrukslandskap (J) - Stor betydelse, Skog (S) - Stor betydelse, Urban miljö (U) - Stor betydelse, Våtmark (V) - Har betydelse;NT;A2bc
100053;56848;Erinaceus europaeus;igelkott;Art;116856;Jordbrukslandskap (J) - Stor betydelse, Urban miljö (U) - Stor betydelse, Skog (S) - Har betydelse;VU;A2a
100070;56882;Lacerta agilis;sandödla;Art;5085;Jordbrukslandskap (J) - Stor betydelse, Urban miljö (U) - Stor betydelse, Havsstrand (H) - Har betydelse, Skog (S) - Har betydelse;VU°;"B2ab(iii); C2a(i)"
100041;56891;Coronella austriaca;hasselsnok;Art;3858;Jordbrukslandskap (J) - Stor betydelse, Skog (S) - Stor betydelse;VU°;
100089;56899;Natrix natrix gotlandica;gotlandssnok;Underart;367;Havsstrand (H) - Stor betydelse, Våtmark (V) - Stor betydelse, Jordbrukslandskap (J) - Har betydelse, Skog (S) - Har betydelse, Sötvatten (L) - Har betydelse;NT;D1
100008;56961;Anser erythropus;fjällgås;Art;21524;Fjäll (F) - Stor betydelse, Jordbrukslandskap (J) - Stor betydelse, Sötvatten (L) - Stor betydelse, Våtmark (V) - Stor betydelse;EN;D
232125;56968;Anser fabalis;skogsgås;Art;34415;Jordbrukslandskap (J) - Stor betydelse, Skog (S) - Stor betydelse, Våtmark (V) - Stor betydelse;VU;C1
102930;57015;Tadorna tadorna;gravand;Art;314407;Brackvatten (B) - Stor betydelse, Havsstrand (H) - Stor betydelse, Marin miljö (M) - Stor betydelse, Jordbrukslandskap (J) - Har betydelse, Sötvatten (L) - Har betydelse;NT;A2b
102108;57023;Clangula hyemalis;alfågel;Art;165750;Brackvatten (B) - Stor betydelse, Fjäll (F) - Stor betydelse, Sötvatten (L) - Stor betydelse, Våtmark (V) - Stor betydelse, Marin miljö (M) - Har betydelse;NT;A2abc
232124;57024;Clangula hyemalis (wintering);alfågel (övervintrande population);Population;0;Brackvatten (B) - Stor betydelse, Marin miljö (M) - Har betydelse;VU;A2abce
102935;57030;Somateria mollissima;ejder;Art;419408;Brackvatten (B) - Stor betydelse, Havsstrand (H) - Stor betydelse, Marin miljö (M) - Stor betydelse;EN;A2abce
102107;57067;Aythya ferina;brunand;Art;228214;Sötvatten (L) - Stor betydelse, Våtmark (V) - Stor betydelse, Jordbrukslandskap (J) - Har betydelse;EN;"A2abce; C1"
100014;57073;Aythya marila;bergand;Art;122419;Brackvatten (B) - Stor betydelse, Fjäll (F) - Stor betydelse, Havsstrand (H) - Stor betydelse, Marin miljö (M) - Stor betydelse, Sötvatten (L) - Stor betydelse, Våtmark (V) - Stor betydelse;VU;A2abce
100007;57087;Spatula querquedula;årta;Art;119867;Sötvatten (L) - Stor betydelse, Våtmark (V) - Stor betydelse;EN;C1
102931;57097;Mareca penelope;bläsand;Art;600820;Brackvatten (B) - Stor betydelse, Havsstrand (H) - Stor betydelse, Sötvatten (L) - Stor betydelse, Våtmark (V) - Stor betydelse, Jordbrukslandskap (J) - Har betydelse;NT;A2ab
100006;57107;Anas acuta;stjärtand;Art;250281;Brackvatten (B) - Stor betydelse, Havsstrand (H) - Stor betydelse, Sötvatten (L) - Stor betydelse, Våtmark (V) - Stor betydelse;EN;C1
102932;57108;Anas crecca;kricka;Art;807799;Brackvatten (B) - Stor betydelse, Sötvatten (L) - Stor betydelse, Våtmark (V) - Stor betydelse, Fjäll (F) - Har betydelse, Havsstrand (H) - Har betydelse;NT;A2b
100114;57198;Podiceps grisegena;gråhakedopping;Art;181040;Brackvatten (B) - Stor betydelse, Sötvatten (L) - Stor betydelse, Jordbrukslandskap (J) - Har betydelse, Marin miljö (M) - Har betydelse;NT;A2abc
100115;57203;Podiceps nigricollis;svarthalsad dopping;Art;13130;Sötvatten (L) - Stor betydelse, Jordbrukslandskap (J) - Har betydelse;EN;D
100095;57208;Otis tarda;stortrapp;Art;17;Jordbrukslandskap (J) - Stor betydelse;RE;
102972;57242;Streptopelia decaocto;turkduva;Art;193769;Urban miljö (U) - Stor betydelse, Jordbrukslandskap (J) - Har betydelse;NT;A2abe
100044;57270;Crex crex;kornknarr;Art;46251;Jordbrukslandskap (J) - Stor betydelse, Våtmark (V) - Har betydelse;EN;C1
100116;57274;Porzana porzana;småfläckig sumphöna;Art;21603;Våtmark (V) - Stor betydelse, Jordbrukslandskap (J) - Har betydelse;VU;D1
102950;57300;Haematopus ostralegus;strandskata;Art;472685;Brackvatten (B) - Stor betydelse, Havsstrand (H) - Stor betydelse, Marin miljö (M) - Stor betydelse, Jordbrukslandskap (J) - Har betydelse, Urban miljö (U) - Har betydelse;NT;"A2b; C1"
102952;57322;Vanellus vanellus;tofsvipa;Art;848995;Havsstrand (H) - Stor betydelse, Jordbrukslandskap (J) - Stor betydelse, Våtmark (V) - Stor betydelse, Brackvatten (B) - Har betydelse, Marin miljö (M) - Har betydelse;VU;A2b
100027;57333;Anarhynchus alexandrinus;svartbent strandpipare;Art;2030;Brackvatten (B) - Stor betydelse, Havsstrand (H) - Stor betydelse, Marin miljö (M) - Stor betydelse;RE;
100091;57345;Numenius arquata;storspov;Art;491891;Jordbrukslandskap (J) - Stor betydelse, Våtmark (V) - Stor betydelse, Havsstrand (H) - Har betydelse, Marin miljö (M) - Har betydelse;EN;A2abce
100075;57349;Limosa lapponica;myrspov;Art;164617;Brackvatten (B) - Stor betydelse, Fjäll (F) - Stor betydelse, Havsstrand (H) - Stor betydelse, Våtmark (V) - Stor betydelse, Marin miljö (M) - Har betydelse, Sötvatten (L) - Har betydelse;VU;D1
100076;57352;Limosa limosa;rödspov;Art;63931;Havsstrand (H) - Stor betydelse, Jordbrukslandskap (J) - Stor betydelse, Våtmark (V) - Stor betydelse, Brackvatten (B) - Har betydelse, Marin miljö (M) - Har betydelse, Sötvatten (L) - Har betydelse;EN;"A2abce; C2a(i); D"
102954;57369;Gallinago gallinago;enkelbeckasin;Art;522858;Skog (S) - Stor betydelse, Våtmark (V) - Stor betydelse, Fjäll (F) - Har betydelse, Havsstrand (H) - Har betydelse, Jordbrukslandskap (J) - Har betydelse;NT;A2ab
102961;57374;Actitis hypoleucos;drillsnäppa;Art;372167;Havsstrand (H) - Stor betydelse, Våtmark (V) - Stor betydelse;NT;A2abce
102617;57379;Phalaropus lobatus;smalnäbbad simsnäppa;Art;26844;Fjäll (F) - Stor betydelse, Sötvatten (L) - Stor betydelse, Våtmark (V) - Stor betydelse, Brackvatten (B) - Har betydelse;VU;A2abc
102957;57391;Tringa erythropus;svartsnäppa;Art;222433;Skog (S) - Stor betydelse, Sötvatten (L) - Stor betydelse, Våtmark (V) - Stor betydelse, Brackvatten (B) - Har betydelse, Fjäll (F) - Har betydelse, Havsstrand (H) - Har betydelse, Marin miljö (M) - Har betydelse;NT;A2ab
102115;57395;Arenaria interpres;roskarl;Art;83867;Havsstrand (H) - Stor betydelse;EN;A2abce
100103;57402;Calidris pugnax;brushane;Art;378360;Fjäll (F) - Stor betydelse, Våtmark (V) - Stor betydelse, Brackvatten (B) - Har betydelse, Havsstrand (H) - Har betydelse, Jordbrukslandskap (J) - Har betydelse;VU;A2abc
102114;57404;Calidris falcinellus;myrsnäppa;Art;36179;Våtmark (V) - Stor betydelse, Fjäll (F) - Har betydelse, Havsstrand (H) - Har betydelse;VU;A2ab
102112;57410;Calidris temminckii;mosnäppa;Art;113917;Fjäll (F) - Stor betydelse, Våtmark (V) - Stor betydelse, Havsstrand (H) - Har betydelse;NT;A2b
100023;57416;Calidris alpina schinzii;sydlig kärrsnäppa;Underart;4599;Havsstrand (H) - Stor betydelse, Våtmark (V) - Stor betydelse;CR;"A2ace; C1+2a(ii)"
100132;57449;Stercorarius parasiticus;kustlabb;Art;85312;Brackvatten (B) - Stor betydelse, Havsstrand (H) - Stor betydelse, Marin miljö (M) - Stor betydelse;VU;D1
100059;57470;Fratercula arctica;lunnefågel;Art;2937;Havsstrand (H) - Stor betydelse, Marin miljö (M) - Stor betydelse;RE;
100133;57507;Sternula albifrons;småtärna;Art;84467;Brackvatten (B) - Stor betydelse, Havsstrand (H) - Stor betydelse, Marin miljö (M) - Har betydelse, Urban miljö (U) - Har betydelse;EN;C1
100134;57510;Hydroprogne caspia;skräntärna;Art;170427;Brackvatten (B) - Stor betydelse, Havsstrand (H) - Stor betydelse, Sötvatten (L) - Stor betydelse;NT;D1
100030;57518;Chlidonias niger;svarttärna;Art;78244;Sötvatten (L) - Stor betydelse, Våtmark (V) - Stor betydelse;VU;D1
100135;57521;Thalasseus sandvicensis;kentsk tärna;Art;135782;Brackvatten (B) - Stor betydelse, Havsstrand (H) - Stor betydelse, Marin miljö (M) - Stor betydelse;NT;A3bc
100125;57542;Rissa tridactyla;tretåig mås;Art;45131;Havsstrand (H) - Stor betydelse, Marin miljö (M) - Stor betydelse;EN;D
102963;57551;Chroicocephalus ridibundus;skrattmås;Art;869478;Havsstrand (H) - Stor betydelse, Jordbrukslandskap (J) - Stor betydelse, Våtmark (V) - Stor betydelse, Brackvatten (B) - Har betydelse, Marin miljö (M) - Har betydelse, Sötvatten (L) - Har betydelse, Urban miljö (U) - Har betydelse;NT;A2abe
102966;57568;Larus argentatus;gråtrut;Art;740871;Brackvatten (B) - Stor betydelse, Havsstrand (H) - Stor betydelse, Marin miljö (M) - Stor betydelse, Urban miljö (U) - Stor betydelse, Jordbrukslandskap (J) - Har betydelse, Sötvatten (L) - Har betydelse, Våtmark (V) - Har betydelse;VU;A2abcde
102967;57574;Larus marinus;havstrut;Art;424496;Brackvatten (B) - Stor betydelse, Havsstrand (H) - Stor betydelse, Marin miljö (M) - Stor betydelse, Urban miljö (U) - Har betydelse;EN;A2abc
205660;57577;Larus fuscus;silltrut;Art;264676;Brackvatten (B) - Stor betydelse, Havsstrand (H) - Stor betydelse, Marin miljö (M) - Stor betydelse, Sötvatten (L) - Har betydelse, Urban miljö (U) - Har betydelse;NT;A2ab
100071;57580;Larus fuscus fuscus;östersjötrut;Underart;17636;Brackvatten (B) - Stor betydelse, Havsstrand (H) - Stor betydelse, Marin miljö (M) - Stor betydelse, Sötvatten (L) - Har betydelse, Urban miljö (U) - Har betydelse, Våtmark (V) - Har betydelse;NT;A2abc
100032;57681;Ciconia nigra;svart stork;Art;1523;Skog (S) - Stor betydelse, Våtmark (V) - Stor betydelse, Sötvatten (L) - Har betydelse;RE;
100031;57682;Ciconia ciconia;vit stork;Art;41790;Jordbrukslandskap (J) - Stor betydelse, Våtmark (V) - Stor betydelse, Urban miljö (U) - Har betydelse;EN;D
205489;57698;Gulosus aristotelis;toppskarv;Art;45629;Havsstrand (H) - Stor betydelse, Marin miljö (M) - Stor betydelse;NT;B2a
100018;57724;Botaurus stellaris;rördrom;Art;91840;Sötvatten (L) - Stor betydelse, Våtmark (V) - Stor betydelse;NT;D1
205497;57743;Ardea alba;ägretthäger;Art;120363;Sötvatten (L) - Stor betydelse, Våtmark (V) - Stor betydelse, Brackvatten (B) - Har betydelse, Havsstrand (H) - Har betydelse, Skog (S) - Har betydelse;NT°;D1
102976;57779;Apus apus;tornseglare;Art;425837;Urban miljö (U) - Stor betydelse, Våtmark (V) - Stor betydelse, Jordbrukslandskap (J) - Har betydelse, Skog (S) - Har betydelse;VU;A2abc
100142;57785;Tyto alba;tornuggla;Art;192;Jordbrukslandskap (J) - Stor betydelse, Urban miljö (U) - Stor betydelse, Våtmark (V) - Stor betydelse;RE;
102622;57790;Aegolius funereus;pärluggla;Art;59009;Skog (S) - Stor betydelse;EN;A2abc
102620;57796;Surnia ulula;hökuggla;Art;21250;Skog (S) - Stor betydelse, Våtmark (V) - Har betydelse;VU;C1
102621;57799;Glaucidium passerinum;sparvuggla;Art;70693;Skog (S) - Stor betydelse;NT;A2ab
102117;57805;Asio flammeus;jorduggla;Art;51102;Fjäll (F) - Stor betydelse, Jordbrukslandskap (J) - Stor betydelse, Våtmark (V) - Stor betydelse, Skog (S) - Har betydelse;NT;A2abc
102975;57807;Asio otus;hornuggla;Art;85874;Jordbrukslandskap (J) - Stor betydelse, Skog (S) - Stor betydelse, Urban miljö (U) - Har betydelse, Våtmark (V) - Har betydelse;EN;A2ab
100093;57810;Bubo scandiacus;fjälluggla;Art;760;Fjäll (F) - Stor betydelse, Havsstrand (H) - Har betydelse, Jordbrukslandskap (J) - Har betydelse, Skog (S) - Har betydelse;RE;
100020;57811;Bubo bubo;berguv;Art;10096;Havsstrand (H) - Stor betydelse, Skog (S) - Stor betydelse, Jordbrukslandskap (J) - Har betydelse, Urban miljö (U) - Har betydelse, Våtmark (V) - Har betydelse;VU;D1
100136;57818;Strix nebulosa;lappuggla;Art;9216;Skog (S) - Stor betydelse, Jordbrukslandskap (J) - Har betydelse, Våtmark (V) - Har betydelse;VU;D1
100100;57843;Pernis apivorus;bivråk;Art;147929;Jordbrukslandskap (J) - Stor betydelse, Skog (S) - Stor betydelse, Våtmark (V) - Har betydelse;NT;A2abcde
100011;57869;Aquila chrysaetos;kungsörn;Art;101714;Fjäll (F) - Stor betydelse, Skog (S) - Stor betydelse, Jordbrukslandskap (J) - Har betydelse, Våtmark (V) - Har betydelse;NT;D1
100001;57879;Astur gentilis;duvhök;Art;278206;Skog (S) - Stor betydelse, Jordbrukslandskap (J) - Har betydelse, Urban miljö (U) - Har betydelse;NT;A2abc+3bc
100034;57884;Circus cyaneus;blå kärrhök;Art;262733;Skog (S) - Stor betydelse, Våtmark (V) - Stor betydelse, Fjäll (F) - Har betydelse, Jordbrukslandskap (J) - Har betydelse;VU;D1
100035;57886;Circus pygargus;ängshök;Art;37511;Jordbrukslandskap (J) - Stor betydelse, Våtmark (V) - Stor betydelse;EN;D
103060;57897;Milvus migrans;brun glada;Art;34688;Jordbrukslandskap (J) - Stor betydelse, Skog (S) - Stor betydelse, Urban miljö (U) - Har betydelse, Våtmark (V) - Har betydelse;EN;D
100143;57927;Upupa epops;härfågel;Art;5390;Jordbrukslandskap (J) - Stor betydelse, Skog (S) - Har betydelse, Urban miljö (U) - Har betydelse;RE;
100039;57932;Coracias garrulus;blåkråka;Art;382;Jordbrukslandskap (J) - Stor betydelse, Skog (S) - Har betydelse;RE;
100004;57942;Alcedo atthis;kungsfiskare;Art;84815;Sötvatten (L) - Stor betydelse, Våtmark (V) - Stor betydelse;NT°;D1
102119;57947;Jynx torquilla;göktyta;Art;164560;Jordbrukslandskap (J) - Stor betydelse, Skog (S) - Stor betydelse, Urban miljö (U) - Har betydelse;NT;A2bc
100109;57958;Picoides tridactylus;tretåig hackspett;Art;80157;Skog (S) - Stor betydelse;NT;C1
100047;57961;Dendrocoptes medius;mellanspett;Art;176;Jordbrukslandskap (J) - Stor betydelse, Skog (S) - Stor betydelse;RE;
100046;57964;Dendrocopos leucotos;vitryggig hackspett;Art;349;Skog (S) - Stor betydelse;CR;D
100048;57971;Dryobates minor;mindre hackspett;Art;263930;Skog (S) - Stor betydelse, Jordbrukslandskap (J) - Har betydelse, Urban miljö (U) - Har betydelse;NT;A2abc
100054;57991;Falco peregrinus;pilgrimsfalk;Art;184995;Skog (S) - Stor betydelse, Våtmark (V) - Stor betydelse, Havsstrand (H) - Har betydelse, Jordbrukslandskap (J) - Har betydelse, Urban miljö (U) - Har betydelse;VU;A4abe
100055;57994;Falco rusticolus;jaktfalk;Art;1787;Fjäll (F) - Stor betydelse;EN;D
100094;58023;Oriolus oriolus;sommargylling;Art;17221;Skog (S) - Stor betydelse, Jordbrukslandskap (J) - Har betydelse;EN;D
103031;58062;Perisoreus infaustus;lavskrika;Art;55525;Skog (S) - Stor betydelse;NT;A2abce
100090;58072;Nucifraga caryocatactes;nötkråka;Art;145662;Skog (S) - Stor betydelse, Urban miljö (U) - Stor betydelse;NT;A2abc
232224;58074;Nucifraga caryocatactes caryocatactes;tjocknäbbad nötkråka;Underart;629;Skog (S) - Stor betydelse, Jordbrukslandskap (J) - Har betydelse, Urban miljö (U) - Har betydelse;NT;A2abc
100123;58098;Remiz pendulinus;pungmes;Art;15581;Våtmark (V) - Stor betydelse, Jordbrukslandskap (J) - Har betydelse;CR;D
103020;58117;Poecile palustris;entita;Art;408912;Skog (S) - Stor betydelse, Jordbrukslandskap (J) - Har betydelse, Urban miljö (U) - Har betydelse;NT;A2abc
103021;58119;Poecile montanus;talltita;Art;339822;Skog (S) - Stor betydelse;NT;A2abc
103022;58121;Poecile cinctus;lappmes;Art;11837;Skog (S) - Stor betydelse;NT;A2abc
100060;58142;Galerida cristata;tofslärka;Art;1160;Urban miljö (U) - Stor betydelse, Jordbrukslandskap (J) - Har betydelse;RE;
100052;58145;Eremophila alpestris;berglärka;Art;11090;Fjäll (F) - Stor betydelse, Havsstrand (H) - Stor betydelse, Jordbrukslandskap (J) - Har betydelse;EN;D
103077;58182;Acrocephalus dumetorum;busksångare;Art;7066;Jordbrukslandskap (J) - Stor betydelse, Våtmark (V) - Stor betydelse, Urban miljö (U) - Har betydelse;NT°;D1
103006;58184;Acrocephalus scirpaceus;rörsångare;Art;568795;Sötvatten (L) - Stor betydelse, Våtmark (V) - Stor betydelse;NT;A2b
100003;58188;Acrocephalus arundinaceus;trastsångare;Art;36713;Sötvatten (L) - Stor betydelse, Våtmark (V) - Stor betydelse;VU;D1
102122;58200;Locustella fluviatilis;flodsångare;Art;12399;Våtmark (V) - Stor betydelse, Skog (S) - Har betydelse;NT°;"A2a; D1"
103076;58201;Locustella luscinioides;vassångare;Art;8598;Våtmark (V) - Stor betydelse, Sötvatten (L) - Har betydelse;EN;D
103003;58203;Locustella naevia;gräshoppsångare;Art;92397;Våtmark (V) - Stor betydelse, Jordbrukslandskap (J) - Har betydelse;VU;C1
100124;58208;Riparia riparia;backsvala;Art;178185;Urban miljö (U) - Stor betydelse, Våtmark (V) - Stor betydelse;EN;A2bc
102980;58214;Hirundo rustica;ladusvala;Art;695501;Jordbrukslandskap (J) - Stor betydelse, Urban miljö (U) - Stor betydelse, Våtmark (V) - Stor betydelse;NT;A2ab
102981;58217;Delichon urbicum;hussvala;Art;314205;Jordbrukslandskap (J) - Stor betydelse, Urban miljö (U) - Stor betydelse, Havsstrand (H) - Har betydelse;VU;A2bc
103012;58243;Phylloscopus sibilatrix;grönsångare;Art;206313;Skog (S) - Stor betydelse;NT;A2ab
100108;58266;Phylloscopus trochiloides;lundsångare;Art;7213;Skog (S) - Stor betydelse, Urban miljö (U) - Har betydelse;VU;D1
100107;58268;Phylloscopus borealis;nordsångare;Art;706;Skog (S) - Stor betydelse;EN;D
102123;58289;Curruca nisoria;höksångare;Art;23215;Jordbrukslandskap (J) - Stor betydelse, Skog (S) - Har betydelse;VU;"C1; D1"
205866;58348;Certhia brachydactyla;trädgårdsträdkrypare;Art;981;Jordbrukslandskap (J) - Stor betydelse, Skog (S) - Stor betydelse, Urban miljö (U) - Stor betydelse;EN;D
103037;58358;Sturnus vulgaris;stare;Art;917252;Jordbrukslandskap (J) - Stor betydelse, Skog (S) - Stor betydelse, Urban miljö (U) - Har betydelse, Våtmark (V) - Har betydelse;VU;A2abc
103001;58393;Turdus iliacus;rödvingetrast;Art;455187;Skog (S) - Stor betydelse, Fjäll (F) - Har betydelse, Jordbrukslandskap (J) - Har betydelse;NT;A2abc
102999;58398;Turdus pilaris;björktrast;Art;793523;Jordbrukslandskap (J) - Stor betydelse, Skog (S) - Stor betydelse, Fjäll (F) - Har betydelse, Urban miljö (U) - Har betydelse;NT;A2ab
102624;58429;Luscinia svecica;blåhake;Art;137379;Fjäll (F) - Stor betydelse, Jordbrukslandskap (J) - Stor betydelse, Skog (S) - Stor betydelse, Våtmark (V) - Stor betydelse;NT;A2abc
205952;58430;Luscinia svecica cyanecula;vitstjärnig blåhake;Underart;2129;Jordbrukslandskap (J) - Stor betydelse, Våtmark (V) - Stor betydelse, Sötvatten (L) - Har betydelse;EN;D
233847;58431;Luscinia svecica svecica;rödstjärnig blåhake;Underart;1693;;NT;A2ab
103074;58449;Tarsiger cyanurus;tajgablåstjärt;Art;670;Skog (S) - Stor betydelse;VU;D1
102993;58454;Phoenicurus ochruros;svart rödstjärt;Art;87355;Urban miljö (U) - Stor betydelse, Jordbrukslandskap (J) - Har betydelse;VU;D1
233849;58477;Saxicola rubicola;svarthakad buskskvätta;Art;19327;Jordbrukslandskap (J) - Stor betydelse;NT°;D1
102990;58502;Prunella modularis;järnsparv;Art;501830;Skog (S) - Stor betydelse;NT°;A2ab
102987;58546;Motacilla alba;sädesärla;Art;904831;Jordbrukslandskap (J) - Stor betydelse, Urban miljö (U) - Stor betydelse, Våtmark (V) - Stor betydelse, Havsstrand (H) - Har betydelse, Sötvatten (L) - Har betydelse;NT;A2ab
100010;58557;Anthus campestris;fältpiplärka;Art;8568;Havsstrand (H) - Stor betydelse, Jordbrukslandskap (J) - Stor betydelse, Urban miljö (U) - Har betydelse;CR;"A3bc; C1; D"
102120;58564;Anthus cervinus;rödstrupig piplärka;Art;35797;Fjäll (F) - Stor betydelse, Våtmark (V) - Stor betydelse, Jordbrukslandskap (J) - Har betydelse;EN;A2abc
103051;58591;Carpodacus erythrinus;rosenfink;Art;133128;Jordbrukslandskap (J) - Stor betydelse, Våtmark (V) - Stor betydelse, Skog (S) - Har betydelse, Urban miljö (U) - Har betydelse;NT;A2abc
103042;58607;Chloris chloris;grönfink;Art;1071133;Jordbrukslandskap (J) - Stor betydelse, Urban miljö (U) - Stor betydelse, Skog (S) - Har betydelse;VU;A2abe
102124;58612;Linaria flavirostris;vinterhämpling;Art;111835;Fjäll (F) - Stor betydelse, Havsstrand (H) - Stor betydelse, Jordbrukslandskap (J) - Stor betydelse;NT°;D1
100129;58639;Serinus serinus;gulhämpling;Art;11213;Skog (S) - Stor betydelse, Urban miljö (U) - Stor betydelse, Jordbrukslandskap (J) - Har betydelse;EN;D
100050;58660;Emberiza pusilla;dvärgsparv;Art;2032;Skog (S) - Stor betydelse, Våtmark (V) - Har betydelse;VU;D1
100081;58667;Emberiza calandra;kornsparv;Art;11957;Jordbrukslandskap (J) - Stor betydelse;EN;D
102126;58676;Emberiza hortulana;ortolansparv;Art;29248;Jordbrukslandskap (J) - Stor betydelse, Skog (S) - Stor betydelse, Urban miljö (U) - Har betydelse;CR°;"A2abcd; C1"
103055;58681;Emberiza citrinella;gulsparv;Art;779129;Jordbrukslandskap (J) - Stor betydelse, Skog (S) - Stor betydelse, Urban miljö (U) - Har betydelse;NT;A2ab
100022;58797;Bufotes viridis;grönfläckig padda;Art;1807;Havsstrand (H) - Stor betydelse, Sötvatten (L) - Stor betydelse, Urban miljö (U) - Stor betydelse, Våtmark (V) - Stor betydelse, Brackvatten (B) - Har betydelse, Jordbrukslandskap (J) - Har betydelse;VU;A3ce
100021;58799;Epidalea calamita;strandpadda;Art;3777;Havsstrand (H) - Stor betydelse, Jordbrukslandskap (J) - Stor betydelse, Sötvatten (L) - Stor betydelse, Våtmark (V) - Stor betydelse, Urban miljö (U) - Har betydelse;NT°;
100098;58807;Pelobates fuscus;lökgroda;Art;1906;Jordbrukslandskap (J) - Stor betydelse, Sötvatten (L) - Stor betydelse, Våtmark (V) - Stor betydelse, Urban miljö (U) - Har betydelse;NT;B1a
100119;58817;Pelophylax lessonae;gölgroda;Art;4259;Skog (S) - Stor betydelse, Sötvatten (L) - Stor betydelse, Våtmark (V) - Stor betydelse;VU°;
217879;58856;Andvakia parva;blåsfotsanemon;Art;1;Marin miljö (M) - Stor betydelse, Brackvatten (B) - Har betydelse;CR (PRE);B1ab(iii)+2ab(iii)
217881;58874;Edwardsiella loveni;korallanemon;Art;26;Marin miljö (M) - Stor betydelse;CR;B1ab(iii)+2ab(iii)
217887;58876;Paraedwardsia arenaria;sandkappa;Art;29;Marin miljö (M) - Stor betydelse;NT;D2
217860;58937;Stomphia coccinea;hoppanemon;Art;61;Marin miljö (M) - Stor betydelse;VU;"B1ab(iii); D2"
217861;58939;Actinostola callosa;broskanemon;Art;44;Brackvatten (B) - Stor betydelse, Marin miljö (M) - Stor betydelse;VU;D2
217878;58942;Octineon suecicum;bredfotsanemon;Art;0;Marin miljö (M) - Stor betydelse;CR (PRE);B1ab(iii)+2ab(iii)
249112;58950;Sideractis glacialis;knoppanemon;Art;4;Marin miljö (M) - Stor betydelse;VU;D2
217890;58956;Desmophyllum pertusum;ögonkorall;Art;49;Marin miljö (M) - Stor betydelse;CR;B1ab(iii)+2ab(iii)
217836;58974;Callistephanus pallida;vit hornkorall;Art;22;Marin miljö (M) - Stor betydelse;NT;B1ab(iii)+2ab(iii)
217837;58979;Paramuricea placomus;sjöris;Art;24;Marin miljö (M) - Stor betydelse;EN;B1ab(iii)+2ab(iii)
217838;58981;Muriceides kuekenthali;rosenris;Art;7;Marin miljö (M) - Stor betydelse;RE;
217839;58994;Primnoa resedaeformis;risgrynskorall;Art;23;Marin miljö (M) - Stor betydelse;EN;B1ab(iii)+2ab(iii)
249109;59001;Anthothela grandiflora;rosenknoppskorall;Art;3;Marin miljö (M) - Stor betydelse, Brackvatten (B) - Har betydelse;CR;B1ab(iii)
217847;59007;Balticina finmarchica;grov kragpiprensare;Art;2;Marin miljö (M) - Stor betydelse;EN;D
217841;59010;Funiculina quadrangularis;större piprensare;Art;315;Marin miljö (M) - Stor betydelse;NT;D2
217842;59013;Kophobelemnon stelliferum;trubbig piprensare;Art;267;Marin miljö (M) - Stor betydelse;VU;D2
217845;59022;Virgularia tuberculata;gles piprensare;Art;21;Marin miljö (M) - Stor betydelse;VU;D2
217846;59024;Stylatula elegans;slank piprensare;Art;627;Marin miljö (M) - Stor betydelse;NT;D2
102868;59613;Spatangus raschi;hjärtsjömus;Art;21;Marin miljö (M) - Stor betydelse;CR;B1ab(iii)
217724;59614;Spatangus purpureus;purpursjömus;Art;178;Marin miljö (M) - Stor betydelse;NT;B1ab(i,ii,iii)+2ab(i,ii,iii)
217722;59627;Echinocardium pennatifidum;fjädersjöborre;Art;21;Marin miljö (M) - Stor betydelse;EN;B1ab(iii)
102873;59672;Panningia hyndmani;cylindersjögurka;Art;109;Marin miljö (M) - Stor betydelse;NT;B1ab(iii)
217731;59683;Parastichopus tremulus;signalsjögurka;Art;192;Marin miljö (M) - Stor betydelse;NT;B1ab(ii)+2ab(ii)
102854;59725;Pontaster tenuispinus;nålsjöstjärna;Art;0;Marin miljö (M) - Stor betydelse;RE;
102853;59731;Psilaster andromeda;andromedasjöstjärna;Art;230;Marin miljö (M) - Stor betydelse;NT;B1ab(iii)+2ab(iii)
102855;59746;Ceramaster granularis;sjökex;Art;28;Marin miljö (M) - Stor betydelse;VU;D2
102856;59750;Pseudarchaster parelii;ledsjöstjärna;Art;3;Marin miljö (M) - Stor betydelse;VU;D2
102857;59753;Porania stormi;nåldyna;Art;6;Marin miljö (M) - Stor betydelse;EN;D
217694;59764;Solaster endeca;gul solsjöstjärna;Art;91;Marin miljö (M) - Stor betydelse;NT;B1ab(iii)
217690;59769;Pteraster militaris;spetsig knubbsjöstjärna;Art;8;Marin miljö (M) - Stor betydelse;VU;D2
217691;59771;Pteraster pulvillus;femhörnig knubbsjöstjärna;Art;10;Marin miljö (M) - Stor betydelse;VU;D2
102862;59777;Asteronyx loveni;piprensarormstjärna;Art;102;Marin miljö (M) - Stor betydelse;VU;"B1ab(iii)+2ab(iii); D2"
102863;59780;Gorgonocephalus caputmedusae;medusahuvud;Art;28;Marin miljö (M) - Stor betydelse;NT°;B1ab(iii)
217712;59785;Ophioscolex glacialis;nordlig skinnormstjärna;Art;22;Marin miljö (M) - Stor betydelse;RE;
102865;59792;Amphipholis squamata;dvärgormstjärna;Art;86;Marin miljö (M) - Stor betydelse;NT;A2c
102864;59807;Ophiactis balli;finfjällig korallormstjärna;Art;30;Marin miljö (M) - Stor betydelse;VU;D2
102867;59819;Ophiura robusta;mindre fransormstjärna;Art;313;Marin miljö (M) - Stor betydelse;VU;B1ab(ii,iii)
217705;59825;Ophiocten affinis;snabb fransormstjärna;Art;765;Marin miljö (M) - Stor betydelse;NT;A2b
102852;59836;Hathrometra tenella;spenslig fjäderstjärna;Art;214;Marin miljö (M) - Stor betydelse;VU;B1ab(iii)+2ab(iii)
218243;60177;Cuspidaria rostrata;långnäbbmussla;Art;21;Marin miljö (M) - Stor betydelse;EN;B1ab(iii)
218246;60189;Poromya granulata;tunnskalig knölmussla;Art;10;Marin miljö (M) - Stor betydelse;CR (PRE);D
102724;60249;Genaxinus eumyarius;droppkrokmussla;Art;5;Marin miljö (M) - Stor betydelse;VU;D2
218291;60269;Mya truncata;trubbig sandmussla;Art;304;Marin miljö (M) - Stor betydelse, Brackvatten (B) - Har betydelse;VU;A2ac
102737;60310;Parvicardium hauniense;tunnskalig småhjärtmussla;Art;202;Brackvatten (B) - Stor betydelse, Marin miljö (M) - Stor betydelse;NT;D2
218281;60374;Spisula elliptica;elliptisk trågmussla;Art;196;Marin miljö (M) - Stor betydelse;NT;B1ab(ii)+2ab(ii)
246518;60375;Spisula solida;tjockskalig trågmussla;Art;48;Marin miljö (M) - Stor betydelse;NT;D2
102740;60433;Arcopagia crassa;tjockskalig skivmussla;Art;5;Marin miljö (M) - Stor betydelse;VU;D2
101268;60497;Margaritifera margaritifera;flodpärlmussla;Art;13928;Sötvatten (L) - Stor betydelse;EN;A2bce
101951;60510;Unio crassus;tjockskalig målarmussla;Art;1958;Sötvatten (L) - Stor betydelse;VU;"A2ab; B2ab(iii,iv,v)"
218227;60521;Nuculana minuta;mindre skaftmussla;Art;563;Marin miljö (M) - Stor betydelse;VU;A2bc
218228;60522;Nuculana pernula;större skaftmussla;Art;868;Marin miljö (M) - Stor betydelse;EN;A2bc
249457;60530;Yoldiella nana;mindre småtandmussla;Art;32;Marin miljö (M) - Stor betydelse;NT;D2
102712;60555;Asperarca nodulosa;slätkantad raktandmussla;Art;7;Marin miljö (M) - Stor betydelse;VU;D2
102714;60557;Bathyarca pectunculoides;mindre raktandmussla;Art;45;Marin miljö (M) - Stor betydelse;VU;D2
102715;60580;Crenella decussata;liktandad dvärgmussla;Art;79;Marin miljö (M) - Stor betydelse;VU;D2
218380;60585;Modiolula phaseolina;borstkantad blåmussla;Art;200;Marin miljö (M) - Stor betydelse;NT;B2b(ii,iii)
102717;60587;Modiolus cimbricus;rödstrimmig hästmussla;Art;4;Marin miljö (M) - Stor betydelse;CR (PRE);B2ab(iii)
218383;60590;Modiolus modiolus;större hästmussla;Art;651;Marin miljö (M) - Stor betydelse;EN;A2c
102716;60593;Musculus niger;svartmussla;Art;321;Marin miljö (M) - Stor betydelse;EN;B2ab(i,ii,iii)
106665;60597;Mytilus edulis;blåmussla;Art;69745;Brackvatten (B) - Stor betydelse, Marin miljö (M) - Stor betydelse;NT;A2bc
102721;60638;Delectopecten vitreus;vit kammussla;Art;108;Marin miljö (M) - Stor betydelse;VU;"B1ab(i,ii,iii)+2ab(i,ii,iii); D2"
102719;60640;Karnekampia sulcata;olikribbad kammussla;Art;42;Marin miljö (M) - Stor betydelse;VU;D2
218394;60645;Palliolum incomparabile;slät kammussla;Art;132;Marin miljö (M) - Stor betydelse;VU;B1ab(i)
102809;60688;Eledone cirrhosa;virvelkrake;Art;2;Marin miljö (M) - Stor betydelse;VU;D2
100159;60747;Platyla polita;nålsnäcka;Art;26;Skog (S) - Stor betydelse, Våtmark (V) - Stor betydelse;VU;B1ab(iii,iv,v)+2ab(iii,iv,v)
102768;60803;Lacuna parva;mindre lakunsnäcka;Art;5;Marin miljö (M) - Stor betydelse;NT;B2ab(iii)
217922;60817;Skeneopsis planorbis;skivstrandsnäcka;Art;5;Marin miljö (M) - Stor betydelse;NT;D2
102780;60821;Amauropsis islandica;toppig borrsnäcka;Art;30;Marin miljö (M) - Stor betydelse;VU;B1ab(iii)
102779;60828;Euspira pallida;smånavlad borrsnäcka;Art;101;Marin miljö (M) - Stor betydelse;VU;B1ab(iii,v)+2ab(iii,v)
102774;60843;Alvania testae;vinkelkorgsnäcka;Art;22;Marin miljö (M) - Stor betydelse;VU;B1ab(i,iii)
218039;60855;Onoba aculeus;trubbig triangelsnäcka;Art;310;Marin miljö (M) - Stor betydelse;NT;A2c
102797;60945;Buccinum humphreysianum;;Art;7;Marin miljö (M) - Stor betydelse;VU;D2
102803;61017;Thesbia nana;;Art;0;Marin miljö (M) - Stor betydelse;EN;B1ab(iii)+2ab(iii)
102796;61024;Boreotrophon clavatus;;Art;1;Marin miljö (M) - Stor betydelse;VU;D2
102795;61025;Boreotrophon truncatus;vindeltornsnäcka;Art;25;Marin miljö (M) - Stor betydelse;CR;B1ab(i,ii,iii)
102794;61046;Admete viridula;;Art;8;Marin miljö (M) - Stor betydelse;EN;B1ab(iii)+2ab(iii)
217960;61066;Epitonium turtonis;större vindeltrappa;Art;58;Marin miljö (M) - Stor betydelse;EN;B1ab(i,ii,iii)+2ab(i,ii,iii)
102793;61076;Cerithiella metula;;Art;6;Marin miljö (M) - Stor betydelse;VU;D2
102792;61078;Eumetula arctica;;Art;2;Marin miljö (M) - Stor betydelse;EN;B1ab(i,ii,iii,iv,v)
218148;61104;Facelina auriculata;praktnuding;Art;11;Marin miljö (M) - Stor betydelse;VU;D2
218167;61125;Hero formosa;linjebusknuding;Art;45;Marin miljö (M) - Stor betydelse;NT;D2
218132;61139;Dendronotus velifer;bredfotad trädnuding;Art;13;Marin miljö (M) - Stor betydelse;RE;
218136;61143;Doto crassicornis;kulkransad kottnuding;Art;0;Marin miljö (M) - Stor betydelse;RE;
218137;61144;Doto cuspidata;spräcklig kottnuding;Art;0;Marin miljö (M) - Stor betydelse;VU;D1
218139;61149;Doto millbayana;mångprickig kottnuding;Art;8;Marin miljö (M) - Stor betydelse;VU;D2
218140;61151;Doto tuberculata;vårtkottnuding;Art;0;Marin miljö (M) - Stor betydelse;VU;D1+2
218169;61157;Lomanotus genei;gultoppad volangnuding;Art;2;Marin miljö (M) - Stor betydelse;NT;D2
6033479;61170;Bohuslania matsmichaeli;bredhuvad kamnuding;Art;5;Marin miljö (M) - Stor betydelse;VU;D2
218144;61176;Amphorina farrani;gulfläckig rygghorning;Art;17;Marin miljö (M) - Stor betydelse;VU;D2
6040129;61177;Amphorina linensis;rödfläckig rygghorning;Art;2;Marin miljö (M) - Stor betydelse;VU;D2
218186;61205;Rubramoena amoena;prickig kamnuding;Art;2;Marin miljö (M) - Stor betydelse;NT;B1ac(iv)
6040150;61211;Trinchesia caerulea;brokig kamnuding;Art;5;Marin miljö (M) - Stor betydelse;VU;D1+2
6040149;61212;Trinchesia cuanensis;blågul kamnuding;Art;2;Marin miljö (M) - Stor betydelse;VU;D1+2
218191;61216;Zelentia pustulata;vitfläckig kamnuding;Art;1;Marin miljö (M) - Stor betydelse;VU;D2
218192;61219;Xenocratena suecica;gulfläckig kamnuding;Art;2;Marin miljö (M) - Stor betydelse;VU;D2
218153;61234;Gulenia borealis;nordborstnuding;Art;2;Marin miljö (M) - Stor betydelse;VU;"B1ab(i,iii)+2ab(i,iii); D2"
6033041;61235;Gulenia monicae;bredbandsnuding;Art;4;Marin miljö (M) - Stor betydelse;VU;D2
218158;61244;Carronella pellucida;vittoppad borstnuding;Art;26;Marin miljö (M) - Stor betydelse;VU;D2
218156;61251;Paracoryphella parva;dvärgborstnuding;Art;0;Marin miljö (M) - Stor betydelse;CR (PRE);D
218164;61315;Okenia aspersa;brokblomsternuding;Art;11;Marin miljö (M) - Stor betydelse;EN;D
218122;61338;Aegires punctilucens;ögonfläckig stumpnuding;Art;8;Marin miljö (M) - Stor betydelse;NT;D2
218182;61346;Palio nothus;nätgurknuding;Art;2;Marin miljö (M) - Stor betydelse;VU;D2
218183;61348;Polycera faeroensis;gulskäggsnuding;Art;5;Marin miljö (M) - Stor betydelse;NT;D2
218120;61359;Berthella sideralis;gul fläcksnäcka;Art;6;Marin miljö (M) - Stor betydelse;VU;D2
6006096;61361;Pleurobranchus membranaceus;dubbelvinge;Art;5;Marin miljö (M) - Stor betydelse;VU;D2
218096;61380;Akera bullata;fläckig manteldansare;Art;124;Marin miljö (M) - Stor betydelse;NT;B1ab(i,iii)
249088;61395;Retusa nitidula;glansig riskornssnäcka;Art;1;Marin miljö (M) - Stor betydelse;VU;D2
218104;61409;Diaphana globosa;klothyalinsnäcka;Art;2;Marin miljö (M) - Stor betydelse;VU;D2
218100;61424;Roxania utriculus;sjökanin;Art;29;Marin miljö (M) - Stor betydelse;NT;B1ab(iii)
218111;61432;Laona pruinosa;skörthavsmandel;Art;3;Marin miljö (M) - Stor betydelse;CR;B2ab(ii)
218113;61433;Laona quadrata;pärlhavsmandel;Art;29;Marin miljö (M) - Stor betydelse;CR (PRE);B1ab(i,ii,iii)+2ab(i,ii,iii)
218108;61439;Philine catena;större fläckhavsmandel;Art;5;Marin miljö (M) - Stor betydelse;EN;B1ab(i,ii,iii)+2ab(i,ii,iii)
218112;61442;Philine punctata;mindre fläckhavsmandel;Art;0;Marin miljö (M) - Stor betydelse;EN;B2ab(ii)
218102;61451;Scaphander punctostriatus;mindre träsnäcka;Art;22;Marin miljö (M) - Stor betydelse;EN;B1ab(i,ii,iii)+2ab(i,ii,iii)
106670;61496;Arion ater ater;svart skogssnigel;Underart;3689;Skog (S) - Stor betydelse, Jordbrukslandskap (J) - Har betydelse;NT;A2ace+3e+4e
100452;61512;Alinda biplicata;tvåtandad spolsnäcka;Art;135;Skog (S) - Stor betydelse, Urban miljö (U) - Har betydelse;VU;B2ab(ii,iii,iv)
6003645;61516;Balea sarsii;slät klippspolsnäcka;Art;2;Havsstrand (H) - Stor betydelse;VU;D2
100514;61518;Strigillaria cana;östspolsnäcka;Art;46;Skog (S) - Stor betydelse;VU;D2
100660;61520;Clausilia dubia;gitterspolsnäcka;Art;119;Skog (S) - Stor betydelse, Jordbrukslandskap (J) - Har betydelse;NT;B2ab(iii,v)
101160;61528;Laciniaria plicata;knölläppad spolsnäcka;Art;47;Havsstrand (H) - Stor betydelse, Skog (S) - Stor betydelse, Jordbrukslandskap (J) - Har betydelse;VU;D2
101258;61530;Macrogastra ventricosa;bukspolsnäcka;Art;428;Skog (S) - Stor betydelse;VU;B2ab(iii)
102559;61550;Helicopsis striata;öländsk alvarsnäcka;Art;107;Jordbrukslandskap (J) - Stor betydelse;NT;B1b(iii,iv,v)+2b(iii,iv,v)
101931;61552;Xerocrassa geyeri;gotländsk alvarsnäcka;Art;89;Jordbrukslandskap (J) - Stor betydelse, Skog (S) - Har betydelse;VU;D2
101526;61594;Perforatella bidentata;tandsnäcka;Art;733;Skog (S) - Stor betydelse, Våtmark (V) - Stor betydelse;VU;B2ab(ii,iii,iv,v)
101487;61618;Morlina glabra;blank glanssnäcka;Art;19;Skog (S) - Stor betydelse, Jordbrukslandskap (J) - Har betydelse;VU;B1ab(iii,iv,v)+2ab(iii,iv,v)
100670;61696;Cochlicopa nitens;större agatsnäcka;Art;284;Jordbrukslandskap (J) - Stor betydelse, Våtmark (V) - Stor betydelse, Skog (S) - Har betydelse;EN;B2ab(ii,iii,iv,v)
100894;61704;Ena montana;större barksnäcka;Art;193;Skog (S) - Stor betydelse;VU;D2
250126;61713;Pupilla alpicola pratensis;kärrpuppsnäcka;Underart;263;Våtmark (V) - Stor betydelse;VU;B2ab(iii)
101955;61731;Vallonia enniensis;kärrgrässnäcka;Art;3;Våtmark (V) - Stor betydelse;RE;
101800;61738;Spermodea lamellata;lamellsnäcka;Art;679;Skog (S) - Stor betydelse;NT;"A2bc; B2ab(ii,iii,iv,v)"
101966;61746;Vertigo genesii;otandad grynsnäcka;Art;579;Våtmark (V) - Stor betydelse, Fjäll (F) - Har betydelse;NT;B2b(iii,iv,v)
101967;61747;Vertigo geyeri;kalkkärrsgrynsnäcka;Art;2019;Våtmark (V) - Stor betydelse, Fjäll (F) - Har betydelse;NT;B2ab(iii)
101968;61749;Vertigo moulinsiana;större grynsnäcka;Art;88;Våtmark (V) - Stor betydelse, Skog (S) - Har betydelse;VU;D2
250123;61755;Vertigo ultimathule;högnordisk grynsnäcka;Art;3;Fjäll (F) - Stor betydelse, Skog (S) - Har betydelse;NT;B1a
101817;61808;Omphiscola glabra;smal dammsnäcka;Art;159;Sötvatten (L) - Stor betydelse, Våtmark (V) - Har betydelse;NT;B2ab(iii)
101019;61845;Gyraulus laevis;glatt skivsnäcka;Art;13;Sötvatten (L) - Stor betydelse;NT;B2a
217998;61905;Brachystomia eulimoides;spetstrubbsnatting;Art;13;Marin miljö (M) - Stor betydelse;VU;D2
218203;61957;Hermaea bifida;trelobsblading;Art;7;Marin miljö (M) - Stor betydelse;NT;D2
218205;61962;Calliopaea bellula;gleshornad skennuding;Art;3;Marin miljö (M) - Stor betydelse;NT;D2
218207;61972;Placida dendritica;gröngrening;Art;7;Marin miljö (M) - Stor betydelse;NT;D2
218048;61985;Tjaernoeia exquisita;finklyvgrening;Art;1;Marin miljö (M) - Stor betydelse;VU;"B1ab(iii); D2"
101956;62013;Valvata macrostoma;sumpkamgälsnäcka;Art;260;Sötvatten (L) - Stor betydelse, Våtmark (V) - Har betydelse;NT;B2a
101958;62015;Valvata sibirica;sibirisk kamgälsnäcka;Art;75;Sötvatten (L) - Stor betydelse;NT;B2a
102759;62049;Patella vulgata;större skålsnäcka;Art;104;Marin miljö (M) - Stor betydelse;CR;D
102765;62071;Clelandella miliaris;kornig virvelsnäcka;Art;164;Marin miljö (M) - Stor betydelse;VU;B1ab(iii)
217915;62087;Puncturella noachina;toppspaltsnäcka;Art;68;Marin miljö (M) - Stor betydelse;EN;B1ab(i,ii,iii)+2ab(i,ii,iii)
102916;62106;Acanthochitona crinita;;Art;12;Marin miljö (M) - Stor betydelse;NT;D2
217910;62109;Callochiton septemvalvis;;Art;38;Marin miljö (M) - Stor betydelse;VU;B1ab(i,ii,iii,iv)+2ab(i,ii,iii,iv)
217905;62114;Stenosemus albus;;Art;110;Marin miljö (M) - Stor betydelse;NT;B1ab(i,ii,iii)+2ab(i,ii,iii)
102913;62126;Hanleya hanleyi;;Art;66;Marin miljö (M) - Stor betydelse;VU;"B1ab(iii)+2ab(iii); D2"
102915;62130;Leptochiton alveolus;;Art;53;Marin miljö (M) - Stor betydelse;VU;B1ab(iii)+2ab(iii)
250052;62141;Antalis occidentalis;;Art;74;Marin miljö (M) - Stor betydelse;VU;D2
102756;62148;Entalina tetragona;;Art;158;Marin miljö (M) - Stor betydelse;NT°;D2
102757;62155;Pulsellum lofotense;;Art;0;Marin miljö (M) - Stor betydelse;RE;
231021;64542;Crenobia alpina;;Art;13;Sötvatten (L) - Stor betydelse;NT;B2ab(ii,iii,iv,v)
218525;66078;Antho dichotoma;;Art;55;Marin miljö (M) - Stor betydelse;NT;D2
218462;66086;Mycale macilenta;;Art;3;Marin miljö (M) - Stor betydelse;NT°;D2
218471;66097;Hymenancora tenuisclera;;Art;1;Marin miljö (M) - Stor betydelse;VU;D2
249104;66166;Suberites montalbidus;;Art;34;Marin miljö (M) - Stor betydelse;VU;D2
218436;66167;Suberites spematozoon;;Art;0;Marin miljö (M) - Stor betydelse;VU;D2
218420;66180;Stelletta normani;;Art;3;Marin miljö (M) - Stor betydelse;VU;D2
6021702;66182;Stryphnus fortis;;Art;4;Marin miljö (M) - Stor betydelse;VU;D2
218422;66192;Geodia barretti;fotbollssvampdjur;Art;111;Marin miljö (M) - Stor betydelse;VU;A2c
218423;66193;Geodia phlegraei;;Art;8;Marin miljö (M) - Stor betydelse;VU;D2
218419;66202;Craniella cranium;;Art;13;Marin miljö (M) - Stor betydelse;VU;D2
218548;66209;Aplysilla rosea;;Art;20;Marin miljö (M) - Stor betydelse;NT;D2
232914;67929;Nostoc calcicola;kalkgelé;Art;1;Fjäll (F) - Stor betydelse, Sötvatten (L) - Har betydelse, Våtmark (V) - Har betydelse;VU;D2
232915;67935;Nostoc flagelliforme;jordhår;Art;63;Jordbrukslandskap (J) - Har betydelse, Sötvatten (L) - Har betydelse, Våtmark (V) - Har betydelse;VU;D2
234987;67945;Nostoc parmelioides;näcköra;Art;18;Sötvatten (L) - Stor betydelse;NT;B2b(i,ii,iii,iv,v)
232917;67954;Nostoc zetterstedtii;sjöhjortron;Art;410;Sötvatten (L) - Stor betydelse;NT;B2b(ii,iii,iv,v)
232749;70690;Dictyota dichotoma;klynnebändel;Art;41;Marin miljö (M) - Stor betydelse;VU;B1ac(iv)
232648;70710;Acrothrix gracilis;långgrening;Art;12;Marin miljö (M) - Stor betydelse;VU;B1ab(i,ii,iii,iv,v)c(ii,iii,iv)
232647;70944;Tilopteris mertensii;fjäderklubba;Art;7;Marin miljö (M) - Stor betydelse;VU;B1ac(iv)
1768;75235;Arthonia arthonioides;dalmatinerfläck;Art;71;Jordbrukslandskap (J) - Stor betydelse, Skog (S) - Stor betydelse;EN;D
94;75243;Arthonia cinereopruinosa;puderfläck;Art;664;Jordbrukslandskap (J) - Stor betydelse, Skog (S) - Stor betydelse;NT;"A2bc+3bc+4bc; D1"
96;75266;Arthonia helvola;rödprick;Art;189;Skog (S) - Stor betydelse, Jordbrukslandskap (J) - Har betydelse, Våtmark (V) - Har betydelse;NT;D1
98;75268;Arthonia incarnata;mörk rödprick;Art;111;Skog (S) - Stor betydelse, Våtmark (V) - Stor betydelse;VU;A2bc+3bc+4bc
1771;75310;Arthothelium norvegicum;norsk jaguarfläck;Art;3;Skog (S) - Stor betydelse;EN;D
95;75315;Coniocarpon cinnabarinum;cinnoberfläck;Art;335;Jordbrukslandskap (J) - Stor betydelse, Skog (S) - Stor betydelse;CR;A3bc+4bc
6000146;75317;Coniocarpon fallax;;Art;86;Jordbrukslandskap (J) - Stor betydelse, Skog (S) - Stor betydelse;CR;A3bc+4bc
93;75321;Inoderma byssaceum;ekpricklav;Art;876;Skog (S) - Stor betydelse, Jordbrukslandskap (J) - Har betydelse;VU;D1
101;75323;Pachnolepia pruinata;matt pricklav;Art;2533;Jordbrukslandskap (J) - Stor betydelse, Skog (S) - Stor betydelse;NT;A2bc+3bc+4bc
1767;75325;Reichlingia anombrophila;öländsk pricklav;Art;73;Skog (S) - Stor betydelse, Jordbrukslandskap (J) - Har betydelse;EN;"B2ab(i,ii,iii,iv,v); D"
1769;75327;Reichlingia zwackhii;frostfläck;Art;148;Jordbrukslandskap (J) - Stor betydelse, Skog (S) - Stor betydelse;CR;A3bc
249993;75329;Sporodophoron cretaceum;vit skärelav;Art;59;Jordbrukslandskap (J) - Stor betydelse, Skog (S) - Stor betydelse;CR;D
1820;75339;Alyxoria culmigena;växtklotterlav;Art;16;Jordbrukslandskap (J) - Stor betydelse, Skog (S) - Stor betydelse;EN;"A3bc; D"
1116;75341;Alyxoria ochrocheila;orangepudrad klotterlav;Art;2022;Jordbrukslandskap (J) - Stor betydelse, Skog (S) - Stor betydelse;NT;A2bc+3bc+4bc
1114;75346;Lecanographa amylacea;gammelekslav;Art;8115;Jordbrukslandskap (J) - Stor betydelse, Skog (S) - Stor betydelse;NT;A2bc+3bc+4bc
1115;75347;Lecanographa lyncea;daggklotterlav;Art;92;Jordbrukslandskap (J) - Stor betydelse, Skog (S) - Stor betydelse;CR;"C2a(i); D"
229651;75357;Plectocarpon lichenum;lunglavsknapp;Art;504;Skog (S) - Stor betydelse, Jordbrukslandskap (J) - Har betydelse, Våtmark (V) - Har betydelse;VU;D1
229653;75359;Plectocarpon nephromeum;njurlavsknapp;Art;30;Skog (S) - Stor betydelse;EN;D
229654;75361;Plectocarpon scrobiculatae;skrovellavsknapp;Art;86;Skog (S) - Stor betydelse;EN;D
229458;75369;Opegrapha cesareensis;skånsk klotterlav;Art;1;Havsstrand (H) - Stor betydelse;CR (PRE);D
1118;75384;Opegrapha vermicellifera;stiftklotterlav;Art;4081;Skog (S) - Stor betydelse;NT;A2bc+3bc+4bc
264147;75392;Cresponea premnea;atlantcresponia;Art;1;Skog (S) - Stor betydelse, Jordbrukslandskap (J) - Har betydelse;RE;
6038729;75397;Dirina fallax;mörk dirina;Art;7;Skog (S) - Stor betydelse;EN;D
586;75400;Enterographa crassa;barkzonlav;Art;54;Skog (S) - Stor betydelse;CR;D
587;75401;Enterographa hutchinsiae;klippzonlav;Art;206;Skog (S) - Stor betydelse;EN;D
1459;75416;Schismatomma graphidioides;skrift-skärelav;Art;140;Jordbrukslandskap (J) - Stor betydelse, Skog (S) - Stor betydelse;EN;D
1460;75417;Schismatomma pericleum;rosa skärelav;Art;3928;Jordbrukslandskap (J) - Stor betydelse, Skog (S) - Stor betydelse;NT;A2bc+3bc+4bc
1461;75418;Schismatomma umbrinum;brun skärelav;Art;18;Skog (S) - Stor betydelse;VU;D1
1776;75426;Bactrospora brodoi;amerikansk sönderfallslav;Art;243;Skog (S) - Stor betydelse;VU;A2bc+3bc+4bc
137;75427;Bactrospora corticola;liten sönderfallslav;Art;1857;Jordbrukslandskap (J) - Stor betydelse, Skog (S) - Stor betydelse;NT;D1
138;75428;Bactrospora dryina;stor sönderfallslav;Art;176;Jordbrukslandskap (J) - Stor betydelse, Skog (S) - Stor betydelse;EN;D
6426;75433;Felipes leucopellaeus;kattfotslav;Art;14060;Skog (S) - Stor betydelse, Våtmark (V) - Har betydelse;NT;A3bcd+4bc
252391;75731;Mycosphaerella chimaphilae;rylprick;Art;121;Skog (S) - Stor betydelse;EN;A2c
230104;75953;Stigmidium degelii;blylavsvårta;Art;5;Jordbrukslandskap (J) - Stor betydelse, Skog (S) - Stor betydelse;CR;D
6331330;75977;Stigmidium rouxianum;;Art;5;Fjäll (F) - Stor betydelse;CR;D
266100;76043;Abrothallus diederichii;;Art;9;Skog (S) - Stor betydelse;VU;D1
6000458;76044;Abrothallus lobariae;;Art;8;Skog (S) - Stor betydelse;VU;D1
252389;76150;Cucurbitaria coronillae;kronilltuvgömming;Art;0;Jordbrukslandskap (J) - Stor betydelse;EN;C2a(i)
1802;76188;Eopyrenula septemseptata;stor blanklav;Art;31;Jordbrukslandskap (J) - Stor betydelse, Skog (S) - Stor betydelse;CR;D
1770;76581;Mycoporum antecellens;storsporig päronlav;Art;22;Skog (S) - Stor betydelse;CR;D
260258;76724;Splanchnonema foedans;almbarksnästing;Art;51;Skog (S) - Stor betydelse, Jordbrukslandskap (J) - Har betydelse, Urban miljö (U) - Har betydelse;NT;A3ce
1539;77266;Strigula jamesii;strigula;Art;71;Skog (S) - Stor betydelse;VU;"A4bc; D1"
230130;77269;Strigula stigmatella;storsporig strigula;Art;12;Skog (S) - Stor betydelse, Jordbrukslandskap (J) - Har betydelse;EN;D
1793;77724;Celothelium ischnobelum;snabelsporlav;Art;39;Skog (S) - Stor betydelse;EN;D
1341;77731;Pyrenula laevigata;barkvårtlav;Art;0;Skog (S) - Stor betydelse;CR;D
1342;77733;Pyrenula nitida;bokvårtlav;Art;11816;Skog (S) - Stor betydelse;NT;A2bc+3bc+4bc
1343;77734;Pyrenula nitidella;askvårtlav;Art;266;Skog (S) - Stor betydelse;EN;A2bc+3bc+4bc
1826;77735;Pyrenula occidentalis;atlantisk vårtlav;Art;0;Skog (S) - Stor betydelse;CR;D
1766;77757;Agonimia allobata;slät fjällav;Art;503;Skog (S) - Stor betydelse, Våtmark (V) - Stor betydelse, Jordbrukslandskap (J) - Har betydelse;NT;A2bc+3bc+4bc
274;77783;Catapyrenium psoromoides;grå jordlav;Art;120;Jordbrukslandskap (J) - Stor betydelse, Skog (S) - Har betydelse;CR;A3bc
584;77807;Endocarpon psorodeum;serpentinkalklav;Art;20;Skog (S) - Stor betydelse;VU;D1
570;78254;Elaphomyces aculeatus;taggig hjorttryffel;Art;83;Skog (S) - Stor betydelse, Jordbrukslandskap (J) - Har betydelse;EN;B2ab(iii)
571;78255;Elaphomyces anthracinus;svart hjorttryffel;Art;250;Skog (S) - Stor betydelse;VU;C2a(i)
6037589;78257;Elaphomyces barrioi;;Art;71;Jordbrukslandskap (J) - Stor betydelse, Skog (S) - Har betydelse;VU;C2a(i)
572;78264;Elaphomyces leveillei;torvhjorttryffel;Art;192;Skog (S) - Stor betydelse, Våtmark (V) - Har betydelse;NT;C2a(i)
573;78265;Elaphomyces maculatus;slät hjorttryffel;Art;89;Skog (S) - Stor betydelse, Jordbrukslandskap (J) - Har betydelse;EN;C2a(i)
6051511;78272;Elaphomyces roseoviolaceus;;Art;6;Skog (S) - Stor betydelse, Jordbrukslandskap (J) - Har betydelse;VU;"C1; D1+2"
6003353;78273;Elaphomyces septatus;ljussporig hjorttryffel;Art;39;Skog (S) - Stor betydelse, Jordbrukslandskap (J) - Har betydelse;VU;"B2ab(i,iii,iv,v); C2a(i); D2"
574;78274;Elaphomyces striatosporus;strimsporig hjorttryffel;Art;89;Skog (S) - Stor betydelse, Jordbrukslandskap (J) - Har betydelse;VU;C2a(i)
6051515;78275;Elaphomyces violaceoniger;;Art;7;Skog (S) - Stor betydelse;VU;D2
2000;78276;Elaphomyces virgatosporus;ungersk hjorttryffel;Art;52;Skog (S) - Stor betydelse, Jordbrukslandskap (J) - Har betydelse;VU;D1+2
228575;78340;Chaenothecopsis epithallina;brun svartspik;Art;198;Skog (S) - Stor betydelse;NT;A2bc+3bcd+4bc
6487;78341;Chaenothecopsis fennica;blågrå svartspik;Art;5014;Skog (S) - Stor betydelse, Våtmark (V) - Har betydelse;NT;A2bc+4bc
1794;78342;Chaenothecopsis haematopus;rödskaftad svartspik;Art;44;Skog (S) - Stor betydelse;VU;D1
6000248;78345;Chaenothecopsis montana;mörk kådsvartspik;Art;63;Skog (S) - Stor betydelse;VU;A2bc+3bc+4bc
228579;78346;Chaenothecopsis nana;liten svartspik;Art;1202;Skog (S) - Stor betydelse;NT;A2bc+3bc+4bc
314;78357;Chaenothecopsis viridialba;vitskaftad svartspik;Art;1594;Skog (S) - Stor betydelse;VU;A2bc+3bc+4bc
6003412;78359;Chaenothecopsis zebrina;röd kådsvartspik;Art;3;Skog (S) - Stor betydelse;VU;D1
1514;78377;Sphinctrina anglica;ladparasitspik;Art;355;Jordbrukslandskap (J) - Stor betydelse;EN;C1+2a(i)
1515;78378;Sphinctrina leucopoda;liten parasitspik;Art;122;Jordbrukslandskap (J) - Stor betydelse, Skog (S) - Har betydelse;EN;C1
1516;78380;Sphinctrina turbinata;kortskaftad parasitspik;Art;1202;Jordbrukslandskap (J) - Stor betydelse, Skog (S) - Stor betydelse;VU;A2bc+4bc
228748;78397;Sclerococcum lobariellum;skrovelmössing;Art;39;Jordbrukslandskap (J) - Stor betydelse, Skog (S) - Stor betydelse;VU;D1
1765;78619;Acarospora cervina;gyttrad kalkspricklav;Art;160;Jordbrukslandskap (J) - Stor betydelse;VU;D1
230554;78676;Sarcogyne distinguenda;klotsporig skifferlav;Art;12;Jordbrukslandskap (J) - Stor betydelse, Våtmark (V) - Stor betydelse, Skog (S) - Har betydelse;VU;D1
498;78693;Acolium karelicum;liten sotlav;Art;1572;Skog (S) - Stor betydelse;VU;A2bc+3bc+4bc
501;78694;Acolium sessile;parasitsotlav;Art;668;Jordbrukslandskap (J) - Stor betydelse;NT;"A2bc+3bc+4bc; D1"
6003357;78701;Amandinea pelidna;sydamandinea;Art;29;Havsstrand (H) - Stor betydelse, Jordbrukslandskap (J) - Har betydelse;NT;D1
1784;78715;Buellia epigaea;jordskivlav;Art;50;Jordbrukslandskap (J) - Stor betydelse, Skog (S) - Har betydelse;CR;D
213;78734;Calicium abietinum;vedspik;Art;452;Jordbrukslandskap (J) - Stor betydelse, Skog (S) - Stor betydelse;VU;A2bc+3bc+4bc
6437;78737;Calicium denigratum;blanksvart spiklav;Art;11043;Skog (S) - Stor betydelse;NT;A2bc+3bc+4abc
216;78740;Calicium lenticulare;skuggspiklav;Art;41;Skog (S) - Stor betydelse, Våtmark (V) - Stor betydelse;CR;D
499;78742;Calicium notarisii;sydlig ladlav;Art;629;Jordbrukslandskap (J) - Stor betydelse;EN;A2bc+3bc+4bc
500;78745;Calicium pinicola;fjällsotlav;Art;136;Skog (S) - Stor betydelse;VU;D1
218;78746;Calicium quercinum;ekspik;Art;948;Jordbrukslandskap (J) - Stor betydelse, Skog (S) - Har betydelse;VU;A2bc+3bc+4bc
6332580;78747;Calicium ramboldiicola;;Art;81;Skog (S) - Stor betydelse;VU;C1
502;78749;Calicium tigillare;ladlav;Art;2060;Jordbrukslandskap (J) - Stor betydelse, Skog (S) - Stor betydelse, Våtmark (V) - Stor betydelse;NT;A2bc+3bc+4bc
503;78752;Calicium trachylioides;grå ladlav;Art;840;Jordbrukslandskap (J) - Stor betydelse;CR;A3bc+4bc
553;78758;Diploicia canescens;skorpdagglav;Art;735;Jordbrukslandskap (J) - Stor betydelse;EN;A2bc
1785;78762;Diplotomma pharcidium;urnskivlav;Art;164;Jordbrukslandskap (J) - Stor betydelse, Skog (S) - Stor betydelse;NT;"A2bc+3bc+4bc; B2b(ii,iii,iv,v)"
1561;78777;Tholurna dissimilis;urnlav;Art;542;Fjäll (F) - Stor betydelse, Skog (S) - Har betydelse, Våtmark (V) - Har betydelse;NT;A3bc+4bc
772;78784;Heterodermia speciosa;elfenbenslav;Art;358;Skog (S) - Stor betydelse;VU;"A2bc+4bc; D1"
1194;78789;Phaeophyscia constipata;kalkkranslav;Art;150;Fjäll (F) - Stor betydelse, Jordbrukslandskap (J) - Stor betydelse, Skog (S) - Har betydelse;CR;D
229579;78792;Phaeophyscia kairamoi;raggkranslav;Art;42;Våtmark (V) - Stor betydelse, Jordbrukslandskap (J) - Har betydelse, Skog (S) - Har betydelse;VU;D1
1232;78808;Physcia leptalea;fransrosettlav;Art;174;Jordbrukslandskap (J) - Stor betydelse, Skog (S) - Stor betydelse, Urban miljö (U) - Har betydelse;VU;D1
1230;78809;Physcia magnussonii;pudrad rosettlav;Art;49;Skog (S) - Stor betydelse;VU;D1
1231;78810;Physcia phaea;rikfruktig rosettlav;Art;71;Våtmark (V) - Stor betydelse, Skog (S) - Har betydelse;EN;D
229609;78815;Physconia detersa;nordlig dagglav;Art;86;Skog (S) - Stor betydelse;VU;D1
229935;78828;Rinodina calcarea;kalkkrimmerlav;Art;9;Jordbrukslandskap (J) - Stor betydelse;EN;D
1828;78832;Rinodina colobina;allékrimmerlav;Art;158;Jordbrukslandskap (J) - Stor betydelse, Urban miljö (U) - Har betydelse;VU;"A2bc+3b; D1"
229946;78842;Rinodina fimbriata;sjökrimmerlav;Art;9;Våtmark (V) - Stor betydelse, Skog (S) - Har betydelse;CR;D
229953;78854;Rinodina luridescens;strandkrimmerlav;Art;56;Havsstrand (H) - Stor betydelse;EN;D
1829;78870;Rinodina pityrea;falsk allékrimmerlav;Art;293;Jordbrukslandskap (J) - Stor betydelse, Urban miljö (U) - Har betydelse;NT;A2bc
1830;78871;Rinodina polyspora;mångsporig krimmerlav;Art;78;Skog (S) - Stor betydelse;CR;D
229967;78878;Rinodina sheardii;dimkrimmerlav;Art;12;Skog (S) - Stor betydelse;CR;D
6000240;78916;Catillaria lobariicola;;Art;6;Skog (S) - Stor betydelse;VU;D1
277;78917;Catillaria minuta;liten kalkkollav;Art;33;Jordbrukslandskap (J) - Stor betydelse, Skog (S) - Har betydelse;NT;D1
352;78986;Cladonia incrassata;torvbägarlav;Art;288;Skog (S) - Stor betydelse, Våtmark (V) - Stor betydelse;VU;A2bc+3bc+4bc
353;79000;Cladonia parasitica;dvärgbägarlav;Art;24213;Skog (S) - Stor betydelse, Jordbrukslandskap (J) - Har betydelse;NT;A2bc+3bc+4bc
354;79001;Cladonia peziziformis;huvudbägarlav;Art;75;Jordbrukslandskap (J) - Stor betydelse;VU;D1
355;79005;Cladonia polycarpoides;mångfruktig bägarlav;Art;34;Jordbrukslandskap (J) - Har betydelse, Skog (S) - Har betydelse;VU;D1
1238;79052;Pilophorus robustus;stor kolvlav;Art;32;Skog (S) - Stor betydelse, Våtmark (V) - Stor betydelse, Fjäll (F) - Har betydelse;EN;D
1239;79053;Pilophorus strumaticus;västlig kolvlav;Art;37;Fjäll (F) - Stor betydelse, Skog (S) - Stor betydelse;EN;D
6446;79091;Carbonicola anthracophila;kolflarnlav;Art;25122;Skog (S) - Stor betydelse;NT;"A2bc+3bcd+4bc; C1"
228912;79092;Carbonicola myrmecina;mörk kolflarnlav;Art;17584;Skog (S) - Stor betydelse;NT;A2bc+3bc+4bc
356;79094;Claurouxia chalybeioides;labyrintlav;Art;109;Skog (S) - Stor betydelse, Våtmark (V) - Stor betydelse, Sötvatten (L) - Har betydelse;NT;D1
924;79155;Lecanora glabrata;bokkantlav;Art;4877;Skog (S) - Stor betydelse;NT;A2bc+3bc+4bc
6331259;79158;Lecanora horiza;;Art;14;Jordbrukslandskap (J) - Stor betydelse, Skog (S) - Stor betydelse;VU;"A2bc+3bc+4bc; D1"
925;79162;Lecanora impudens;allékantlav;Art;453;Jordbrukslandskap (J) - Stor betydelse, Skog (S) - Stor betydelse;VU;"A2bc+3bc+4c; C2a(i)"
229038;79178;Lecanora orae-frigidae;bryggkantlav;Art;26;;VU;D1
927;79214;Lecanora sublivescens;blå halmlav;Art;662;Jordbrukslandskap (J) - Stor betydelse, Skog (S) - Har betydelse;VU;D1
229077;79227;Lecanora vacillans;lodkantlav;Art;56;Jordbrukslandskap (J) - Stor betydelse, Skog (S) - Stor betydelse;EN;D
229080;79230;Lecanora viridissima;gutelav;Art;37;Jordbrukslandskap (J) - Stor betydelse, Skog (S) - Stor betydelse;VU;D1
229186;79249;Lecidella pulveracea;lad-lecidella;Art;25;Jordbrukslandskap (J) - Stor betydelse;CR (PRE);D
229192;79257;Lecidella xylophila;ved-lecidella;Art;27;Skog (S) - Stor betydelse, Jordbrukslandskap (J) - Har betydelse, Våtmark (V) - Har betydelse;CR;D
6008463;79324;Cheiromycina petri;;Art;42;Skog (S) - Stor betydelse;NT;A2bc+3bcd+4bc
6425;79334;Alectoria sarmentosa;garnlav;Art;155813;Skog (S) - Stor betydelse;VU;A2abc+3bc+4bc
184;79354;Bryoria bicolor;broktagel;Art;1457;Skog (S) - Stor betydelse, Jordbrukslandskap (J) - Har betydelse;EN;A3bc
260591;79357;Bryoria fremontii;talltagel;Art;3830;Skog (S) - Stor betydelse;NT;A2bcd+3bc+4bc
185;79366;Bryoria nadvornikiana;violettgrå tagellav;Art;24144;Skog (S) - Stor betydelse;NT;A2bc+3bc+4bc
186;79367;Bryoria nitidula;glanstagel;Art;77;Skog (S) - Stor betydelse;EN;D
187;79369;Bryoria smithii;stiftbroktagel;Art;0;Skog (S) - Stor betydelse, Våtmark (V) - Har betydelse;CR;D
188;79370;Bryoria tenuis;långt broktagel;Art;658;Skog (S) - Stor betydelse;EN;A2bc+4bc
6051141;79392;Cetrelia cetrarioides;;Art;0;Skog (S) - Stor betydelse;CR;D
6051143;79394;Cetrelia olivetorum;;Art;0;Skog (S) - Stor betydelse;CR;D
637;79401;Evernia divaricata;ringlav;Art;3035;Skog (S) - Stor betydelse, Våtmark (V) - Har betydelse;VU;A2bc+4bc
638;79402;Evernia illyrica;grå ringlav;Art;0;Skog (S) - Stor betydelse;RE;
639;79403;Evernia mesomorpha;grenlav;Art;735;Skog (S) - Stor betydelse, Våtmark (V) - Har betydelse;VU;A2bc+4bc
863;79412;Hypogymnia austerodes;mörk blåslav;Art;396;Skog (S) - Stor betydelse, Våtmark (V) - Stor betydelse;VU;D1
864;79413;Hypogymnia bitteri;knottrig blåslav;Art;17108;Skog (S) - Stor betydelse, Våtmark (V) - Stor betydelse;NT;A2bc+3bc+4bc
283;79415;Hypogymnia hultenii;kavernularia;Art;636;Skog (S) - Stor betydelse, Våtmark (V) - Stor betydelse;NT;A2bc+3bc+4bc
6450;79420;Hypogymnia vittata;skuggblåslav;Art;7826;Skog (S) - Stor betydelse;NT;A2bc+3bc+4bcd
967;79429;Letharia vulpina;varglav;Art;11044;Skog (S) - Stor betydelse, Våtmark (V) - Stor betydelse, Jordbrukslandskap (J) - Har betydelse;NT;A2bc+3bc+4bc
1029;79441;Melanohalea elegantula;elegant sköldlav;Art;1542;Jordbrukslandskap (J) - Stor betydelse, Urban miljö (U) - Har betydelse;NT;"A2bc+4bc; D1"
1036;79449;Menegazzia terebrata;hållav;Art;1276;Skog (S) - Stor betydelse, Våtmark (V) - Stor betydelse;VU;A2bc+3bc+4bc
232147;79450;Menegazzia subsimilis;atlantisk hållav;Art;0;Skog (S) - Stor betydelse, Våtmark (V) - Stor betydelse;CR;D
229321;79455;Montanelia tominii;tornesköldlav;Art;1;Fjäll (F) - Stor betydelse;CR;D
229569;79490;Phacopsis vulpina;varglavsknöl;Art;203;Skog (S) - Stor betydelse, Våtmark (V) - Stor betydelse, Jordbrukslandskap (J) - Har betydelse;VU;D1
1249;79493;Platismatia norvegica;norsk näverlav;Art;4045;Skog (S) - Stor betydelse, Våtmark (V) - Stor betydelse, Jordbrukslandskap (J) - Har betydelse;VU;"A2bc+3bc+4bc; C2a(i)"
229751;79499;Protoparmelia hypotremella;vedkastanjelav;Art;32;Jordbrukslandskap (J) - Stor betydelse, Skog (S) - Stor betydelse;EN;D
230552;79522;Usnea barbata;gropig skägglav;Art;967;Jordbrukslandskap (J) - Stor betydelse, Skog (S) - Stor betydelse;VU;A2bc+4bc
1636;79523;Usnea ceratina;knölig skägglav;Art;3;Skog (S) - Stor betydelse;RE;
1637;79525;Usnea cylindrica;cylinderskägglav;Art;29;Skog (S) - Stor betydelse;EN;A2bc+4bc
1641;79530;Usnea glabrata;dvärgskägglav;Art;8;Skog (S) - Stor betydelse;CR;D
1642;79533;Usnea longissima;långskägg;Art;5503;Skog (S) - Stor betydelse;EN;A2abc+3bc+4bc
1786;79578;Byssoloma marginatum;trådöga;Art;13;Skog (S) - Stor betydelse;CR;D
135;79587;Fellhaneropsis vezdae;stiftkvistlav;Art;106;Skog (S) - Stor betydelse;EN;D
1042;79593;Micarea adnata;vaxdynlav;Art;18;Jordbrukslandskap (J) - Stor betydelse, Skog (S) - Stor betydelse;EN;D
229338;79606;Micarea elachista;vårtig dynlav;Art;193;Skog (S) - Stor betydelse;NT;A2abc+3bc+4bc
1816;79613;Micarea hedlundii;luddig stiftdynlav;Art;190;Skog (S) - Stor betydelse, Våtmark (V) - Stor betydelse;VU;A2bc+3bc+4bc
1047;79629;Micarea melaeniza;prickig veddynlav;Art;5;Skog (S) - Stor betydelse;RE;
232261;79665;Szczawinskia leucopoda;skaftlav;Art;1;Skog (S) - Stor betydelse, Våtmark (V) - Har betydelse;RE;
1298;79680;Protoblastenia cyclospora;röd guldskivlav;Art;155;Jordbrukslandskap (J) - Stor betydelse;VU;D1
1321;79689;Psora globifera;klot-tegellav;Art;151;Fjäll (F) - Stor betydelse, Jordbrukslandskap (J) - Stor betydelse, Våtmark (V) - Stor betydelse, Skog (S) - Har betydelse;EN;"A2bc+4bc; D"
1322;79691;Psora testacea;falsk guldskivlav;Art;382;Jordbrukslandskap (J) - Stor betydelse, Skog (S) - Har betydelse;VU;D1
1323;79692;Psora vallesiaca;öländsk tegellav;Art;147;Jordbrukslandskap (J) - Stor betydelse, Skog (S) - Har betydelse;EN;D
124;79700;Bacidia absistens;kristall-lundlav;Art;201;Skog (S) - Stor betydelse, Jordbrukslandskap (J) - Har betydelse;VU;"A2bc; C1; D1"
131;79709;Bacidia laurocerasi;granlundlav;Art;166;Skog (S) - Stor betydelse;EN;D
133;79710;Bacidia polychroa;brun lundlav;Art;286;Jordbrukslandskap (J) - Stor betydelse, Skog (S) - Stor betydelse;VU;D1
134;79712;Bacidia rosella;rosa lundlav;Art;3005;Jordbrukslandskap (J) - Stor betydelse, Skog (S) - Stor betydelse;VU;A2bc+3bc+4bc
257107;79713;Bacidia rosellizans;blek lundlav;Art;35;Skog (S) - Stor betydelse;NT;A2bc+3bc+4bc
6331239;79726;Bacidina caerulea;fläderlundlav;Art;412;Skog (S) - Stor betydelse;NT;"A2bc+3bc+4bc; D1"
6331372;79744;Bacidina phacodes;liten lundlav;Art;982;Skog (S) - Stor betydelse;NT;"A2bc+3bc+4bc; D1"
130;79753;Bellicidia incompta;savlundlav;Art;1171;Jordbrukslandskap (J) - Stor betydelse, Skog (S) - Har betydelse;EN;A3bc
1778;79766;Biatora fallax;fjällig knopplav;Art;53;Skog (S) - Stor betydelse, Våtmark (V) - Stor betydelse;VU;A2bc+4bc
6006478;79786;Biatora veteranorum;stiftknopplav;Art;47;Jordbrukslandskap (J) - Stor betydelse, Skog (S) - Har betydelse;VU;D1
374;79802;Cliostomum corrugatum;gul dropplav;Art;6085;Jordbrukslandskap (J) - Stor betydelse, Skog (S) - Har betydelse;NT;A2bc+3bc+4bc
1797;79805;Cliostomum leprosum;mjölig dropplav;Art;335;Skog (S) - Stor betydelse, Våtmark (V) - Har betydelse;VU;A2bc+3bc+4bc
6038705;79806;Cliostomum piceicola;;Art;59;Skog (S) - Stor betydelse;VU;D1
1810;79808;Cliostomum tenerum;klippdropplav;Art;26;Havsstrand (H) - Stor betydelse;VU;D1
1804;79827;Lecania fuscella;asplekania;Art;242;Jordbrukslandskap (J) - Stor betydelse, Skog (S) - Stor betydelse;EN;A2bc+3bc+4bc
1806;79831;Lecania koerberiana;stor bönlekania;Art;64;Jordbrukslandskap (J) - Stor betydelse, Skog (S) - Stor betydelse;EN;D
1026;79844;Megalaria grossa;ädellav;Art;4123;Jordbrukslandskap (J) - Stor betydelse, Skog (S) - Stor betydelse, Våtmark (V) - Har betydelse;VU;A3bc+4bc
281;79846;Megalaria laureri;liten ädellav;Art;946;Skog (S) - Stor betydelse;EN;C2a(i)
1027;79847;Megalaria pulverea;pulverädellav;Art;204;Skog (S) - Stor betydelse, Våtmark (V) - Stor betydelse;VU;D1
1348;79854;Ramalina baltica;hjälmbrosklav;Art;2309;Jordbrukslandskap (J) - Stor betydelse;NT;A2bc+3bc+4bc
1349;79856;Ramalina calicaris;rännformig brosklav;Art;752;Jordbrukslandskap (J) - Stor betydelse, Skog (S) - Har betydelse;VU;D1
229831;79861;Ramalina elegans;elegant brosklav;Art;60;Jordbrukslandskap (J) - Stor betydelse, Skog (S) - Stor betydelse;EN;D
1350;79866;Ramalina obtusata;trubbig brosklav;Art;581;Jordbrukslandskap (J) - Stor betydelse, Våtmark (V) - Stor betydelse, Skog (S) - Har betydelse;VU;A2bc+4bc
1351;79869;Ramalina roesleri;finflikig brosklav;Art;151;Skog (S) - Stor betydelse, Havsstrand (H) - Har betydelse;VU;"A2bc+3bc+4bc; D1"
1352;79871;Ramalina sinensis;småflikig brosklav;Art;2546;Jordbrukslandskap (J) - Stor betydelse, Skog (S) - Stor betydelse;NT;A2bc+3bc+4bc
1353;79873;Ramalina thrausta;trådbrosklav;Art;2201;Skog (S) - Stor betydelse, Våtmark (V) - Stor betydelse;EN;A2bc+3bc+4bc
125;79878;Scutula effusa;mörk lundlav;Art;291;Jordbrukslandskap (J) - Stor betydelse, Skog (S) - Stor betydelse;EN;"A2bc; D"
1832;79894;Thalloidima candidum;vit knagglav;Art;9;Jordbrukslandskap (J) - Stor betydelse, Skog (S) - Har betydelse;EN;D
230197;79895;Thalloidima opuntioides;jämtknagglav;Art;11;Fjäll (F) - Stor betydelse, Skog (S) - Stor betydelse;VU;D1
1568;79906;Toninia plumbina;blylavsknagg;Art;68;Skog (S) - Stor betydelse, Våtmark (V) - Stor betydelse;CR;D
229821;79924;Ramboldia elabens;vedflamlav;Art;13625;Skog (S) - Stor betydelse, Jordbrukslandskap (J) - Har betydelse;NT;A2b+3d+4c
1812;79925;Ramboldia insidiosa;staketflamlav;Art;221;Jordbrukslandskap (J) - Stor betydelse;VU;D1
6000601;79926;Ramboldia subcinnabarina;;Art;10;Skog (S) - Stor betydelse, Våtmark (V) - Har betydelse;CR;D
6453;79953;Hertelidea botryosa;vedskivlav;Art;30550;Skog (S) - Stor betydelse;NT;A2bc+3bc+4bc
257114;79985;Squamarina degelii;Degelius placodlav;Art;17;Jordbrukslandskap (J) - Har betydelse, Skog (S) - Har betydelse;EN;D
1521;79986;Squamarina gypsacea;alvar-placodlav;Art;1283;Jordbrukslandskap (J) - Stor betydelse, Skog (S) - Har betydelse;NT;D1
1522;79989;Squamarina pachylepidea;dvärg-placodlav;Art;15;Våtmark (V) - Stor betydelse;CR;D
1531;79999;Stereocaulon coniophyllum;forspåskrislav;Art;12;Skog (S) - Stor betydelse, Våtmark (V) - Stor betydelse;VU;D1
1532;80003;Stereocaulon delisei;bohuspåskrislav;Art;0;Jordbrukslandskap (J) - Stor betydelse, Skog (S) - Har betydelse;RE;
1533;80010;Stereocaulon incrustatum;grynig påskrislav;Art;0;Havsstrand (H) - Stor betydelse, Skog (S) - Stor betydelse, Våtmark (V) - Stor betydelse;EN;D
6011262;80035;Calvitimela cuprea;;Art;4;Fjäll (F) - Stor betydelse;VU;D1
1813;80213;Lecidea roseotincta;ros-skivlav;Art;3;Skog (S) - Stor betydelse;CR (PRE);D
266179;80228;Lecidea subhumida;;Art;37;Skog (S) - Stor betydelse;VU;D1
1278;80258;Porpidia hydrophila;strandblocklav;Art;142;Våtmark (V) - Stor betydelse, Skog (S) - Har betydelse, Sötvatten (L) - Har betydelse;NT;D1
264144;80263;Porpidia nadvornikiana;malmblocklav;Art;24;Skog (S) - Stor betydelse;CR;D
229729;80265;Porpidia platycarpoides;västlig blocklav;Art;31;Skog (S) - Stor betydelse, Jordbrukslandskap (J) - Har betydelse;EN;D
1569;80276;Porpidinia tumidula;gotlandsknagglav;Art;56;Skog (S) - Stor betydelse, Jordbrukslandskap (J) - Har betydelse;CR;D
388;80305;Collema furfuraceum;stiftgelélav;Art;3726;Skog (S) - Stor betydelse;NT;A2bc+3bc+4bc
385;80306;Collema curtisporum;liten aspgelélav;Art;1602;Skog (S) - Stor betydelse, Våtmark (V) - Har betydelse;VU;"A2bc; C1"
389;80310;Collema nigrescens;läderlappslav;Art;1596;Skog (S) - Stor betydelse;VU;A2bc+3bc+4bc
391;80311;Collema subflaccidum;grynig gelélav;Art;382;Skog (S) - Stor betydelse;EN;"A2bc+3bc+4bc; C2a(i)"
392;80312;Collema subnigrescens;aspgelélav;Art;4761;Skog (S) - Stor betydelse;VU;A3bc
1799;80314;Enchylium bachmanianum;kransgelélav;Art;124;Fjäll (F) - Stor betydelse, Jordbrukslandskap (J) - Stor betydelse;VU;D1
1800;80321;Enchylium limosum;lergelélav;Art;158;Jordbrukslandskap (J) - Stor betydelse, Urban miljö (U) - Har betydelse;VU;"A2bc+3bc+4bc; D1"
229227;80338;Leptogium byssinum;lerskinnlav;Art;64;Jordbrukslandskap (J) - Stor betydelse;EN;D
956;80340;Leptogium cyanescens;gråblå skinnlav;Art;483;Skog (S) - Stor betydelse, Våtmark (V) - Stor betydelse, Jordbrukslandskap (J) - Har betydelse;VU;C1+2a(i)
962;80342;Leptogium rivulare;strandskinnlav;Art;371;Skog (S) - Stor betydelse, Våtmark (V) - Stor betydelse, Jordbrukslandskap (J) - Har betydelse;EN;A2bc
958;80345;Pseudoleptogium diffractum;skorpskinnlav;Art;65;Jordbrukslandskap (J) - Stor betydelse, Skog (S) - Har betydelse;VU;D1
6331316;80348;Rostania effusa;;Art;127;Skog (S) - Stor betydelse;NT;"A2bc+3bc+4bc; B2b(ii,iii,iv,v)"
2080;80349;Rostania occultata;skorpgelélav;Art;823;Skog (S) - Stor betydelse, Jordbrukslandskap (J) - Har betydelse;NT;A2bc+3bc+4bc
6331317;80351;Rostania pallida;;Art;84;Skog (S) - Stor betydelse;NT;A2bc+3bc+4bc
1688;80352;Rostania populina;;Art;54;Skog (S) - Stor betydelse, Våtmark (V) - Stor betydelse;EN;D
387;80360;Scytinium fragrans;rosettgelélav;Art;168;Jordbrukslandskap (J) - Stor betydelse, Skog (S) - Stor betydelse;EN;"A2bc+3bc+4bc; D"
960;80366;Scytinium magnussonii;kustskinnlav;Art;174;Havsstrand (H) - Stor betydelse, Jordbrukslandskap (J) - Stor betydelse;VU;D1
955;80367;Scytinium palmatum;strutskinnlav;Art;388;Jordbrukslandskap (J) - Stor betydelse;NT;"A2bc+3bc+4bc; D1"
963;80371;Scytinium schraderi;skrynklig skinnlav;Art;281;Jordbrukslandskap (J) - Stor betydelse;VU;D1
229243;80375;Scytinium tetrasporum;mo-traslav;Art;2;Jordbrukslandskap (J) - Stor betydelse;RE;
622;80381;Erioderma pedicellatum;värmlandslav;Art;0;Skog (S) - Stor betydelse, Våtmark (V) - Har betydelse;RE;
1150;80383;Fuscopannaria ahlneri;grangytterlav;Art;59;Skog (S) - Stor betydelse, Våtmark (V) - Stor betydelse;EN;D
1151;80384;Fuscopannaria confusa;forsgytterlav;Art;99;Skog (S) - Stor betydelse, Våtmark (V) - Stor betydelse;NT;"A2bc+3bc+4bc; B2b(ii,iii,iv,v)"
1153;80386;Fuscopannaria mediterranea;olivbrun gytterlav;Art;670;Skog (S) - Stor betydelse, Våtmark (V) - Har betydelse;NT;A2bc+3bc+4bc
1063;80387;Fuscopannaria nebulosa;blågryn;Art;72;Jordbrukslandskap (J) - Stor betydelse, Urban miljö (U) - Har betydelse;EN;D
1155;80391;Nevesia sampaiana;kastanjegytterlav;Art;0;Jordbrukslandskap (J) - Har betydelse, Skog (S) - Har betydelse;RE;
1152;80393;Pannaria conoplea;grynlav;Art;1070;Skog (S) - Stor betydelse, Våtmark (V) - Stor betydelse;EN;A3bc
229487;80394;Pannaria hookeri;fjällgytterlav;Art;59;Fjäll (F) - Stor betydelse;NT;D1
1154;80395;Pannaria rubiginosa;västlig gytterlav;Art;250;Skog (S) - Stor betydelse;CR;"A2bc+4bc; C1+2a(i); D"
1171;80397;Parmeliella parvula;dvärgblylav;Art;28;Skog (S) - Stor betydelse, Våtmark (V) - Stor betydelse;CR;D
515;80401;Pectenia plumbea;blylav;Art;1226;Jordbrukslandskap (J) - Stor betydelse, Skog (S) - Stor betydelse, Fjäll (F) - Har betydelse;EN;A3bc
6038866;80407;Psoroma femsionense;;Art;8;Jordbrukslandskap (J) - Stor betydelse, Skog (S) - Stor betydelse;RE;
249984;80410;Psoroma paleaceum;hårskållav;Art;5;Skog (S) - Stor betydelse, Våtmark (V) - Stor betydelse, Jordbrukslandskap (J) - Har betydelse;CR;D
983;80436;Lobaria amplissima;jättelav;Art;0;Jordbrukslandskap (J) - Stor betydelse, Skog (S) - Stor betydelse;CR;A3bc
984;80437;Lobaria hallii;hårig skrovellav;Art;0;Skog (S) - Stor betydelse, Våtmark (V) - Stor betydelse;CR;A2bc
6458;80439;Lobaria pulmonaria;lunglav;Art;113520;Jordbrukslandskap (J) - Stor betydelse, Skog (S) - Stor betydelse;NT;A2bc+3bc+4bc
2081;80440;Lobaria scrobiculata;skrovellav;Art;26641;Skog (S) - Stor betydelse, Våtmark (V) - Stor betydelse, Jordbrukslandskap (J) - Har betydelse;NT;A2bc+3bc+4bc
986;80441;Lobaria virens;örtlav;Art;981;Skog (S) - Stor betydelse;EN;A2bc+4bc
1534;80449;Sticta fuliginoides;stiftärrlav;Art;0;Jordbrukslandskap (J) - Har betydelse, Skog (S) - Har betydelse;CR;D
1535;80451;Sticta limbata;grynig ärrlav;Art;0;Skog (S) - Stor betydelse, Jordbrukslandskap (J) - Har betydelse;RE;
1536;80452;Sticta sylvatica;ärrlav;Art;0;Jordbrukslandskap (J) - Har betydelse, Skog (S) - Har betydelse;CR;D
6000423;80470;Nephroma helveticum;;Art;6;Skog (S) - Stor betydelse;EN;D
1083;80472;Nephroma laevigatum;västlig njurlav;Art;2318;Skog (S) - Stor betydelse, Våtmark (V) - Stor betydelse, Jordbrukslandskap (J) - Har betydelse;VU;A3bc
264143;80481;Peltigera britannica;brittisk torsklav;Art;6;Skog (S) - Stor betydelse;EN;D
229504;80484;Peltigera collina;grynig filtlav;Art;6262;Skog (S) - Stor betydelse, Jordbrukslandskap (J) - Har betydelse;NT;A2bc+3bc+4c
1258;80545;Poeltinula interjecta;falsk klotterlav;Art;17;Skog (S) - Stor betydelse;CR;D
257108;80655;Blastenia coralliza;tät korallorangelav;Art;196;Skog (S) - Stor betydelse, Jordbrukslandskap (J) - Har betydelse;VU;A3bc+4bc
1788;80658;Blastenia furfuracea;vedorangelav;Art;205;Jordbrukslandskap (J) - Stor betydelse;EN;A2bc+3bc+4bc
6000220;80661;Blastenia hungarica;ljus rostorangelav;Art;11;Jordbrukslandskap (J) - Stor betydelse, Skog (S) - Har betydelse;VU;D1
228430;80664;Blastenia relicta;;Art;248;Skog (S) - Stor betydelse, Jordbrukslandskap (J) - Har betydelse;NT;A2bc+3bcd+4bc
222;80674;Calogaya biatorina;visingsölav;Art;17;Jordbrukslandskap (J) - Stor betydelse;EN;D
225;80677;Calogaya lobulata;dvärgpraktlav;Art;185;Jordbrukslandskap (J) - Stor betydelse, Skog (S) - Har betydelse;CR;D
664;80679;Calogaya schistidii;öländsk svavellav;Art;82;Jordbrukslandskap (J) - Stor betydelse;CR;D
228424;80697;Caloplaca demissa;brun rosettorangelav;Art;49;Skog (S) - Stor betydelse;VU;A2c+3bc+4bc
228445;80707;Caloplaca leptocheila;;Art;3;Fjäll (F) - Stor betydelse;EN;D
226;80710;Caloplaca lucifuga;skuggorangelav;Art;3666;Jordbrukslandskap (J) - Stor betydelse, Skog (S) - Stor betydelse;NT;A2bc+3bc+4bc
6000223;80713;Caloplaca monacensis;;Art;53;Jordbrukslandskap (J) - Stor betydelse;VU;A2bc+3bc+4bc
6000227;80719;Caloplaca raesaenenii;;Art;5;Jordbrukslandskap (J) - Stor betydelse;CR;D
228;80726;Caloplaca ulcerosa;kraterorangelav;Art;372;Jordbrukslandskap (J) - Stor betydelse, Skog (S) - Har betydelse;VU;"A2bc+3bc+4bc; D1"
1789;80736;Cerothallia luteoalba;almorangelav;Art;454;Jordbrukslandskap (J) - Stor betydelse;CR;A3bc
228428;80762;Kuettlingeria albolutescens;blodorangelav;Art;31;Jordbrukslandskap (J) - Stor betydelse;VU;D1
227;80772;Leproplaca proteus;härjedalslav;Art;47;Skog (S) - Stor betydelse;CR;D
228441;80777;Pachypeltis invadens;;Art;0;Fjäll (F) - Stor betydelse;CR;D
228401;80792;Pyrenodesmia microstepposa;kråkorangelav;Art;2;Jordbrukslandskap (J) - Stor betydelse;CR;D
228476;80798;Rufoplaca tristiuscula;atlantorangelav;Art;7;Jordbrukslandskap (J) - Har betydelse, Skog (S) - Har betydelse;CR (PRE);D
1673;80819;Xanthomendoza fallax;fjällig vägglav;Art;99;Jordbrukslandskap (J) - Stor betydelse;CR;D
386;80847;Gabura fasciculare;kuddgelélav;Art;0;Jordbrukslandskap (J) - Stor betydelse, Skog (S) - Stor betydelse;CR;A3bc
1818;80849;Gregorella humida;småfruktigt blågryn;Art;69;Jordbrukslandskap (J) - Stor betydelse, Urban miljö (U) - Har betydelse;NT;D1
1834;80926;Trapeliopsis viridescens;svartfruktig knotterlav;Art;0;Skog (S) - Stor betydelse, Våtmark (V) - Stor betydelse, Jordbrukslandskap (J) - Har betydelse;CR;D
1581;80927;Trapeliopsis wallrothii;västlig knotterlav;Art;32;Skog (S) - Stor betydelse;EN;D
230393;80950;Xylographa opegraphella;drivvedsstrecklav;Art;60;Havsstrand (H) - Stor betydelse;VU;D1
739;80981;Gyalidea roseola;rosengyalidea;Art;19;Fjäll (F) - Stor betydelse, Våtmark (V) - Stor betydelse, Skog (S) - Har betydelse;VU;D1
1558;81001;Thelotrema suecicum;liten havstulpanlav;Art;254;Skog (S) - Stor betydelse, Våtmark (V) - Har betydelse;VU;A3bc
551;81005;Coenogonium luteum;stor vaxlav;Art;116;Skog (S) - Stor betydelse;EN;D
1144;81012;Gyalecta carneola;ädelkronlav;Art;1198;Skog (S) - Stor betydelse;VU;A2bc+3bc+4bc
733;81013;Gyalecta derivata;storsporig kraterlav;Art;59;Skog (S) - Stor betydelse, Jordbrukslandskap (J) - Har betydelse, Våtmark (V) - Har betydelse;EN;"A3bc+4bc; D"
734;81018;Gyalecta flotowii;blek kraterlav;Art;2500;Jordbrukslandskap (J) - Stor betydelse, Skog (S) - Stor betydelse;VU;A3bc+4bc
735;81020;Gyalecta friesii;skuggkraterlav;Art;117;Skog (S) - Stor betydelse, Våtmark (V) - Stor betydelse;VU;D1
1185;81022;Gyalecta hypoleuca;liten stjärnfruktlav;Art;62;Jordbrukslandskap (J) - Stor betydelse, Skog (S) - Har betydelse;EN;D
229485;81027;Gyalecta ophiospora;forskronlav;Art;27;Skog (S) - Stor betydelse, Våtmark (V) - Har betydelse;EN;D
736;81030;Gyalecta subclausa;liten kraterlav;Art;130;Jordbrukslandskap (J) - Stor betydelse, Skog (S) - Har betydelse;NT;B2b(ii,iii,iv,v)
737;81031;Gyalecta truncigena;mörk kraterlav;Art;1720;Jordbrukslandskap (J) - Stor betydelse, Skog (S) - Stor betydelse;VU;A3bc+4bc
738;81032;Gyalecta ulmi;almlav;Art;6364;Jordbrukslandskap (J) - Stor betydelse, Skog (S) - Har betydelse;EN;A3bc
1827;81035;Ramonia chrysophaea;större småstjärna;Art;28;Skog (S) - Stor betydelse;EN;D
1824;81056;Porina leptalea;dvärgporina;Art;42;Skog (S) - Stor betydelse;VU;D1
1273;81063;Pseudosagedia borreri;skånsk porina;Art;16;Skog (S) - Stor betydelse, Våtmark (V) - Stor betydelse;CR;D
1274;81067;Pseudosagedia grandis;stor porina;Art;2;Skog (S) - Stor betydelse;RE;
1275;81069;Pseudosagedia interjungens;västlig porina;Art;2;Skog (S) - Stor betydelse, Våtmark (V) - Stor betydelse, Jordbrukslandskap (J) - Har betydelse;RE;
2;81104;Absconditella delutula;blek kryptolav;Art;33;Skog (S) - Stor betydelse, Jordbrukslandskap (J) - Har betydelse;NT;D1
1555;81169;Thelopsis flaveola;gul pysslinglav;Art;88;Skog (S) - Stor betydelse, Våtmark (V) - Stor betydelse, Jordbrukslandskap (J) - Har betydelse;VU;D1
1557;81170;Thelopsis rubella;röd pysslinglav;Art;409;Skog (S) - Stor betydelse, Havsstrand (H) - Har betydelse;VU;"A2bc+3bc+4bc; D1"
1049;81319;Microcalicium ahlneri;kortskaftad ärgspik;Art;6040;Skog (S) - Stor betydelse;NT;A2bc+3c+4c
1182;81333;Lepra multipuncta;violettgrå porlav;Art;843;Skog (S) - Stor betydelse;NT;D1
229436;81339;Ochrolechia alboflavescens;halmgul örnlav;Art;405;Skog (S) - Stor betydelse, Våtmark (V) - Har betydelse;NT;A2bc+3bc+4bc
1183;81368;Varicellaria velata;bokporlav;Art;218;Skog (S) - Stor betydelse;CR;D
229541;81380;Pertusaria flavicans;lodporlav;Art;23;Jordbrukslandskap (J) - Stor betydelse, Skog (S) - Stor betydelse;EN;D
229543;81382;Pertusaria flavocorallina;gul stiftlav;Art;3;Skog (S) - Stor betydelse;CR;D
229558;81397;Pertusaria sommerfeltii;barkporlav;Art;299;Skog (S) - Stor betydelse;NT;A2bc+3bc+4bc
229559;81398;Pertusaria stenhammarii;kvistporlav;Art;26;Skog (S) - Stor betydelse;EN;D
1825;81441;Elixia flexella;vedstjärna;Art;67;Skog (S) - Stor betydelse;VU;A2bc+3bc+4bc
1018;81466;Maronea constans;falsk kantlav;Art;3;Skog (S) - Stor betydelse;RE;
1631;81512;Umbilicaria subglabra;dalanavellav;Art;1;Skog (S) - Stor betydelse;RE;
145;81538;Biatoridium monasteriense;klosterlav;Art;1888;Jordbrukslandskap (J) - Stor betydelse, Skog (S) - Stor betydelse;VU;A3bc+4bc
107;82030;Ascocoryne turficola;myrmurkling;Art;54;Våtmark (V) - Stor betydelse;NT;C2a(i)
228723;82254;Protounguicularia nephromatis;;Art;29;Skog (S) - Stor betydelse;VU;D1
6021661;82496;Calycina lobariae;;Art;41;Skog (S) - Stor betydelse;VU;D1
701;82987;Microglossum atropurpureum;purpurbrun jordtunga;Art;589;Jordbrukslandskap (J) - Stor betydelse;VU;A2c+4c
259326;82988;Microglossum fuscorubens;rödbrun jordtunga;Art;217;Jordbrukslandskap (J) - Stor betydelse;NT;A2c+3c
6006172;82989;Microglossum griseoviride;grågrön jordtunga;Art;26;Skog (S) - Stor betydelse;VU;D1
203889;82991;Microglossum olivaceum;olivjordtunga;Art;263;Jordbrukslandskap (J) - Stor betydelse, Skog (S) - Har betydelse;NT;A2c+3c+4c
232248;83002;Lichinodium ahlneri;lillkuddlav;Art;1;Skog (S) - Stor betydelse;RE;
1312;83182;Pseudographis pinicola;gammelgransskål;Art;32877;Skog (S) - Stor betydelse, Våtmark (V) - Har betydelse;NT;A2c+3c+4c
252;83285;Candelariella reflexa;alléägglav;Art;206;Jordbrukslandskap (J) - Stor betydelse, Skog (S) - Stor betydelse;EN;A3bc
229799;83293;Pycnora praestabilis;staketflarnlav;Art;440;Jordbrukslandskap (J) - Stor betydelse, Skog (S) - Stor betydelse;NT;A2bc+3bc+4bc
307;83303;Chaenotheca cinerea;blekskaftad nållav;Art;266;Jordbrukslandskap (J) - Stor betydelse, Skog (S) - Stor betydelse;EN;A3bc+4bc
492;83307;Chaenotheca gracilenta;smalskaftslav;Art;1069;Skog (S) - Stor betydelse;VU;A2bc+4bc
308;83308;Chaenotheca gracillima;brunpudrad nållav;Art;6597;Skog (S) - Stor betydelse;NT;A2bc+3bc+4bc
309;83309;Chaenotheca hispidula;parknål;Art;748;Skog (S) - Stor betydelse;NT;A2bc+3bc+4bc
310;83311;Chaenotheca laevigata;nordlig nållav;Art;959;Skog (S) - Stor betydelse;NT;A2bc+3bc+4bc
6486;83314;Chaenotheca sphaerocephala;skuggnål;Art;451;Skog (S) - Stor betydelse;VU;A2bc+4bc
6440;83316;Chaenotheca subroscida;vitgrynig nållav;Art;14119;Skog (S) - Stor betydelse;NT;A2bc+3bc+4bc
1689;83320;Sclerophora amabilis;sydlig blekspik;Art;643;Jordbrukslandskap (J) - Stor betydelse, Skog (S) - Har betydelse;NT;"A2bc; D1"
1467;83321;Sclerophora coniophaea;rödbrun blekspik;Art;6402;Jordbrukslandskap (J) - Stor betydelse, Skog (S) - Har betydelse, Våtmark (V) - Har betydelse;NT;A2bc+3bc+4bc
1468;83322;Sclerophora farinacea;brunskaftad blekspik;Art;1158;Jordbrukslandskap (J) - Stor betydelse, Skog (S) - Har betydelse;VU;A3bc+4bc
6471;83323;Sclerophora pallida;gulvit blekspik;Art;5224;Jordbrukslandskap (J) - Stor betydelse, Skog (S) - Har betydelse;VU;A3c+4c
1469;83324;Sclerophora peronella;liten blekspik;Art;1664;Jordbrukslandskap (J) - Stor betydelse, Skog (S) - Har betydelse;VU;A3bc
702;83330;Geoglossum difforme;klibbjordtunga;Art;326;Jordbrukslandskap (J) - Stor betydelse;EN;C2a(i)
703;83333;Geoglossum hakelieri;brun jordtunga;Art;49;Jordbrukslandskap (J) - Stor betydelse;EN;C2a(i)
704;83336;Geoglossum simile;kärrjordtunga;Art;101;Jordbrukslandskap (J) - Har betydelse, Skog (S) - Har betydelse, Våtmark (V) - Har betydelse;VU;"A2c; C1"
4201;83337;Geoglossum starbaeckii;hagjordtunga;Art;200;Jordbrukslandskap (J) - Stor betydelse;VU;A2c
705;83338;Geoglossum uliginosum;sumpjordtunga;Art;93;Jordbrukslandskap (J) - Stor betydelse, Våtmark (V) - Har betydelse;EN;C2a(i)
2011;83346;Hemileucoglossum littorale;strandjordtunga;Art;304;Våtmark (V) - Stor betydelse, Sötvatten (L) - Har betydelse;VU;D2
700;83349;Maasoglossum asaeptatum;slät jordtunga;Art;5;Urban miljö (U) - Stor betydelse, Jordbrukslandskap (J) - Har betydelse;CR;C2a(i)
1591;83355;Trichoglossum walteri;knubbig hårjordtunga;Art;313;Jordbrukslandskap (J) - Stor betydelse;VU;"A2c+3c+4c; C2a(i)"
228895;83362;Heppia adglutinata;rosettheppia;Art;102;Jordbrukslandskap (J) - Stor betydelse;EN;D
768;83363;Heppia lutosa;heppia;Art;48;Jordbrukslandskap (J) - Stor betydelse;EN;D
228862;83381;Lichinella nigritella;;Art;8;Jordbrukslandskap (J) - Stor betydelse, Skog (S) - Stor betydelse;CR;D
6000404;83384;Metamelanea caesiella;;Art;9;Skog (S) - Stor betydelse;VU;D1
1175;83420;Peltula euploca;peltula;Art;206;Våtmark (V) - Stor betydelse, Jordbrukslandskap (J) - Har betydelse, Skog (S) - Har betydelse;VU;D1
556;83624;Gyromitra fastigiata;flikmurkla;Art;64;Skog (S) - Stor betydelse, Jordbrukslandskap (J) - Har betydelse;EN;D
256337;83631;Gyromitra parma;bokmurkla;Art;2;Skog (S) - Stor betydelse;EN;D
750;83633;Gyromitra sphaerospora;klotsporig murkla;Art;56;Skog (S) - Stor betydelse, Urban miljö (U) - Har betydelse;NT;D1
252386;83634;Gyromitra splendida;långfotad murkla;Art;66;Skog (S) - Stor betydelse, Våtmark (V) - Har betydelse;VU;D1
791;83637;Hydnotrya michaelis;barrtryffel;Art;40;Skog (S) - Stor betydelse;VU;"A2c; C2a(i)"
766;83696;Helvella sublicia;sadelmurkla;Art;122;Skog (S) - Stor betydelse, Jordbrukslandskap (J) - Har betydelse;NT;D1
649;83726;Fischerula macrospora;hasseltryffel;Art;5;Skog (S) - Stor betydelse, Jordbrukslandskap (J) - Har betydelse;EN;D
1328;83740;Verpa bohemica;vindlad klockmurkla;Art;137;Skog (S) - Stor betydelse;NT;B2b(iii)
6006932;83754;Otidea brunneoparva;chokladöra;Art;8;Skog (S) - Stor betydelse;VU;"A2c+3c; C2a(i)"
5311;83759;Otidea concinna;gullöra;Art;110;Skog (S) - Stor betydelse;VU;C2a(i)
6003253;83764;Otidea mirabilis;violöra;Art;15;Skog (S) - Stor betydelse;VU;"C2a(i); D2"
5318;83770;Otidea propinquata;pokalöra;Art;48;Skog (S) - Stor betydelse;VU;"A2c+3c; C2a(i)"
1190;83795;Galactinia saniosa;blåmjölkig storskål;Art;76;Skog (S) - Stor betydelse;NT;D1
1189;83840;Peziza ammophila;dynskål;Art;54;Havsstrand (H) - Stor betydelse;VU;D1
1446;83892;Sarcosphaera coronaria;kronskål;Art;348;Skog (S) - Stor betydelse;NT;D1
4192;83966;Genea hispidula;hårig knottertryffel;Art;27;Skog (S) - Stor betydelse;NT;C1
2012;83975;Geopora cooperi;tryffelmurkla;Art;23;Skog (S) - Stor betydelse;VU;D1+2
1510;84114;Sowerbyella imperialis;gul rotskål;Art;274;Jordbrukslandskap (J) - Har betydelse, Skog (S) - Har betydelse;NT;"B2ab(iii); C2a(i)"
2067;84115;Sowerbyella radiculata;blek rotskål;Art;84;Skog (S) - Stor betydelse, Jordbrukslandskap (J) - Har betydelse;VU;A2c+3c+4c
1959;84116;Sowerbyella rhenana;praktskål;Art;14;Skog (S) - Stor betydelse;VU;D2
1445;84167;Sarcosoma globosum;bombmurkla;Art;6289;Skog (S) - Stor betydelse;EN;A3c
1633;84169;Urnula craterium;rökpipsvamp;Art;1002;Skog (S) - Stor betydelse;VU;C2a(i)
1530;84179;Hydnocystis bombycina;portryffel;Art;8;Skog (S) - Stor betydelse;VU;"B2ab(iii); D2"
1974;84189;Choiromyces venosus;stjärnhovstryffel;Art;105;Jordbrukslandskap (J) - Stor betydelse, Skog (S) - Har betydelse, Urban miljö (U) - Har betydelse;NT;B2ab(ii,iii,iv)
1608;84191;Tuber aestivum;sommartryffel;Art;0;Skog (S) - Stor betydelse, Jordbrukslandskap (J) - Har betydelse;VU;C2a(i)
6308;84196;Tuber mesentericum;bagnolitryffel;Art;0;Skog (S) - Stor betydelse, Jordbrukslandskap (J) - Har betydelse;VU;D1+2
5800;84212;Rhodoscypha ovilla;rosenskål;Art;10;Skog (S) - Har betydelse;NT;D1
258343;84396;Cryptosporella hypodermia;spränggömming;Art;60;Skog (S) - Stor betydelse, Jordbrukslandskap (J) - Har betydelse, Urban miljö (U) - Har betydelse;VU;A3ce
258836;84539;Hapalocystis bicaudata;almgömming;Art;85;Skog (S) - Stor betydelse, Jordbrukslandskap (J) - Har betydelse, Urban miljö (U) - Har betydelse;NT;A3c
2020;85026;Hypomyces porphyreus;rödhättingssnylting;Art;15;Skog (S) - Stor betydelse;VU;D1
5589;85076;Trichoderma nybergianum;rödbrun klubbdyna;Art;206;Skog (S) - Stor betydelse;NT;D1
229431;85250;Niesslia lobariae;lunglavshårprick;Art;2;Skog (S) - Stor betydelse;CR;D
415;85261;Paraisaria gracilis;tidig larvklubba;Art;101;Jordbrukslandskap (J) - Har betydelse, Skog (S) - Har betydelse;NT;C2a(i)
239;85540;Camarops lutea;gulgrå sotdyna;Art;45;Skog (S) - Stor betydelse;NT;D1
1971;85543;Camarops polysperma;stor sotdyna;Art;875;Skog (S) - Stor betydelse;NT;C1
241;85545;Camarops tubulina;gransotdyna;Art;1112;Skog (S) - Stor betydelse;NT;"A3c+4c; C1"
163;85743;Bombardia bombarda;långgömming;Art;24;Skog (S) - Stor betydelse;NT;D1
3815;86060;Cryptosphaeria eunomia;tusengömming;Art;448;Skog (S) - Stor betydelse, Jordbrukslandskap (J) - Har betydelse;NT;A3ce
4075;86111;Eutypella stellulata;stjärnnästing;Art;310;Skog (S) - Stor betydelse, Jordbrukslandskap (J) - Har betydelse;NT;A3ce
4070;86118;Quaternaria dissepta;önästing;Art;135;Skog (S) - Stor betydelse, Jordbrukslandskap (J) - Har betydelse;NT;A2ce+3ce+4ce
147;86124;Biscogniauxia cinereolilacina;linddyna;Art;631;Skog (S) - Stor betydelse, Jordbrukslandskap (J) - Har betydelse, Urban miljö (U) - Har betydelse;VU;D1
1969;86126;Biscogniauxia marginata;kantdyna;Art;265;Skog (S) - Stor betydelse;NT;D1
4536;86164;Hypoxylon macrocarpum;;Art;75;Skog (S) - Stor betydelse;NT;D1
871;86174;Hypoxylon vogesiacum;almdyna;Art;336;Skog (S) - Stor betydelse;VU;"A3c; C1; D1"
4919;86189;Lopadostoma pouzarii;knotterdyna;Art;123;Skog (S) - Stor betydelse;NT;D1
5600;86255;Poronia erici;liten fatsvamp;Art;89;Jordbrukslandskap (J) - Stor betydelse, Havsstrand (H) - Har betydelse;VU;D1
1276;86256;Poronia punctata;fatsvamp;Art;686;Jordbrukslandskap (J) - Stor betydelse;NT;D2
2074;86278;Xylaria corniformis;luddhorn;Art;20;Skog (S) - Stor betydelse;EN;D
6419;86309;Chaenocarpus setosus;svamptagel;Art;0;Skog (S) - Stor betydelse, Jordbrukslandskap (J) - Har betydelse;RE;
1081;86488;Neolecta vitellina;gullmurkling;Art;239;Skog (S) - Stor betydelse;NT;C1
6130;86548;Taphrina ulmi;almbuckla;Art;18;Skog (S) - Stor betydelse;VU;A2ce+3ce+4ce
229848;86649;Refractohilum galligenum;;Art;41;Skog (S) - Stor betydelse;NT;"A2bc+3bc+4bc; B2b(ii,iii,iv,v)"
2919;86727;Agaricus cupreobrunneus;kopparchampinjon;Art;71;Jordbrukslandskap (J) - Stor betydelse;NT;A2c
239075;86729;Agaricus devoniensis;dynchampinjon;Art;11;Havsstrand (H) - Stor betydelse, Jordbrukslandskap (J) - Har betydelse;VU;D1+2
2927;86734;Agaricus lanipes;ullfotschampinjon;Art;37;Skog (S) - Stor betydelse;NT;"B2b(iii); C2a(i)"
2942;86735;Agaricus litoralis;spetsfotad champinjon;Art;212;Jordbrukslandskap (J) - Stor betydelse;NT;A2c+3c+4c
2932;86743;Agaricus phaeolepidotus;brunfjällig karbolchampinjon;Art;20;Jordbrukslandskap (J) - Har betydelse, Skog (S) - Har betydelse;NT;D1
320;86787;Chamaemyces fracidus;droppskivling;Art;120;Skog (S) - Stor betydelse, Jordbrukslandskap (J) - Har betydelse;VU;C2a(i)
585;86789;Chlorophyllum agaricoides;pulverplugg;Art;3;Jordbrukslandskap (J) - Stor betydelse;RE;
505;86807;Cystolepiota adulterina;flockig puderskivling;Art;190;Skog (S) - Stor betydelse;NT;"B2b(iii); C2a(i)"
506;86808;Cystolepiota bucknallii;violettfotad puderskivling;Art;360;Skog (S) - Stor betydelse, Jordbrukslandskap (J) - Har betydelse;NT;B2b(iii)
3836;86810;Cystolepiota hetieri;rodnande puderskivling;Art;33;Skog (S) - Stor betydelse, Jordbrukslandskap (J) - Har betydelse;VU;D1
508;86811;Cystolepiota icterina;gul puderskivling;Art;5;Skog (S) - Stor betydelse;EN;D
1998;86812;Cystolepiota moelleri;rosenpuderskivling;Art;10;Skog (S) - Stor betydelse;EN;D
232139;86819;Echinoderma calcicola;kalkfjällskivling;Art;14;Skog (S) - Stor betydelse;EN;D
944;86821;Echinoderma echinaceum;taggfjällskivling;Art;84;Skog (S) - Stor betydelse;VU;C1
948;86822;Echinoderma hystrix;mörk spärrfjällskivling;Art;99;Skog (S) - Stor betydelse;VU;D1
4861;86823;Echinoderma jacobi;piggfjällskivling;Art;40;Skog (S) - Stor betydelse;VU;D1
4863;86824;Echinoderma perplexum;viteggad fjällskivling;Art;33;Skog (S) - Stor betydelse;VU;D1
2032;86825;Echinoderma pseudoasperulum;liten spärrfjällskivling;Art;14;Skog (S) - Stor betydelse, Våtmark (V) - Har betydelse;VU;D1
2033;86838;Lepiota echinella;dvärgfjällskivling;Art;150;Skog (S) - Stor betydelse, Jordbrukslandskap (J) - Har betydelse;VU;C2a(i)
2030;86841;Lepiota forquignonii;olivfjällskivling;Art;104;Skog (S) - Stor betydelse, Jordbrukslandskap (J) - Har betydelse;VU;"C2a(i); D2"
946;86842;Lepiota fuscovinacea;vinfjällskivling;Art;48;Skog (S) - Stor betydelse;EN;"B2ab(iii); C2a(i)"
947;86843;Lepiota grangei;grönfjällig fjällskivling;Art;174;Skog (S) - Stor betydelse;NT;C2a(i)
4859;86844;Lepiota griseovirens;grågrön fjällskivling;Art;6;Skog (S) - Stor betydelse;EN;C1
949;86847;Lepiota ignivolvata;brunringad fjällskivling;Art;86;Skog (S) - Stor betydelse;VU;D1
950;86851;Lepiota ochraceofulva;doftfjällskivling;Art;60;Skog (S) - Stor betydelse;VU;"C2a(i); D1"
951;86856;Lepiota pseudolilacea;rosenfotad fjällskivling;Art;74;Skog (S) - Stor betydelse, Jordbrukslandskap (J) - Har betydelse;VU;"B2ab(iii); C2a(i)"
4864;86858;Lepiota subgracilis;elegant fjällskivling;Art;16;Jordbrukslandskap (J) - Stor betydelse, Skog (S) - Stor betydelse;VU;D1
2034;86860;Lepiota tomentella;luddfjällskivling;Art;34;Skog (S) - Stor betydelse, Jordbrukslandskap (J) - Har betydelse;VU;"B2ab(iii); C2a(i); D2"
1034;86924;Melanophyllum eyrei;grönsporig skivling;Art;59;Skog (S) - Stor betydelse;VU;"B2ab(iii); C2a(i); D1+2"
1612;86933;Tulostoma brumale;stjälkröksvamp;Art;2865;Jordbrukslandskap (J) - Stor betydelse, Havsstrand (H) - Har betydelse;NT;C2a(i)
1617;86934;Tulostoma calcareum;fjällig stjälkröksvamp;Art;176;Jordbrukslandskap (J) - Stor betydelse;EN;B2ab(iii)
1613;86936;Tulostoma fimbriatum;fransig stjälkröksvamp;Art;388;Jordbrukslandskap (J) - Stor betydelse, Havsstrand (H) - Har betydelse;VU;C2a(i)
1614;86937;Tulostoma kotlabae;grå stjälkröksvamp;Art;302;Havsstrand (H) - Stor betydelse, Jordbrukslandskap (J) - Har betydelse;EN;"B2ab(iii); C2a(i)"
1615;86938;Tulostoma melanocyclum;mörk stjälkröksvamp;Art;164;Jordbrukslandskap (J) - Stor betydelse;EN;B2ab(iii)
1616;86939;Tulostoma niveum;vit stjälkröksvamp;Art;563;Jordbrukslandskap (J) - Stor betydelse, Skog (S) - Har betydelse;NT;"B2b(iii); C2a(i)"
6020361;86940;Tulostoma simulans;lurig stjälkröksvamp;Art;13;Jordbrukslandskap (J) - Stor betydelse;VU;D1
6020362;86941;Tulostoma winterhoffii;oliksporig stjälkröksvamp;Art;124;Jordbrukslandskap (J) - Stor betydelse;VU;C2a(i)
471;87105;Cortinarius tofaceus;kromspindling;Art;95;Skog (S) - Stor betydelse;NT;D1
249278;87111;Cortinarius harcynicus;barrviolspindling;Art;1030;Skog (S) - Stor betydelse;NT;A2c+3c+4c
452;87112;Cortinarius humicola;fjällig spindling;Art;40;Skog (S) - Stor betydelse;EN;C2a(i)
443;87155;Cortinarius cotoneus;olivbrun spindling;Art;640;Skog (S) - Stor betydelse, Jordbrukslandskap (J) - Har betydelse;NT;A2c+4c
1985;87156;Cortinarius melanotus;mörkfjällig olivspindling;Art;228;Skog (S) - Stor betydelse, Jordbrukslandskap (J) - Har betydelse;VU;"A2c; C2a(i)"
459;87157;Cortinarius phrygianus;frygisk spindling;Art;270;Skog (S) - Stor betydelse;VU;"A2c+3c+4c; C2a(i)"
444;87168;Cortinarius croceocaeruleus;juvelspindling;Art;145;Skog (S) - Stor betydelse, Jordbrukslandskap (J) - Har betydelse;NT;A2c
3712;87182;Cortinarius salor;blå slemspindling;Art;3107;Skog (S) - Stor betydelse;NT;A2c+3c+4c
3746;87185;Cortinarius transiens;gulblå spindling;Art;118;Skog (S) - Stor betydelse;NT;A2c+3c+4c
248948;87192;Cortinarius albertii;spökspindling;Art;25;Skog (S) - Stor betydelse, Jordbrukslandskap (J) - Har betydelse;EN;C2a(i)
1977;87193;Cortinarius alcalinophilus;fläckig saffransspindling;Art;483;Skog (S) - Stor betydelse, Jordbrukslandskap (J) - Har betydelse;NT;A2c
422;87197;Cortinarius amoenolens;bokspindling;Art;334;Skog (S) - Stor betydelse;NT;D1
249244;87198;Cortinarius aquilanus;örnspindling;Art;16;Skog (S) - Stor betydelse;EN;D
249232;87199;Cortinarius arcifolius;vattrad spindling;Art;44;Skog (S) - Stor betydelse, Jordbrukslandskap (J) - Har betydelse;VU;D2
423;87200;Cortinarius arcuatorum;grisspindling;Art;479;Skog (S) - Stor betydelse, Jordbrukslandskap (J) - Har betydelse;NT;A2c
249254;87201;Cortinarius areni-silvae;mospindling;Art;164;Skog (S) - Stor betydelse;VU;"A2c+3c+4c; C2a(i)"
1978;87202;Cortinarius argenteolilacinus;silverfotsspindling;Art;71;Skog (S) - Stor betydelse, Jordbrukslandskap (J) - Har betydelse;VU;D1
424;87205;Cortinarius atrovirens;svartgrön spindling;Art;2776;Skog (S) - Stor betydelse;VU;"A2c+3c+4c; C2a(i)"
248951;87206;Cortinarius aureocalceolatus;pålrotsspindling;Art;29;Skog (S) - Stor betydelse;VU;D1
426;87207;Cortinarius aureofulvus;gyllenspindling;Art;770;Skog (S) - Stor betydelse;VU;"A2c+3c+4c; C2a(i)"
427;87208;Cortinarius aureopulverulentus;puderspindling;Art;735;Skog (S) - Stor betydelse;NT;A2c+3c+4c
248952;87216;Cortinarius barbaricus;blåfotad fagerspindling;Art;527;Skog (S) - Stor betydelse;VU;A2c+3c+4c
439;87217;Cortinarius bergeronii;sydlig gyllenspindling;Art;165;Skog (S) - Stor betydelse;VU;D1
3561;87221;Cortinarius borgsjoeensis;blåbandad spindling;Art;18;Skog (S) - Stor betydelse;VU;"A2c+3c+4c; C2a(i)"
430;87223;Cortinarius caerulescens;blå lökspindling;Art;173;Skog (S) - Stor betydelse;VU;D1
6038616;87225;Cortinarius caesiocinctus;blyspindling;Art;109;Skog (S) - Stor betydelse;EN;A2c+3c+4c
434;87227;Cortinarius caesiocortinatus;pilfotsspindling;Art;612;Skog (S) - Stor betydelse, Jordbrukslandskap (J) - Har betydelse;NT;A2c
235079;87231;Cortinarius callochrous;lövfagerspindling;Art;104;Skog (S) - Stor betydelse;NT;D1
248954;87233;Cortinarius catharinae;blek fagerspindling;Art;117;Skog (S) - Stor betydelse, Jordbrukslandskap (J) - Har betydelse;VU;C2a(i)
248930;87234;Cortinarius cedretorum;tallkejsarspindling;Art;58;Skog (S) - Stor betydelse;EN;C2a(i)
248953;87236;Cortinarius cisticola;solvändespindling;Art;202;Jordbrukslandskap (J) - Stor betydelse, Skog (S) - Stor betydelse;NT;"A2c+3c+4c; C2a(i)"
249248;87237;Cortinarius citrino-olivaceus;blek bananspindling;Art;32;Skog (S) - Stor betydelse, Jordbrukslandskap (J) - Har betydelse;EN;C2a(i)
441;87238;Cortinarius citrinus;citronspindling;Art;175;Skog (S) - Stor betydelse;NT;D1
6038612;87241;Cortinarius cobaltinus;koboltspindling;Art;29;Skog (S) - Stor betydelse;EN;C2a(i)
431;87242;Cortinarius coerulescentium;munkspindling;Art;405;Skog (S) - Stor betydelse, Jordbrukslandskap (J) - Har betydelse;NT;A2c
249227;87244;Cortinarius cordatae;fyllitspindling;Art;73;Skog (S) - Stor betydelse, Jordbrukslandskap (J) - Har betydelse;EN;"B2ab(iii); C2a(i)"
442;87245;Cortinarius corrosus;bullspindling;Art;1014;Skog (S) - Stor betydelse;VU;"A2c+3c+4c; C2a(i)"
249241;87248;Cortinarius cruentipellis;granatspindling;Art;104;Skog (S) - Stor betydelse, Jordbrukslandskap (J) - Har betydelse;VU;C2a(i)
1980;87249;Cortinarius cumatilis;porslinsblå spindling;Art;578;Skog (S) - Stor betydelse;VU;"A2c+3c+4c; C2a(i)"
445;87250;Cortinarius cupreorufus;kopparspindling;Art;2075;Skog (S) - Stor betydelse;VU;A2c+3c+4c
3595;87252;Cortinarius dalecarlicus;siljansspindling;Art;130;Skog (S) - Stor betydelse;EN;A2c+3c+4c
6037418;87256;Cortinarius dionysae;sydlig denisespindling;Art;74;Skog (S) - Stor betydelse;VU;D2
3611;87259;Cortinarius elegantior;kungsspindling;Art;1310;Skog (S) - Stor betydelse;NT;A2c+3c+4c
447;87260;Cortinarius elegantissimus;kejsarspindling;Art;384;Skog (S) - Stor betydelse;VU;D1
470;87261;Cortinarius eucaeruleus;praktspindling;Art;425;Skog (S) - Stor betydelse, Jordbrukslandskap (J) - Har betydelse;VU;D1
6040168;87263;Cortinarius flavipallens;trillingspindling;Art;34;Skog (S) - Stor betydelse;EN;C2a(i)
448;87265;Cortinarius flavovirens;mjölspindling;Art;503;Skog (S) - Stor betydelse, Jordbrukslandskap (J) - Har betydelse;NT;A2c
1984;87268;Cortinarius fulvocitrinus;brunskivig citronspindling;Art;127;Skog (S) - Stor betydelse;VU;D1
6332370;87271;Cortinarius glaucoelotus;;Art;0;Skog (S) - Stor betydelse;VU;"C2a(i); D1"
249242;87273;Cortinarius gracilior;frökenspindling;Art;33;Skog (S) - Stor betydelse, Jordbrukslandskap (J) - Har betydelse;EN;C2a(i,ii)
248956;87274;Cortinarius haasii;gulsträngad fagerspindling;Art;2587;Skog (S) - Stor betydelse;VU;C2a(i)
248935;87276;Cortinarius humolens;mullspindling;Art;38;Skog (S) - Stor betydelse;EN;D
3637;87277;Cortinarius inexspectatus;oväntad spindling;Art;16;Skog (S) - Stor betydelse;VU;D1
248942;87282;Cortinarius ionodactylus;gredelinspindling;Art;48;Skog (S) - Stor betydelse, Jordbrukslandskap (J) - Har betydelse;VU;"B2ab(iii); D2"
249240;87286;Cortinarius langeorum;gulslöjad spindling;Art;58;Skog (S) - Stor betydelse;VU;D1
248957;87289;Cortinarius lilacinovelatus;lilaflockig spindling;Art;14;Skog (S) - Stor betydelse;EN;D
3569;87291;Cortinarius luhmannii;blågrå spindling;Art;37;Skog (S) - Stor betydelse;VU;D1
1996;87295;Cortinarius luteocingulatus;lövklubbspindling;Art;211;Skog (S) - Stor betydelse, Jordbrukslandskap (J) - Har betydelse;VU;C2a(i)
3658;87296;Cortinarius magicus;lövstrimspindling;Art;113;Skog (S) - Stor betydelse, Jordbrukslandskap (J) - Har betydelse;VU;"B2ab(iii); C2a(i)"
249246;87297;Cortinarius majoranae;mejramspindling;Art;18;Skog (S) - Stor betydelse, Jordbrukslandskap (J) - Har betydelse;EN;C2a(i,ii)
1979;87300;Cortinarius marklundii;elastisk spindling;Art;151;Skog (S) - Stor betydelse, Jordbrukslandskap (J) - Har betydelse;VU;A2c
473;87301;Cortinarius meinhardii;äggspindling;Art;1660;Skog (S) - Stor betydelse;NT;A2c+3c+4c
248955;87303;Cortinarius metarius;tvillingspindling;Art;1284;Skog (S) - Stor betydelse;VU;"A2c+3c+4c; C2a(i)"
248944;87305;Cortinarius molochinus;syrenblå spindling;Art;7;Skog (S) - Stor betydelse;EN;D
248940;87306;Cortinarius moenne-loccozii;safirspindling;Art;157;Skog (S) - Stor betydelse, Jordbrukslandskap (J) - Har betydelse;EN;"C2a(i); D"
1989;87308;Cortinarius multiformium;frostspindling;Art;316;Skog (S) - Stor betydelse, Jordbrukslandskap (J) - Har betydelse;VU;C2a(i)
6003296;87309;Cortinarius mussivus;stor odörspindling;Art;293;Skog (S) - Stor betydelse;VU;"A2c+3c+4c; C2a(i)"
6003235;87311;Cortinarius nanceiensis;bananspindling;Art;103;Skog (S) - Stor betydelse;VU;C2a(i)
454;87312;Cortinarius napus;rovspindling;Art;78;Skog (S) - Stor betydelse;NT;"A2c+3c+4c; C2a(i)"
3668;87315;Cortinarius norrlandicus;norrlandsspindling;Art;33;Skog (S) - Stor betydelse;VU;"A2c+3c+4c; C2a(i)"
249261;87317;Cortinarius obsoletus;gulbrun rävspindling;Art;12;Skog (S) - Stor betydelse;EN;D
1987;87320;Cortinarius odoratus;blomspindling;Art;85;Skog (S) - Stor betydelse, Jordbrukslandskap (J) - Har betydelse;EN;C2a(i)
450;87322;Cortinarius olearioides;saffransspindling;Art;802;Skog (S) - Stor betydelse, Jordbrukslandskap (J) - Har betydelse;NT;A2c+4c
6037417;87324;Cortinarius olivaceodionysae;denisespindling;Art;767;Skog (S) - Stor betydelse;NT;C2a(i)
248936;87326;Cortinarius osloensis;oslospindling;Art;19;Skog (S) - Stor betydelse;EN;D
249236;87327;Cortinarius osmophorus;karamellspindling;Art;67;Skog (S) - Stor betydelse;VU;D1
6037433;87331;Cortinarius parasuaveolens;blåslöjad spökspindling;Art;8;Skog (S) - Stor betydelse;EN;D
1988;87334;Cortinarius percomis;kryddspindling;Art;3039;Skog (S) - Stor betydelse;NT;A2c+3c+4c
249228;87335;Cortinarius piceae;barrfagerspindling;Art;1156;Skog (S) - Stor betydelse;NT;A2c+3c+4c
3689;87336;Cortinarius pini;jämtlandsspindling;Art;20;Skog (S) - Stor betydelse;VU;"A2c+3c+4c; C2a(i)"
3690;87337;Cortinarius pinophilus;vaxspindling;Art;971;Skog (S) - Stor betydelse;NT;A2c+3c+4c
248958;87338;Cortinarius platypus;bredfotsspindling;Art;24;Skog (S) - Stor betydelse;EN;D
3694;87339;Cortinarius populinus;poppelspindling;Art;59;Skog (S) - Stor betydelse;NT;"B2b(iii); D1"
460;87341;Cortinarius praestans;jättespindling;Art;452;Skog (S) - Stor betydelse, Jordbrukslandskap (J) - Har betydelse;NT;A2c
1990;87342;Cortinarius prasinocyaneus;beryllspindling;Art;197;Skog (S) - Stor betydelse, Jordbrukslandskap (J) - Har betydelse;EN;B2ab(iii)
461;87343;Cortinarius prasinus;grönkantad spindling;Art;158;Skog (S) - Stor betydelse, Jordbrukslandskap (J) - Har betydelse;VU;"B2ab(iii); C2a(i)"
6331652;87344;Cortinarius prodigiosus;;Art;28;Skog (S) - Stor betydelse;EN;D
3599;87345;Cortinarius pseudoarcuatorum;narrspindling;Art;258;Skog (S) - Stor betydelse;VU;"A2c+3c+4c; C2a(i)"
462;87346;Cortinarius pseudoglaucopus;violettrandad spindling;Art;447;Skog (S) - Stor betydelse;VU;"A2c+3c+4c; C2a(i)"
1991;87348;Cortinarius pseudovulpinus;liten rävspindling;Art;149;Skog (S) - Stor betydelse;VU;"B2ab(iii); C2a(i)"
1992;87350;Cortinarius quercilicis;steneksspindling;Art;95;Skog (S) - Stor betydelse, Jordbrukslandskap (J) - Har betydelse;VU;"B2ab(iii); D1+2"
249237;87351;Cortinarius rapaceotomentosus;filtekspindling;Art;35;Skog (S) - Stor betydelse;VU;D1
249243;87352;Cortinarius rhizophorus;apelsinspindling;Art;74;Skog (S) - Stor betydelse, Jordbrukslandskap (J) - Har betydelse;VU;D1+2
465;87357;Cortinarius rufoolivaceus;slottsspindling;Art;568;Jordbrukslandskap (J) - Stor betydelse, Skog (S) - Stor betydelse;NT;A2c+4c
6003295;87358;Cortinarius russeoides;odörspindling;Art;4406;Skog (S) - Stor betydelse;NT;A2c+3c+4c
467;87359;Cortinarius russus;rostspindling;Art;121;Skog (S) - Stor betydelse;VU;"A2c+3c+4c; C2a(i)"
1993;87362;Cortinarius saporatus;sockelspindling;Art;230;Skog (S) - Stor betydelse, Jordbrukslandskap (J) - Har betydelse;VU;"B2ab(iii); C2a(i)"
248950;87364;Cortinarius selandicus;själlandsspindling;Art;53;Skog (S) - Stor betydelse;VU;D1+2
3721;87365;Cortinarius serarius;blåbrun spindling;Art;58;Skog (S) - Stor betydelse;VU;C1+2a(i)
1994;87367;Cortinarius sodagnitus;ametistspindling;Art;110;Skog (S) - Stor betydelse, Jordbrukslandskap (J) - Har betydelse;EN;C2a(i)
3725;87368;Cortinarius spadicellus;råttspindling;Art;87;Skog (S) - Stor betydelse;NT;C2a(i)
3727;87370;Cortinarius spectabilis;klenodspindling;Art;111;Skog (S) - Stor betydelse;EN;C2a(i)
3729;87372;Cortinarius splendens;svavelspindling;Art;67;Skog (S) - Stor betydelse;VU;D1+2
249262;87374;Cortinarius squameoradicans;;Art;5;Skog (S) - Stor betydelse;EN;D
248934;87375;Cortinarius stjernegaardii;knölfotad bananspindling;Art;93;Skog (S) - Stor betydelse, Jordbrukslandskap (J) - Har betydelse;VU;D1
1995;87376;Cortinarius suaveolens;sötdoftande spindling;Art;141;Skog (S) - Stor betydelse, Jordbrukslandskap (J) - Har betydelse;EN;C2a(i)
3562;87377;Cortinarius subalbescens;nunnespindling;Art;177;Skog (S) - Stor betydelse;VU;D1
449;87380;Cortinarius subfraudulosus;granrotspindling;Art;2489;Skog (S) - Stor betydelse;VU;A2c+3c+4c
248947;87381;Cortinarius subgracilis;trollspindling;Art;560;Skog (S) - Stor betydelse;VU;C2a(i)
6052416;87386;Cortinarius subrugulosus;fågelträcksspindling;Art;151;Skog (S) - Stor betydelse;VU;"A2c+3c+4c; C2a(i)"
3739;87387;Cortinarius sulfurinus;persiljespindling;Art;2142;Skog (S) - Stor betydelse;NT;A2c+3c+4c
248939;87392;Cortinarius terpsichores;tallpraktspindling;Art;242;Skog (S) - Stor betydelse, Jordbrukslandskap (J) - Har betydelse;VU;"A2c+3c+4c; C2a(i)"
248959;87401;Cortinarius vesterholtii;vesterholtsspindling;Art;31;Skog (S) - Stor betydelse;EN;"B2ab(iii); C2a(i)"
248943;87402;Cortinarius violaceipes;skymningsblå spindling;Art;7;Skog (S) - Stor betydelse;EN;D
3767;87403;Cortinarius violaceomaculatus;violettfläckig spindling;Art;943;Skog (S) - Stor betydelse;VU;"A2c+3c+4c; C2a(i)"
249233;87405;Cortinarius viridicoeruleus;blåeggad spindling;Art;23;Skog (S) - Stor betydelse, Jordbrukslandskap (J) - Har betydelse;EN;D
474;87406;Cortinarius vulpinus;rävspindling;Art;328;Skog (S) - Stor betydelse;NT;A2c
249245;87407;Cortinarius xantho-ochraceus;jästspindling;Art;91;Skog (S) - Stor betydelse;VU;D1+2
1997;87408;Cortinarius xanthochlorus;gulgrön spindling;Art;128;Skog (S) - Stor betydelse, Jordbrukslandskap (J) - Har betydelse;EN;"C2a(i); D"
3770;87409;Cortinarius xanthophyllus;gyllenskivig spindling;Art;49;Skog (S) - Stor betydelse, Jordbrukslandskap (J) - Har betydelse;VU;D1
248933;87410;Cortinarius xanthosuavis;lövkryddspindling;Art;14;Skog (S) - Stor betydelse, Jordbrukslandskap (J) - Har betydelse;EN;"B2ab(iii); C2a(i)"
433;87415;Cortinarius caesiocanescens s.lat.;duvspindling;Art;1336;Skog (S) - Stor betydelse;VU;"A2c+3c+4c; C2a(i)"
436;87417;Cortinarius caesiostramineus s.lat.;blekspindling agg.;Kollektivtaxon;574;Skog (S) - Stor betydelse;NT;"A2c+3c+4c; C2a(i)"
3528;87448;Cortinarius agathosmus;vitterspindling;Art;251;Skog (S) - Stor betydelse;NT;A2c+3c+4c
3563;87485;Cortinarius bovinus;stor granspindling;Art;110;Skog (S) - Stor betydelse;VU;C2a(i)
429;87490;Cortinarius bulliardii;rödfotad spindling;Art;171;Skog (S) - Stor betydelse, Jordbrukslandskap (J) - Har betydelse;VU;C2a(i)
3570;87494;Cortinarius cagei;lövängsspindling;Art;112;Skog (S) - Stor betydelse, Jordbrukslandskap (J) - Har betydelse;VU;C2a(i)
440;87503;Cortinarius cinnabarinus;cinnoberspindling;Art;648;Skog (S) - Stor betydelse;NT;A2c+3c+4c
3606;87531;Cortinarius diosmus;tvådoftspindling;Art;34;Skog (S) - Stor betydelse;VU;C2a(i)
1982;87536;Cortinarius ectypus;dysterspindling;Art;18;Skog (S) - Stor betydelse;VU;C2a(i)
451;87552;Cortinarius fuscoperonatus;sotbandad spindling;Art;99;Skog (S) - Stor betydelse;EN;A3c
249310;87566;Cortinarius hinnuleoarmillatus;orangeflockig spindling;Art;20;Skog (S) - Stor betydelse, Jordbrukslandskap (J) - Har betydelse;VU;D1
3639;87575;Cortinarius ionophyllus;rutspindling;Art;182;Skog (S) - Stor betydelse;NT;A2c+3c+4c
3707;87614;Cortinarius phaeosmus;muskotspindling;Art;69;Skog (S) - Stor betydelse;NT;D1
249326;87658;Cortinarius subturibulosus;rosenfotsspindling;Art;21;Jordbrukslandskap (J) - Stor betydelse;NT;"A2c; B2ab(iii)"
472;87668;Cortinarius turgidus;silkesspindling;Art;198;Skog (S) - Stor betydelse;NT;A2c
6331788;87718;Cortinarius olens;;Art;7;Skog (S) - Stor betydelse;EN;C1
480;87793;Crepidotus cinnabarinus;cinnobermussling;Art;73;Skog (S) - Stor betydelse;NT;D1
245394;87813;Episphaeria fraxinicola;askragging;Art;12;Skog (S) - Stor betydelse, Jordbrukslandskap (J) - Har betydelse;NT;A3c
2026;87867;Laccaria maritima;dynlaxskivling;Art;44;Havsstrand (H) - Stor betydelse;NT;D1
4247;87950;Gymnopilus odini;brandbitterskivling;Art;55;Skog (S) - Stor betydelse;NT;D1
834;88050;Hymenogaster luteus;slätsporig buktryffel;Art;76;Skog (S) - Stor betydelse, Jordbrukslandskap (J) - Har betydelse;NT;B2ab(iii)
6009929;88118;Inocybe alboperonata;;Art;7;Fjäll (F) - Stor betydelse;NT;"B2b(i,iii); D1"
236476;88160;Inocybe concinnula;;Art;9;Fjäll (F) - Stor betydelse;NT;B2b(i,iii)
4577;88166;Inocybe diabolica;;Art;13;Fjäll (F) - Stor betydelse;NT;B2b(iii)
236475;88173;Inocybe favrei;;Art;36;Fjäll (F) - Stor betydelse;NT;B2b(i,iii)
2021;88174;Inocybe fibrosa;jättetråding;Art;64;Skog (S) - Stor betydelse;EN;D
876;88175;Inocybe fibrosoides;stortråding;Art;22;Skog (S) - Stor betydelse;VU;D1
4592;88194;Inocybe haemacta;hästtråding;Art;39;Skog (S) - Stor betydelse, Urban miljö (U) - Har betydelse;NT;D1
6052174;88232;Inocybe melleiconica;;Art;25;Fjäll (F) - Stor betydelse;NT;"B2b(i,iii); C1; D1"
236511;88235;Inocybe monochroa;;Art;6;Fjäll (F) - Stor betydelse;NT;"B2b(i,iii); D1"
236490;88271;Inocybe piricystis;;Art;30;Fjäll (F) - Stor betydelse;NT;B2ab(iii)
2022;88327;Inocybe tricolor;balsamtråding;Art;29;Skog (S) - Stor betydelse;VU;D1
6009965;88391;Pseudosperma bulbosissimum;;Art;32;Fjäll (F) - Stor betydelse;NT;"B2b(iii); D1"
6009964;88394;Pseudosperma godfrinioides;;Art;8;Fjäll (F) - Stor betydelse;NT;D1
3156;88411;Bovista cretacea;nordisk äggsvamp;Art;56;Fjäll (F) - Stor betydelse;NT;B2ab(iii,iv)
250099;88413;Bovista graveolens;;Art;6;Jordbrukslandskap (J) - Stor betydelse;VU;D1
170;88416;Bovista paludosa;sumpäggsvamp;Art;399;Våtmark (V) - Stor betydelse, Fjäll (F) - Har betydelse;NT;C2a(i)
557;88424;Disciseda bovista;stor diskröksvamp;Art;103;Jordbrukslandskap (J) - Stor betydelse;EN;C1
558;88425;Disciseda candida;liten diskröksvamp;Art;698;Jordbrukslandskap (J) - Stor betydelse;VU;C1+2a(i)
2035;88431;Lycoperdon atropurpureum;lundröksvamp;Art;171;Skog (S) - Stor betydelse, Jordbrukslandskap (J) - Har betydelse;EN;B2ab(iii)
1006;88432;Lycoperdon caudatum;kärröksvamp;Art;101;Våtmark (V) - Stor betydelse, Jordbrukslandskap (J) - Har betydelse, Skog (S) - Har betydelse;VU;C2a(i)
3199;88433;Lycoperdon cretaceum;arktisk röksvamp;Art;166;Fjäll (F) - Stor betydelse;NT;C1
1007;88434;Lycoperdon decipiens;stäppröksvamp;Art;513;Jordbrukslandskap (J) - Stor betydelse, Skog (S) - Har betydelse;NT;C2a(i)
4929;88437;Lycoperdon ericaeum;hedröksvamp;Art;275;Jordbrukslandskap (J) - Stor betydelse, Havsstrand (H) - Har betydelse;NT;A2c+3c+4c
1009;88442;Lycoperdon mammiforme;slöjröksvamp;Art;778;Skog (S) - Stor betydelse, Jordbrukslandskap (J) - Har betydelse;VU;C2a(i)
250108;88444;Lycoperdon muscorum;;Art;14;Jordbrukslandskap (J) - Stor betydelse, Skog (S) - Har betydelse;NT;"B2b(iii); D1"
250110;88450;Lycoperdon radicatum;rotröksvamp;Art;8;Jordbrukslandskap (J) - Stor betydelse;EN;"B2ab(iii); C2a(i); D"
6001557;88452;Lycoperdon subcretaceum;;Art;13;Fjäll (F) - Stor betydelse;VU;"B2ab(iii); D2"
5189;88462;Mythicomyces corneipes;styvfoting;Art;19;Skog (S) - Stor betydelse;NT;D1
5635;88482;Candolleomyces leucotephrus;vit ringspröding;Art;26;Skog (S) - Stor betydelse;NT;D1
409;88532;Coprinopsis insignis;lundbläcksvamp;Art;202;Skog (S) - Stor betydelse;NT;D1
1302;88623;Psathyrella ammophila;dynspröding;Art;130;Havsstrand (H) - Stor betydelse;NT;"B2b(iii); D1"
5632;88647;Psathyrella jacobssonii;skuggspröding;Art;2;Skog (S) - Stor betydelse, Våtmark (V) - Har betydelse;VU;D1
657;88769;Floccularia luteovirens;flockskivling;Art;79;Jordbrukslandskap (J) - Stor betydelse;EN;D
2006;88770;Floccularia rickenii;småsporig flockskivling;Art;12;Jordbrukslandskap (J) - Stor betydelse;EN;D
1520;88776;Squamanita contortipes;slät knölfoting;Art;61;Jordbrukslandskap (J) - Stor betydelse;VU;"C2a(i); D1"
2069;88777;Squamanita odorata;doftknölfoting;Art;9;Skog (S) - Stor betydelse, Jordbrukslandskap (J) - Har betydelse;VU;D1
2070;88778;Squamanita paradoxa;grynknölfoting;Art;140;Skog (S) - Stor betydelse, Jordbrukslandskap (J) - Har betydelse;VU;C2a(i)
1957;88788;Agrocybe firma;vedåkerskivling;Art;8;Skog (S) - Stor betydelse;NT;D1
1225;88822;Hemipholiota populnea;poppeltofsskivling;Art;246;Skog (S) - Stor betydelse, Jordbrukslandskap (J) - Har betydelse, Urban miljö (U) - Har betydelse;NT;D1
1542;88825;Hemistropharia albocrenulata;tårkragskivling;Art;213;Skog (S) - Stor betydelse;NT;C2a(i)
239038;88847;Leratiomyces laetissimus;karneolkragskivling;Art;2;Havsstrand (H) - Stor betydelse;EN;D
2043;88864;Pholiota henningsii;kärrtofsskivling;Art;7;Våtmark (V) - Stor betydelse;VU;D1
1227;88879;Pholiota squarrosoides;kryddtofsskivling;Art;62;Skog (S) - Stor betydelse;VU;D1
236;88959;Camarophyllopsis hymenocephala;lerskivling;Art;138;Jordbrukslandskap (J) - Stor betydelse, Skog (S) - Har betydelse;VU;A2c+3c
238;88960;Camarophyllopsis schulzeri;ljusskivig lerskivling;Art;482;Jordbrukslandskap (J) - Stor betydelse, Skog (S) - Har betydelse;NT;A2c+3c+4c
365;88965;Clavaria amethystina;violett fingersvamp;Art;972;Jordbrukslandskap (J) - Stor betydelse, Skog (S) - Har betydelse;VU;A2c+3c+4c
360;88966;Clavaria amoenoides;vridfingersvamp;Art;570;Jordbrukslandskap (J) - Stor betydelse;VU;A2c
6003125;88970;Clavaria asperulispora;sotfingersvamp;Art;14;Jordbrukslandskap (J) - Stor betydelse;EN;B2ab(iii)
6003124;88972;Clavaria atrofusca;svart fingersvamp;Art;42;Jordbrukslandskap (J) - Stor betydelse;EN;"A2c; B2ab(iii); C2a(i)"
364;88975;Clavaria flavipes;stråfingersvamp;Art;312;Jordbrukslandskap (J) - Stor betydelse;NT;A2c+3c+4c
359;88977;Clavaria fumosa;rökfingersvamp;Art;725;Jordbrukslandskap (J) - Stor betydelse, Skog (S) - Har betydelse;NT;A2c+3c+4c
6002934;88979;Clavaria greletii;askfingersvamp;Art;44;Jordbrukslandskap (J) - Stor betydelse;VU;C1+2a(i)
361;88981;Clavaria incarnata;skär fingersvamp;Art;137;Jordbrukslandskap (J) - Stor betydelse, Skog (S) - Har betydelse;NT;A2c+3c+4c
363;88983;Clavaria rosea;rosenfingersvamp;Art;373;Jordbrukslandskap (J) - Stor betydelse, Skog (S) - Har betydelse;NT;A2c+3c+4c
3278;88984;Clavaria tenuipes;påkfingersvamp;Art;95;Jordbrukslandskap (J) - Stor betydelse;NT;A2c+3c
362;88986;Clavaria pullei s.lat.;brun fingersvamp;Kollektivtaxon;66;Jordbrukslandskap (J) - Stor betydelse, Skog (S) - Har betydelse;EN;A2c+4c
372;88996;Clavulinopsis umbrinella;gråbrun ängsfingersvamp;Art;464;Skog (S) - Stor betydelse, Jordbrukslandskap (J) - Har betydelse;NT;A2c+3c+4c
234;89001;Camarophyllopsis atropuncta;svartprickig lerskivling;Art;80;Skog (S) - Stor betydelse, Jordbrukslandskap (J) - Har betydelse;NT;A2c
237;89002;Camarophyllopsis micacea;gulfotad lerskivling;Art;88;Jordbrukslandskap (J) - Stor betydelse, Skog (S) - Har betydelse;VU;"B2ab(iii); C2a(i)"
235;89003;Hodophilus foetens s.lat.;stinklerskivling;Kollektivtaxon;238;Jordbrukslandskap (J) - Stor betydelse, Skog (S) - Har betydelse;NT;"A2c; C1"
1358;89010;Ramariopsis crocea;saffransfingersvamp;Art;160;Skog (S) - Stor betydelse, Jordbrukslandskap (J) - Har betydelse;VU;A2c
1359;89014;Ramariopsis pulchella;violfingersvamp;Art;74;Skog (S) - Stor betydelse;VU;"B2ab(iii); C2a(i)"
371;89017;Ramariopsis subtilis;ljus ängsfingersvamp;Art;606;Skog (S) - Stor betydelse, Jordbrukslandskap (J) - Har betydelse;NT;A2c+3c+4c
794;89026;Cuphophyllus atlanticus;tennvaxing;Art;27;Jordbrukslandskap (J) - Stor betydelse;EN;"A2c+3c; B2ab(iii)"
4375;89028;Cuphophyllus cinerellus;lappvaxing;Art;35;Fjäll (F) - Stor betydelse, Våtmark (V) - Stor betydelse;NT;A3c
796;89029;Cuphophyllus colemannianus;brun ängsvaxing;Art;584;Jordbrukslandskap (J) - Stor betydelse, Skog (S) - Har betydelse;NT;A2c+3c+4c
797;89030;Cuphophyllus flavipes;lilavaxing;Art;524;Jordbrukslandskap (J) - Stor betydelse;NT;"A2c+3c+4c; C1+2a(i)"
4381;89032;Cuphophyllus fornicatus;musseronvaxing;Art;1128;Jordbrukslandskap (J) - Stor betydelse, Skog (S) - Har betydelse;NT;A2c+3c+4c
799;89034;Cuphophyllus fuscescens;ögonvaxing;Art;347;Jordbrukslandskap (J) - Stor betydelse;NT;"A2c+3c+4c; C1"
239219;89035;Cuphophyllus hygrocyboides;orangebrun vaxing;Art;9;Fjäll (F) - Har betydelse, Jordbrukslandskap (J) - Har betydelse;VU;C2a(i)
802;89036;Cuphophyllus lacmus;grålila vaxing;Art;385;Jordbrukslandskap (J) - Stor betydelse;VU;C1+2a(i)
6037406;89039;Cuphophyllus monteverdae;mörknande ängsvaxing;Art;21;Jordbrukslandskap (J) - Stor betydelse;VU;"B2ab(iii); C2a(i); D2"
807;89043;Cuphophyllus radiatus;strålvaxing;Art;94;Jordbrukslandskap (J) - Stor betydelse;VU;"A2c+3c+4c; C2a(i)"
4395;89045;Cuphophyllus russocoriaceus;lädervaxing;Art;1167;Jordbrukslandskap (J) - Stor betydelse;NT;A2c+3c+4c
4399;89060;Gloioxanthomyces vitellinus;kromvaxing;Art;21;Jordbrukslandskap (J) - Stor betydelse, Fjäll (F) - Har betydelse;VU;"A2c; B2ab(iii); D2"
800;89077;Neohygrocybe ingrata;rodnande lutvaxing;Art;466;Jordbrukslandskap (J) - Stor betydelse;VU;A2c+4c
803;89078;Neohygrocybe nitrata;lutvaxing;Art;1926;Jordbrukslandskap (J) - Stor betydelse, Skog (S) - Har betydelse;NT;A2c+3c+4c
804;89079;Neohygrocybe ovina;sepiavaxing;Art;638;Jordbrukslandskap (J) - Stor betydelse;VU;A2c+4c
793;89089;Hygrocybe aurantiosplendens;fagervaxing;Art;753;Jordbrukslandskap (J) - Stor betydelse, Skog (S) - Har betydelse;NT;A2c+3c+4c
2016;89090;Hygrocybe calciphila;kalkvaxing;Art;90;Jordbrukslandskap (J) - Stor betydelse, Fjäll (F) - Har betydelse;NT;"A2c+3c; C1+2a(i)"
795;89094;Hygrocybe citrinovirens;gröngul vaxing;Art;512;Jordbrukslandskap (J) - Stor betydelse;VU;"A2c+3c+4c; C1+2a(i)"
4380;89103;Hygrocybe constrictospora;korallvaxing;Art;32;Jordbrukslandskap (J) - Stor betydelse;VU;C2a(i)
801;89109;Hygrocybe intermedia;trådvaxing;Art;981;Jordbrukslandskap (J) - Stor betydelse;VU;"A2c+3c+4c; C1+2a(i)"
805;89116;Hygrocybe punicea;scharlakansvaxing;Art;6941;Jordbrukslandskap (J) - Stor betydelse, Skog (S) - Har betydelse;NT;A2c+3c+4c
808;89120;Hygrocybe spadicea;dadelvaxing;Art;449;Jordbrukslandskap (J) - Stor betydelse;VU;"A2c; C2a(i)"
809;89123;Hygrocybe splendidissima;praktvaxing;Art;1788;Jordbrukslandskap (J) - Stor betydelse;NT;A2c+3c+4c
4396;89124;Hygrocybe subpapillata;knoppvaxing;Art;230;Jordbrukslandskap (J) - Stor betydelse;NT;A2c+3c+4c
817;89146;Hygrophorus arbustivus;höstvaxskivling;Art;316;Skog (S) - Stor betydelse, Jordbrukslandskap (J) - Har betydelse;VU;B2ab(iii)
818;89147;Hygrophorus atramentosus;streckvaxskivling;Art;130;Skog (S) - Stor betydelse;EN;C2a(i)
820;89149;Hygrophorus calophyllus;rosaskivig vaxskivling;Art;40;Skog (S) - Stor betydelse;EN;C2a(i)
4404;89150;Hygrophorus camarophyllus;sotvaxskivling;Art;2810;Skog (S) - Stor betydelse;NT;A2c+3c+4c
6008709;89152;Hygrophorus carpini;avenbokvaxskivling;Art;20;Skog (S) - Stor betydelse;VU;D1+2
821;89153;Hygrophorus chrysodon;gulprickig vaxskivling;Art;832;Skog (S) - Stor betydelse, Jordbrukslandskap (J) - Har betydelse;NT;"A2c+3c+4c; C2a(i)"
822;89160;Hygrophorus gliocyclus;slemringad vaxskivling;Art;188;Skog (S) - Stor betydelse;VU;"A2c+3c+4c; C2a(i)"
823;89163;Hygrophorus hyacinthinus;hyacintvaxskivling;Art;53;Skog (S) - Stor betydelse;EN;C2a(i)
824;89167;Hygrophorus inocybiformis;skäggvaxskivling;Art;106;Skog (S) - Stor betydelse;VU;A2c+3c+4c
4412;89168;Hygrophorus karstenii;äggvaxskivling;Art;2268;Skog (S) - Stor betydelse;NT;A2c+3c+4c
4414;89170;Hygrophorus latitabundus;tallvaxskivling;Art;116;Skog (S) - Stor betydelse;VU;D1
825;89175;Hygrophorus mesotephrus;bokvaxskivling;Art;68;Skog (S) - Stor betydelse;NT;D1
826;89176;Hygrophorus nemoreus;lundvaxskivling;Art;546;Skog (S) - Stor betydelse, Jordbrukslandskap (J) - Har betydelse;VU;C2a(i)
4419;89178;Hygrophorus penarioides;ekgräddvaxskivling;Art;254;Skog (S) - Stor betydelse, Jordbrukslandskap (J) - Har betydelse;VU;C2a(i)
827;89182;Hygrophorus poëtarum;balsamvaxskivling;Art;33;Skog (S) - Stor betydelse;EN;D
829;89184;Hygrophorus purpurascens;slöjvaxskivling;Art;96;Skog (S) - Stor betydelse;EN;C2a(i)
830;89187;Hygrophorus russula;kremlevaxskivling;Art;421;Skog (S) - Stor betydelse, Jordbrukslandskap (J) - Har betydelse;NT;A2c
831;89190;Hygrophorus subviscifer;narrvaxskivling;Art;91;Skog (S) - Stor betydelse;VU;"A2c+3c+4c; C2a(i)"
2019;89191;Hygrophorus unicolor;rödbrun bokvaxskivling;Art;108;Skog (S) - Stor betydelse;NT;D1
816;89205;Aphroditeola olida;smultronkantarell;Art;537;Skog (S) - Stor betydelse;VU;"A2c+3c+4c; C2a(i)"
861;89286;Granulobasidium vellereum;almkrämskinn;Art;439;Skog (S) - Stor betydelse;NT;C2a(i)
511;89300;Crustomyces subabruptus;skrovelskinn;Art;1;Skog (S) - Stor betydelse;VU;D1+2
510;89304;Cystostereum murrayi;doftskinn;Art;11254;Skog (S) - Stor betydelse;NT;A2c+3c+4c
249379;89352;Gymnopus brassicolens;stor stinkbrosking;Art;30;Skog (S) - Stor betydelse;VU;D1
395;89360;Gymnopus hariolorum;stinknagelskivling;Art;52;Skog (S) - Stor betydelse;VU;C2a(i)
245139;89443;Paraxerula caussei;dunroting;Art;2;Skog (S) - Stor betydelse;CR;D
1377;89449;Rhodotus palmatus;ådermussling;Art;26;Skog (S) - Stor betydelse;CR;D
1680;89455;Xerula pudens;brunluddig roting;Art;483;Skog (S) - Stor betydelse, Jordbrukslandskap (J) - Har betydelse;VU;C2a(i)
792;89471;Hydropodia subalpina;blek fjunfoting;Art;98;Skog (S) - Stor betydelse;NT;D1
1070;89603;Mycena oregonensis;fagerhätta;Art;97;Skog (S) - Stor betydelse;VU;C2a(i)
245028;89662;Tectella patellaris;gråalsmussling;Art;26;Skog (S) - Stor betydelse;NT;D1
482;89712;Cristinia eichleri;gultagging;Art;85;Skog (S) - Stor betydelse;VU;D1
4914;89719;Lindtneria leucobryophila;gulpicka;Art;58;Skog (S) - Stor betydelse;VU;D1
979;89721;Lindtneria trachyspora;gult porskinn;Art;84;Skog (S) - Stor betydelse;VU;D1
2045;89780;Pleurotus calyptratus;slöjmussling;Art;91;Skog (S) - Stor betydelse;VU;D1
37;89812;Amanita ceciliae;jättekamskivling;Art;1320;Skog (S) - Stor betydelse, Jordbrukslandskap (J) - Har betydelse;NT;A2c
2972;89817;Amanita eliae;isabellflugsvamp;Art;9;Skog (S) - Stor betydelse;VU;D1
38;89821;Amanita franchetii;gulbrämad flugsvamp;Art;237;Skog (S) - Stor betydelse, Jordbrukslandskap (J) - Har betydelse;NT;"B2b(iii); D1"
39;89822;Amanita friabilis;alflugsvamp;Art;123;Skog (S) - Stor betydelse, Våtmark (V) - Har betydelse;VU;B2ab(iii)
2975;89828;Amanita lividopallescens;bleknande kamskivling;Art;216;Skog (S) - Stor betydelse, Jordbrukslandskap (J) - Har betydelse;NT;A2c
41;89846;Amanita strobiliformis;flockflugsvamp;Art;55;Skog (S) - Stor betydelse, Jordbrukslandskap (J) - Har betydelse;NT;D1
977;89885;Limacella illinita;slemmig klibbskivling;Art;225;Skog (S) - Stor betydelse;VU;"B2ab(iii); C2a(i)"
1254;89894;Pluteus aurantiorugosus;rödskölding;Art;79;Skog (S) - Stor betydelse;EN;"B2ab(iii); C2a(i)"
5563;89896;Pluteus chrysophaeus;gyllenskölding;Art;68;Skog (S) - Stor betydelse, Jordbrukslandskap (J) - Har betydelse;VU;D1
5569;89902;Pluteus hispidulus;småfjällig skölding;Art;59;Skog (S) - Stor betydelse;NT;D1
1668;89934;Volvariella bombycina;silkesslidskivling;Art;538;Jordbrukslandskap (J) - Stor betydelse, Skog (S) - Har betydelse, Urban miljö (U) - Har betydelse;NT;C2a(i)
1669;89935;Volvariella caesiotincta;grå vedslidskivling;Art;27;Skog (S) - Stor betydelse;VU;D1
1670;89941;Volvariella surrecta;parasitslidskivling;Art;33;Skog (S) - Stor betydelse, Urban miljö (U) - Har betydelse;NT;D1
275;89954;Catathelasma imperiale;kejsarskivling;Art;314;Skog (S) - Stor betydelse;VU;"A2c+3c+4c; C2a(i)"
953;90041;Lepista densifolia;arommusseron;Art;106;Skog (S) - Stor betydelse;NT;C2a(i)
589;90079;Entoloma ameides;doftrödhätting;Art;147;Jordbrukslandskap (J) - Stor betydelse, Urban miljö (U) - Har betydelse;NT;"A2c+3c+4c; C2a(i)"
3939;90087;Entoloma atrocoeruleum;backnopping;Art;501;Jordbrukslandskap (J) - Stor betydelse;NT;A2c+3c+4c
3946;90112;Entoloma catalaunicum;rosabrun nopping;Art;113;Skog (S) - Stor betydelse, Jordbrukslandskap (J) - Har betydelse;VU;C1
3952;90119;Entoloma chloropolium;blinknopping;Art;17;Jordbrukslandskap (J) - Stor betydelse, Skog (S) - Har betydelse;NT;B2b(iii)
594;90144;Entoloma dichroum;pricknopping;Art;53;Jordbrukslandskap (J) - Stor betydelse, Skog (S) - Har betydelse;NT;"B2ab(iii); C2a(i)"
596;90153;Entoloma excentricum;kalkrödling;Art;193;Jordbrukslandskap (J) - Stor betydelse;NT;"A2c+3c+4c; B2ab(iii); C2a(i)"
597;90168;Entoloma griseocyaneum;stornopping;Art;1101;Jordbrukslandskap (J) - Stor betydelse, Fjäll (F) - Har betydelse;NT;A2c+3c+4c
598;90170;Entoloma griseorubidum;dysternopping;Art;26;Jordbrukslandskap (J) - Stor betydelse, Skog (S) - Har betydelse;NT;"A2c+3c+4c; C2a(i)"
599;90179;Entoloma incanum;grönnopping;Art;645;Jordbrukslandskap (J) - Stor betydelse, Skog (S) - Har betydelse;NT;A2c
3984;90196;Entoloma jubatum;sepiarödling;Art;132;Jordbrukslandskap (J) - Stor betydelse, Skog (S) - Har betydelse;NT;A2c+3c+4c
602;90215;Entoloma lividocyanulum;ögonnopping;Art;400;Jordbrukslandskap (J) - Stor betydelse, Skog (S) - Har betydelse;NT;A2c+3c+4c
4014;90249;Entoloma olivaceotinctum;olivnopping;Art;24;Jordbrukslandskap (J) - Stor betydelse;VU;"A2c; C2a(i)"
4010;90267;Entoloma placidum;boknopping;Art;53;Skog (S) - Stor betydelse;VU;"C2a(i); D1"
605;90278;Entoloma porphyrophaeum;porfyrrödling;Art;189;Jordbrukslandskap (J) - Stor betydelse, Fjäll (F) - Har betydelse;VU;A2c+3c+4c
606;90282;Entoloma prunuloides;mjölrödskivling;Art;1328;Jordbrukslandskap (J) - Stor betydelse;NT;A2c+3c+4c
607;90289;Entoloma queletii;lundnopping;Art;159;Skog (S) - Stor betydelse;NT;"A2c+3c+4c; B2b(iii); D1"
2002;90313;Entoloma scabiosum;striprödling;Art;15;Skog (S) - Stor betydelse;NT;D1
4042;90332;Entoloma strigosissimum;raggrödhätting;Art;2;Skog (S) - Stor betydelse, Jordbrukslandskap (J) - Har betydelse;VU;D1+2
611;90342;Entoloma tjallingiorum;tvåfärgsnopping;Art;96;Skog (S) - Stor betydelse, Jordbrukslandskap (J) - Har betydelse;VU;"A2ac; C2a(i)"
612;90347;Entoloma turci;hagnopping;Art;191;Jordbrukslandskap (J) - Stor betydelse, Fjäll (F) - Har betydelse;NT;A2c+3c+4c
236715;90361;Entoloma viiduense;purpurbrun nopping;Art;20;Jordbrukslandskap (J) - Har betydelse, Skog (S) - Har betydelse;VU;D1+2
603;90374;Entoloma bloxamii s.lat.;blårödling;Kollektivtaxon;579;Jordbrukslandskap (J) - Stor betydelse, Skog (S) - Har betydelse;VU;"A2c+3c+4c; C1"
592;90377;Entoloma corvinum s.lat.;korpnopping;Kollektivtaxon;326;Jordbrukslandskap (J) - Stor betydelse;NT;A2c+3c+4c
4016;90381;Entoloma pratulense s.lat.;slåtterrödhätting;Kollektivtaxon;1;Jordbrukslandskap (J) - Stor betydelse;VU;A2c+4c
245027;90456;Rhodophana stangliana;rosafläckig knölfoting;Art;5;Skog (S) - Stor betydelse;VU;D1
4946;90519;Lyophyllum eustygium;blåsvärting;Art;62;Jordbrukslandskap (J) - Har betydelse, Skog (S) - Har betydelse, Urban miljö (U) - Har betydelse;NT;D1
4962;90535;Lyophyllum semitale;mjölsvärting;Art;1050;Skog (S) - Stor betydelse;NT;A2c+3c+4c
3192;90559;Rugosomyces ionides;lilamusseron;Art;59;Skog (S) - Stor betydelse;VU;D1
3193;90561;Rugosomyces obscurissimus;purpurmusseron;Art;15;Skog (S) - Stor betydelse;VU;D1
3194;90562;Rugosomyces onychinus;onyxmusseron;Art;56;Skog (S) - Stor betydelse;NT;C2a(i)
972;90575;Pseudoclitopilus rhodoleucus;rosentrattskivling;Art;191;Jordbrukslandskap (J) - Stor betydelse, Skog (S) - Stor betydelse;NT;C2a(i)
973;90608;Notholepista subzonalis;guldtrattskivling;Art;37;Skog (S) - Stor betydelse, Jordbrukslandskap (J) - Har betydelse;VU;C2a(i)
6331677;90614;Ripartites borealis;spökfransskivling;Art;33;Skog (S) - Stor betydelse;VU;"B2ab(iii); C2a(i)"
6049769;90622;Clitopaxillus alexandri;;Art;133;Skog (S) - Stor betydelse;VU;C2a(i)
376;90623;Clitopaxillus fibulatus;pluggtrattskivling;Art;230;Skog (S) - Stor betydelse;VU;"A2c+3c+4c; C2a(i)"
521;90641;Dermoloma josserandii;spenslig sammetsmusseron;Art;109;Jordbrukslandskap (J) - Stor betydelse, Skog (S) - Har betydelse;VU;"A2c; C1+2a(i)"
1999;90644;Dermoloma pseudocuneifolium;sammetsmusseron;Art;158;Jordbrukslandskap (J) - Stor betydelse;VU;"A2c; C1+2a(i)"
4900;90649;Leucopaxillus cerealis;barrmusseron;Art;118;Skog (S) - Stor betydelse;NT;C2a(i)
974;90650;Leucopaxillus tricolor;brödmusseron;Art;120;Skog (S) - Stor betydelse, Jordbrukslandskap (J) - Har betydelse;VU;D1
970;90652;Leucopaxillus gentianeus;bittermusseron;Art;816;Skog (S) - Stor betydelse;NT;A2c+3c+4c
4902;90654;Leucopaxillus paradoxus;stäppmusseron;Art;5;Jordbrukslandskap (J) - Stor betydelse, Havsstrand (H) - Har betydelse, Skog (S) - Har betydelse;VU;D1
1280;90664;Pseudoporpoloma pes-caprae;toppig narrmusseron;Art;52;Jordbrukslandskap (J) - Stor betydelse;EN;"A2c+3c+4c; C1"
1279;90666;Pseudotricholoma metapodium;svartnande narrmusseron;Art;627;Jordbrukslandskap (J) - Stor betydelse;VU;A2c+3c+4c
245043;90668;Tricholoma acerbum;räffelmusseron;Art;36;Skog (S) - Stor betydelse;VU;D1
1593;90672;Tricholoma apium;lakritsmusseron;Art;1694;Skog (S) - Stor betydelse;VU;A2c+3c+4c
1594;90675;Tricholoma atrosquamosum;svartfjällig musseron;Art;484;Skog (S) - Stor betydelse;VU;"A2c+3c+4c; C2a(i)"
6260;90677;Tricholoma basirubens;rödfotad musseron;Art;54;Skog (S) - Stor betydelse;VU;D1
245031;90681;Tricholoma borgsjoeënse;borgsjömusseron;Art;62;Skog (S) - Stor betydelse;VU;"A2c+3c+4c; C2a(i)"
2071;90683;Tricholoma bresadolanum;fjällig gallmusseron;Art;98;Skog (S) - Stor betydelse, Jordbrukslandskap (J) - Har betydelse;VU;D1
1596;90687;Tricholoma colossus;jättemusseron;Art;1282;Skog (S) - Stor betydelse;VU;A2c+3c+4c
6003117;90689;Tricholoma dulciolens;doftmusseron;Art;59;Skog (S) - Stor betydelse;EN;A3c
1598;90691;Tricholoma filamentosum;pantermusseron;Art;77;Skog (S) - Stor betydelse;VU;D1
6003116;90698;Tricholoma ilkkae;davidmusseron;Art;56;Skog (S) - Stor betydelse;EN;"A3c; C2a(i)"
2072;90702;Tricholoma joachimii;sienamusseron;Art;334;Skog (S) - Stor betydelse;EN;C2a(i)
6276;90704;Tricholoma matsutake;goliatmusseron;Art;5533;Skog (S) - Stor betydelse;VU;A2c+3c+4c
1599;90705;Tricholoma olivaceotinctum;fjällfotad musseron;Art;346;Skog (S) - Stor betydelse;VU;"A2c+3c+4c; C2a(i)"
1597;90706;Tricholoma orirubens;rodnande musseron;Art;196;Skog (S) - Stor betydelse;NT;"B2b(iii); D1"
245044;90712;Tricholoma roseoacerbum;tallmusseron;Art;304;Skog (S) - Stor betydelse;VU;A2c+3c+4c
205306;90719;Tricholoma sejunctum s. str.;sydlig kantmusseron;Art;270;Skog (S) - Stor betydelse, Jordbrukslandskap (J) - Har betydelse;NT;C2a(i)
249376;90720;Tricholoma squarrulosum;ullmusseron;Art;126;Skog (S) - Stor betydelse;VU;C2a(i)
6286;90723;Tricholoma sudum;torrmusseron;Art;943;Skog (S) - Stor betydelse;VU;"A2c+3c+4c; C2a(i)"
6003137;90724;Tricholoma sulphurescens;kalkmusseron;Art;47;Skog (S) - Stor betydelse;VU;D1
3864;90807;Dendrothele alliacea;barkskinn;Art;73;Skog (S) - Stor betydelse;NT;D1
655;90814;Fistulina hepatica;oxtungssvamp;Art;8438;Jordbrukslandskap (J) - Stor betydelse, Skog (S) - Stor betydelse, Urban miljö (U) - Har betydelse;NT;A2c
1033;90859;Melanomphalia nigrescens;sorgnavling;Art;16;Skog (S) - Stor betydelse, Jordbrukslandskap (J) - Har betydelse;VU;D1
381;90876;Rhizocybe vermicularis;stor vårtrattskivling;Art;234;Skog (S) - Stor betydelse, Jordbrukslandskap (J) - Har betydelse;NT;C2a(i)
45;90926;Amylocorticium laceratum;marmorskinn;Art;9;Skog (S) - Stor betydelse;VU;D1
46;90928;Amylocorticium subincarnatum;rosa jodskinn;Art;146;Skog (S) - Stor betydelse;VU;C1
57;90938;Anomoloma albolutescens;gul mjukporing;Art;25;Skog (S) - Stor betydelse;CR;D
59;90941;Anomoloma myceliosum;fransporing;Art;113;Skog (S) - Stor betydelse;VU;"C1; D1"
58;90944;Anomoporia bombycina;isabellporing;Art;115;Skog (S) - Stor betydelse;EN;C1
1962;90945;Anomoporia kamtschatica;vaddporing;Art;5855;Skog (S) - Stor betydelse;NT;"A2c+3c+4c; C1"
889;90959;Plicatura pendula;vintertagging;Art;3590;Skog (S) - Stor betydelse;NT;A2c+3c+4c
3079;90979;Athelia subovata;nordspindelskinn;Art;12;Skog (S) - Stor betydelse;NT;C1
211;91031;Tretomyces lutescens;gult markskinn;Art;5;Skog (S) - Stor betydelse;VU;D1
1334;91052;Aureoboletus gentilis;gyllensopp;Art;329;Skog (S) - Stor betydelse, Jordbrukslandskap (J) - Har betydelse;VU;A2c
245509;91053;Aureoboletus moravicus;lejonsopp;Art;17;Skog (S) - Stor betydelse, Jordbrukslandskap (J) - Har betydelse;EN;D
151;91070;Butyriboletus appendiculatus;bronssopp;Art;657;Skog (S) - Stor betydelse, Jordbrukslandskap (J) - Har betydelse, Urban miljö (U) - Har betydelse;NT;A2c
152;91071;Butyriboletus fechtneri;sommarsopp;Art;622;Skog (S) - Stor betydelse, Jordbrukslandskap (J) - Har betydelse, Urban miljö (U) - Har betydelse;VU;A2c
245628;91073;Butyriboletus subappendiculatus;granbronssopp;Art;30;Skog (S) - Stor betydelse;VU;C1
159;91076;Caloboletus radicans;rotsopp;Art;1574;Skog (S) - Stor betydelse, Jordbrukslandskap (J) - Har betydelse;NT;A2c+4c
321;91081;Chamonixia caespitosa;blåtryffel;Art;158;Skog (S) - Stor betydelse, Våtmark (V) - Har betydelse;VU;"A2c; C1"
245507;91085;Hemileccinum depilatum;hamrad bleksopp;Art;47;Jordbrukslandskap (J) - Stor betydelse, Skog (S) - Har betydelse;EN;D
154;91086;Hemileccinum impolitum;bleksopp;Art;444;Skog (S) - Stor betydelse, Jordbrukslandskap (J) - Har betydelse;NT;A2c+3c+4c
232274;91095;Imperator rhodopurpureus;purpursopp;Art;95;Skog (S) - Stor betydelse, Jordbrukslandskap (J) - Har betydelse;EN;D
928;91099;Leccinellum crocipodium;gul strävsopp;Art;173;Skog (S) - Stor betydelse, Jordbrukslandskap (J) - Har betydelse;VU;C2a(i)
1096;91133;Octaviania asterosperma;lövtryffel;Art;43;Skog (S) - Stor betydelse;VU;B2ab(iii)
6331790;91134;Octaviania mutabilis;;Art;2;Skog (S) - Stor betydelse;VU;D1+2
1229;91137;Phylloporus pelletieri;skivsopp;Art;75;Skog (S) - Stor betydelse;EN;C2a(i)
156;91146;Rubroboletus legaliae;falsk djävulssopp;Art;179;Jordbrukslandskap (J) - Stor betydelse, Skog (S) - Stor betydelse, Urban miljö (U) - Har betydelse;VU;D1
160;91147;Rubroboletus rhodoxanthus;rosensopp;Art;63;Skog (S) - Stor betydelse;EN;D
161;91148;Rubroboletus satanas;djävulssopp;Art;686;Skog (S) - Stor betydelse, Jordbrukslandskap (J) - Har betydelse, Urban miljö (U) - Har betydelse;VU;D1
36;91184;Alpova larskersii;gelétryffel;Art;35;Skog (S) - Stor betydelse, Våtmark (V) - Har betydelse;VU;C2a(i)
1032;91196;Melanogaster tuberiformis;luddslemtryffel;Art;8;Skog (S) - Stor betydelse;VU;D1
6324780;91224;Astraeus pteridis;väderspåstjärna;Art;53;Skog (S) - Stor betydelse;EN;D
751;91227;Gyroporus castaneus;kastanjesopp;Art;465;Skog (S) - Stor betydelse, Jordbrukslandskap (J) - Har betydelse;NT;C2a(i)
2060;91235;Scleroderma cepa;rödbrun rottryffel;Art;83;Skog (S) - Stor betydelse, Jordbrukslandskap (J) - Har betydelse;VU;C2a(i)
5977;91237;Scleroderma septentrionale;sandrottryffel;Art;179;Havsstrand (H) - Stor betydelse, Jordbrukslandskap (J) - Har betydelse, Skog (S) - Har betydelse;NT;"A3c+4c; C1"
1466;91238;Scleroderma verrucosum;knottrig rottryffel;Art;448;Skog (S) - Stor betydelse, Jordbrukslandskap (J) - Har betydelse, Urban miljö (U) - Har betydelse;NT;A3c+4c
6003554;91330;Geastrum berkeleyi;sträv jordstjärna;Art;112;Skog (S) - Stor betydelse, Jordbrukslandskap (J) - Har betydelse;EN;C2a(i)
680;91331;Geastrum campestre;fältjordstjärna;Art;119;Jordbrukslandskap (J) - Stor betydelse, Urban miljö (U) - Stor betydelse;EN;C2a(i)
681;91332;Geastrum corollinum;rulljordstjärna;Art;327;Jordbrukslandskap (J) - Stor betydelse;EN;C2a(i)
682;91334;Geastrum elegans;naveljordstjärna;Art;496;Jordbrukslandskap (J) - Stor betydelse;VU;C2a(i)
1345;91336;Geastrum flexuosum;jordstjärnstryffel;Art;0;Skog (S) - Stor betydelse;CR (PRE);D
683;91337;Geastrum floriforme;blomjordstjärna;Art;225;Jordbrukslandskap (J) - Stor betydelse, Urban miljö (U) - Har betydelse;NT;D1
684;91338;Geastrum fornicatum;hög jordstjärna;Art;122;Skog (S) - Stor betydelse, Jordbrukslandskap (J) - Har betydelse;EN;C2a(i)
6037591;91339;Geastrum granulosum;liten jordstjärna;Art;241;Jordbrukslandskap (J) - Stor betydelse, Fjäll (F) - Har betydelse, Havsstrand (H) - Har betydelse;VU;C2a(i)
6037590;91340;Geastrum marginatum;mörkhalsad jordstjärna;Art;39;Jordbrukslandskap (J) - Stor betydelse, Havsstrand (H) - Har betydelse;EN;"B2ab(iii); C2a(i)"
686;91344;Geastrum pseudolimbatum;stäppjordstjärna;Art;244;Jordbrukslandskap (J) - Stor betydelse;VU;D1
6003555;91345;Geastrum pseudostriatum;kornig jordstjärna;Art;197;Jordbrukslandskap (J) - Stor betydelse;EN;C2a(i)
2008;91346;Geastrum quadrifidum;fyrflikig jordstjärna;Art;2324;Skog (S) - Stor betydelse;NT;A2c+3c+4c
687;91348;Geastrum saccatum;säckjordstjärna;Art;156;Jordbrukslandskap (J) - Stor betydelse, Skog (S) - Har betydelse, Urban miljö (U) - Har betydelse;EN;C2a(i)
688;91349;Geastrum schmidelii;dvärgjordstjärna;Art;2736;Jordbrukslandskap (J) - Stor betydelse, Havsstrand (H) - Har betydelse, Skog (S) - Har betydelse;NT;A3c+4c
1076;91355;Myriostoma coliforme;sålljordstjärna;Art;16;Skog (S) - Stor betydelse, Jordbrukslandskap (J) - Har betydelse;CR;D
2061;91363;Sclerogaster compactus;hårdtryffel;Art;11;Skog (S) - Stor betydelse;NT;"B2b(ii,iii,iv,v); C1"
6037584;91364;Sclerogaster hysterangioides;;Art;8;Skog (S) - Stor betydelse;NT;"B2b(ii,iii,iv,v); C1"
3281;91370;Clavariadelphus helveticus;rodnande klubbsvamp;Art;58;Skog (S) - Stor betydelse, Jordbrukslandskap (J) - Har betydelse;VU;D1
3286;91374;Clavariadelphus truncatus;flattoppad klubbsvamp;Art;2760;Skog (S) - Stor betydelse;NT;A2c+3c+4c
6331794;91383;Gautieria villosa;nättryffel;Art;8;Skog (S) - Stor betydelse, Jordbrukslandskap (J) - Har betydelse;VU;"B2ab(ii,iii,iv); D1+2"
4186;91384;Gautieria otthii s.lat.;;Artkomplex;17;Skog (S) - Stor betydelse;NT;B2b(iii,iv)
720;91388;Gomphus clavatus;violgubbe;Art;4071;Skog (S) - Stor betydelse;EN;A2c+3c+4c
1354;91392;Phaeoclavulina echinovirens;smaragdfingersvamp;Art;20;Skog (S) - Stor betydelse;EN;"B2ab(iii); D"
5735;91395;Phaeoclavulina macrospora;svartnande fingersvamp;Art;113;Jordbrukslandskap (J) - Stor betydelse, Skog (S) - Stor betydelse;EN;C2a(i)
1356;91396;Phaeoclavulina roellinii;stäppfingersvamp;Art;142;Jordbrukslandskap (J) - Stor betydelse, Havsstrand (H) - Har betydelse, Urban miljö (U) - Har betydelse;VU;"B2ab(iii); C2a(i)"
6331700;91399;Ramaria aff. aurea;;Art;3;Skog (S) - Stor betydelse;VU;D1
6331701;91401;Ramaria aff. conjunctipes;;Art;3;Skog (S) - Stor betydelse;VU;C2a(i)
6331699;91402;Ramaria aff. rubrievanescens;;Art;9;Skog (S) - Stor betydelse;VU;A2c+3c+4c
6331698;91403;Ramaria aff. strasseri;;Art;4;Skog (S) - Stor betydelse;EN;C2a(i)
233191;91405;Ramaria bataillei;rostfotad fingersvamp;Art;27;Skog (S) - Stor betydelse;EN;D
2051;91407;Ramaria boreimaxima;rotfingersvamp;Art;1216;Skog (S) - Stor betydelse;VU;"A2c+3c+4c; C2a(i)"
6331633;91408;Ramaria botrytis;;Art;177;Skog (S) - Stor betydelse;NT;A2c+3c+4c
6003426;91410;Ramaria brienzensis;kalkfingersvamp;Art;21;Skog (S) - Stor betydelse;EN;"B1ab(iii); D"
5745;91411;Ramaria brunneicontusa;gyllenfingersvamp;Art;527;Skog (S) - Stor betydelse;EN;A2c+3c+4c
6331666;91412;Ramaria brunneolilacina;musfingersvamp;Art;22;Skog (S) - Stor betydelse;VU;D1
6040063;91414;Ramaria edwinii;roslagsfingersvamp;Art;18;Skog (S) - Stor betydelse;EN;"B2ab(iii); C2a(i)"
256703;91415;Ramaria eosanguinea;tallfingersvamp;Art;1728;Skog (S) - Stor betydelse;NT;A2c+3c+4c
256840;91417;Ramaria fennica;lilafotad fingersvamp;Art;202;Skog (S) - Stor betydelse;EN;C2a(i)
6040064;91419;Ramaria flava;;Art;164;Skog (S) - Stor betydelse;EN;D
5741;91422;Ramaria flavescens;tjockfotad fingersvamp;Art;1713;Skog (S) - Stor betydelse;NT;A2c+3c+4c
6331668;91424;Ramaria flavissima;;Art;6;Skog (S) - Stor betydelse;NT;A2c+3c+4c
233194;91426;Ramaria flavosalmonicolor;laxfingersvamp;Art;72;Skog (S) - Stor betydelse;VU;D1
1355;91427;Ramaria formosa;lömsk fingersvamp;Art;137;Skog (S) - Stor betydelse;VU;B2ab(iii)
256841;91428;Ramaria fumigata;grålila fingersvamp;Art;134;Skog (S) - Stor betydelse;VU;C2a(i)
6040065;91430;Ramaria grandipes;ekfingersvamp;Art;95;Skog (S) - Stor betydelse, Jordbrukslandskap (J) - Har betydelse;EN;D
5749;91431;Ramaria gypsea;citronfingersvamp;Art;37;Skog (S) - Stor betydelse;VU;"A2c+3c+4c; C2a(i)"
5744;91432;Ramaria ignicolor;glödfingersvamp;Art;25;Skog (S) - Stor betydelse;NT;D1
256335;91433;Ramaria karstenii;taggfingersvamp;Art;545;Skog (S) - Stor betydelse;VU;A2c+3c+4c
256754;91434;Ramaria krieglsteineri;lundfingersvamp;Art;129;Skog (S) - Stor betydelse, Jordbrukslandskap (J) - Har betydelse, Urban miljö (U) - Har betydelse;VU;B2ab(iii)
5733;91437;Ramaria lutea;såpfingersvamp;Art;468;Skog (S) - Stor betydelse;NT;B2b(iii)
233195;91439;Ramaria neoformosa;;Art;50;Skog (S) - Stor betydelse;VU;C2a(i)
6331667;91440;Ramaria ossolana;;Art;11;Skog (S) - Stor betydelse;VU;C2a(i)
256756;91441;Ramaria pallida;blek fingersvamp;Art;1471;Skog (S) - Stor betydelse;NT;"A2c+3c+4c; C2a(i)"
6331632;91443;Ramaria parabotrytis;;Art;9;Skog (S) - Stor betydelse;EN;A2c+3c+4c
6039941;91444;Ramaria primulina;gelatinfingersvamp;Art;124;Skog (S) - Stor betydelse;NT;A2c+3c+4c
233196;91446;Ramaria rufescens;fjällfotad fingersvamp;Art;145;Skog (S) - Stor betydelse;EN;C2a(i)
5747;91448;Ramaria safraniolens;läderdoftande fingersvamp;Art;1531;Skog (S) - Stor betydelse;VU;A2c+3c+4c
1357;91449;Ramaria sanguinea;fläckfingersvamp;Art;668;Skog (S) - Stor betydelse;VU;C2a(i)
256842;91450;Ramaria spinulosa;sydlig taggfingersvamp;Art;136;Skog (S) - Stor betydelse;VU;D1
2049;91453;Ramaria subbotrytis;praktfingersvamp;Art;126;Skog (S) - Stor betydelse;EN;C2a(i)
5754;91456;Ramaria testaceoflava;gultoppig fingersvamp;Art;2744;Skog (S) - Stor betydelse;NT;A2c+3c+4c
233192;91457;Ramaria thalliovirescens;solfingersvamp;Art;238;Skog (S) - Stor betydelse;VU;"B2ab(iii); C2a(i)"
6039940;91458;Ramaria tridentina;mandarinfingersvamp;Art;186;Skog (S) - Stor betydelse;EN;C2a(i)
900;91468;Kavinia alboviridis;gröntagging;Art;168;Skog (S) - Stor betydelse;NT;C1
936;91471;Lentaria byssiseda;spinnfingersvamp;Art;549;Skog (S) - Stor betydelse;NT;C2a(i)
937;91473;Lentaria epichnoa;vit vedfingersvamp;Art;1192;Skog (S) - Stor betydelse;NT;"C2a(i); D1"
6046609;91484;Hysterangium calcareum;;Art;19;Skog (S) - Stor betydelse;NT;B2b(ii,iii)
677;91497;Gastrosporium simplex;stäpptryffel;Art;4;Jordbrukslandskap (J) - Stor betydelse;CR;C2a(i)
1196;91506;Phallus hadriani;dynstinksvamp;Art;248;Havsstrand (H) - Stor betydelse;NT;"B2b(iii); D1"
3086;91515;Auricularia mesenterica;svartöra;Art;4935;Skog (S) - Stor betydelse, Jordbrukslandskap (J) - Har betydelse;NT;A3ce
2047;91575;Aporpium canescens;narrporing;Art;52;Skog (S) - Stor betydelse;VU;D1
1300;91601;Hyalodon piceicola;barrgråtagging;Art;66;Skog (S) - Stor betydelse;VU;C1
1301;91611;Protodontia subgelatinosa;lövgråtagging;Art;35;Skog (S) - Stor betydelse;NT;D1
477;91691;Craterellus cinereus;grå kantarell;Art;337;Skog (S) - Stor betydelse;NT;A2c+3c
253;91694;Craterellus melanoxeros;svartnande kantarell;Art;239;Skog (S) - Stor betydelse;NT;A2c+4c
2015;91698;Hydnum albidum;vit taggsvamp;Art;2003;Skog (S) - Stor betydelse;VU;"A2c+3c+4c; C2a(i)"
1067;91717;Multiclavula mucida;vedlavklubba;Art;732;Skog (S) - Stor betydelse;VU;C1
5345;91722;Paullicorticium allantosporum;bågsporigt gömskinn;Art;24;Skog (S) - Stor betydelse;NT;C1
5346;91723;Paullicorticium ansatum;ögleskinn;Art;56;Skog (S) - Stor betydelse;NT;"C1+2a(i); D1"
5347;91724;Paullicorticium delicatissimum;småsporigt gömskinn;Art;13;Skog (S) - Stor betydelse;NT;"C2a(i); D1"
1497;91735;Sistotrema citriforme;talloljeskinn;Art;7;Skog (S) - Stor betydelse;VU;"C1; D1"
6020;91751;Sistotrema raduloides;oljetagging;Art;305;Skog (S) - Stor betydelse;NT;C2a(i)
3290;91791;Clavulicium macounii;gaffelskinn;Art;47;Skog (S) - Stor betydelse;VU;D1
3242;91844;Chaetodermella luna;vitplätt;Art;3452;Skog (S) - Stor betydelse;NT;"A2c+3c+4c; B2b(iii)"
4213;91846;Gloeophyllum abietinum;granmussling;Art;133;Skog (S) - Stor betydelse;NT;D1
2013;91850;Griseoporia carbonaria;kolticka;Art;111;Skog (S) - Stor betydelse;CR;C2a(i)
714;91859;Osmoporus protractus;tallstocksticka;Art;691;Skog (S) - Stor betydelse;VU;"A2c+3c+4c; C1+2a(i)"
1976;91865;Coltricia cinnamomea;kanelticka;Art;58;Skog (S) - Stor betydelse;VU;D1
112;91872;Asterodon ferruginosus;stjärntagging;Art;4772;Skog (S) - Stor betydelse;NT;A2c+3c+4c
4118;91875;Fibricium subodoratum;tajgafiberskinn;Art;27;Skog (S) - Stor betydelse;EN;C1
5445;91880;Fomitiporia robusta;ekticka;Art;10930;Skog (S) - Stor betydelse, Jordbrukslandskap (J) - Har betydelse;NT;A2c
848;91887;Hastodontia halonata;baljskinn;Art;3;Skog (S) - Stor betydelse, Jordbrukslandskap (J) - Har betydelse;VU;D1
252387;91896;Hymenochaete ulmicola;almrostöra;Art;1948;Skog (S) - Stor betydelse;EN;A3ce
4427;91901;Hydnoporia corrugata;sprickborstskinn;Art;47;Skog (S) - Stor betydelse;VU;D1
883;91905;Inocutis dryophila;kärnticka;Art;617;Skog (S) - Stor betydelse, Jordbrukslandskap (J) - Har betydelse;VU;C2a(i)
885;91908;Inonotopsis subiculosa;tajgaporing;Art;44;Skog (S) - Stor betydelse;EN;D
881;91910;Inonotus cuticularis;skillerticka;Art;692;Skog (S) - Stor betydelse, Jordbrukslandskap (J) - Har betydelse, Urban miljö (U) - Har betydelse;VU;C2a(i)
884;91911;Inonotus hispidus;pälsticka;Art;1051;Skog (S) - Stor betydelse, Jordbrukslandskap (J) - Har betydelse, Urban miljö (U) - Har betydelse;VU;"A3ce; C1"
4661;91913;Inonotus ulmicola;almsprängticka;Art;759;Skog (S) - Stor betydelse, Jordbrukslandskap (J) - Har betydelse, Urban miljö (U) - Har betydelse;VU;"A3ce+4ce; C1+2a(i)"
1108;91918;Pelloporus leporinus;harticka;Art;12638;Skog (S) - Stor betydelse;NT;A2c+3c+4c
1110;91920;Pelloporus triqueter;tallharticka;Art;406;Skog (S) - Stor betydelse;EN;C2a(i)
1202;91922;Phellinidium ferrugineofuscum;ullticka;Art;75442;Skog (S) - Stor betydelse;NT;A2c+3c+4c
1204;91936;Phellopilus nigrolimitatus;gränsticka;Art;24706;Skog (S) - Stor betydelse;VU;A2c+3c+4c
5442;91943;Porodaedalea pini;tallticka;Art;53914;Skog (S) - Stor betydelse, Jordbrukslandskap (J) - Har betydelse, Urban miljö (U) - Har betydelse;NT;A2c+3c+4c
882;91945;Pseudoinonotus dryadeus;tårticka;Art;931;Skog (S) - Stor betydelse, Jordbrukslandskap (J) - Har betydelse, Urban miljö (U) - Har betydelse;VU;C2a(i)
6320;91954;Tubulicrinis effugiens;tofsnålskinn;Art;23;Skog (S) - Stor betydelse;NT;D1
6324;91959;Tubulicrinis hirtellus;borstnålskinn;Art;28;Skog (S) - Stor betydelse;NT;C1
6325;91960;Tubulicrinis inornatus;kåpnålskinn;Art;22;Skog (S) - Stor betydelse;NT;C1+2a(i)
2079;91975;Odonticium romellii;nordtagging;Art;8388;Skog (S) - Stor betydelse;NT;A2c+3c+4c
846;92013;Kneiffiella alienata;lundknotterskinn;Art;6;Skog (S) - Stor betydelse, Våtmark (V) - Har betydelse;VU;D1
318;92017;Kneiffiella curvispora;bågknotterskinn;Art;16;Skog (S) - Stor betydelse;VU;D1
850;92021;Kneiffiella pilaecystidiata;sälgtagging;Art;40;Skog (S) - Stor betydelse, Våtmark (V) - Har betydelse;EN;C2a(i)
851;92039;Xylodon spathulatus;tandknotterskinn;Art;20;Skog (S) - Stor betydelse, Våtmark (V) - Har betydelse;NT;D1
860;92040;Xylodon subtilissimus;sylknotterskinn;Art;3;Skog (S) - Stor betydelse;VU;D1
3277;92050;Alloclavaria purpurea;luddfingersvamp;Art;1350;Skog (S) - Stor betydelse;NT;A2c+3c+4c
117;92052;Atheloderma mirabile;mirakelskinn;Art;2;Skog (S) - Stor betydelse;VU;D1
476;92062;Cotylidia pannosa;rosettskinn;Art;4;Skog (S) - Stor betydelse;EN;D
1218;92072;Jacksonomyces subulatus;vitt vaxskinn;Art;43;Skog (S) - Stor betydelse;VU;D1
842;92075;Kurtia macedonica;prickskinn;Art;7;Skog (S) - Stor betydelse;VU;D1+2
4456;92085;Peniophorella guttulifera;pärlskinn;Art;84;Skog (S) - Stor betydelse;NT;D1
1235;92091;Physodontia lundellii;luggskinn;Art;20;Skog (S) - Stor betydelse;VU;D1
1503;92096;Sidera lenis;gräddporing;Art;11451;Skog (S) - Stor betydelse;VU;A2c+3c+4c
1588;92110;Trichaptum laricinum;violmussling;Art;4937;Skog (S) - Stor betydelse, Jordbrukslandskap (J) - Har betydelse;NT;A2c+3c+4c
1347;92133;Radulodon erikssonii;asptagging;Art;86;Skog (S) - Stor betydelse;VU;C2a(i)
48;92136;Amylocystis lapponica;lappticka;Art;5415;Skog (S) - Stor betydelse;VU;A2c+3c+4c
1106;92147;Osteina undosa;vågticka;Art;1379;Skog (S) - Stor betydelse;NT;A2c+4c
2039;92152;Postia balsamea;balsamticka;Art;23;Skog (S) - Stor betydelse;EN;D
1618;92156;Postia ceriflua;hängticka;Art;253;Skog (S) - Stor betydelse;NT;C1
1100;92158;Postia floriformis;rosetticka;Art;217;Skog (S) - Stor betydelse;VU;C1
1101;92160;Postia guttulata;gropticka;Art;1294;Skog (S) - Stor betydelse;NT;C1
5260;92165;Postia lateritia;lateritticka;Art;877;Skog (S) - Stor betydelse;VU;C1+2a(i)
1102;92170;Postia parva;gäckporing;Art;241;Skog (S) - Stor betydelse;NT;A2c+3c+4c
65;92196;Anthoporia albobrunnea;fläckporing;Art;7799;Skog (S) - Stor betydelse;VU;A2c+3c+4c
6008693;92198;Antrodia crassa;kritporing;Art;144;Skog (S) - Stor betydelse;CR;C2a(i)
1963;92202;Antrodia macra;videticka;Art;199;Skog (S) - Stor betydelse, Våtmark (V) - Har betydelse;NT;C2a(i)
3009;92204;Antrodia piceata;doftporing;Art;17;Skog (S) - Stor betydelse;EN;D
71;92211;Fomitopsis infirma;urskogsporing;Art;1006;Skog (S) - Stor betydelse;EN;C1+2a(i)
1964;92214;Fomitopsis mellita;honungsticka;Art;115;Skog (S) - Stor betydelse;VU;D1
72;92216;Fomitopsis primaeva;urskogsticka;Art;202;Skog (S) - Stor betydelse;EN;C1+2a(i)
1244;92217;Fomitopsis pulvina;tungticka;Art;241;Skog (S) - Stor betydelse, Jordbrukslandskap (J) - Har betydelse;CR;A2c
73;92218;Fomitopsis pulvinascens;veckticka;Art;2950;Skog (S) - Stor betydelse;NT;C1
658;92221;Fomitopsis rosea;rosenticka;Art;38060;Skog (S) - Stor betydelse;NT;A2c+3c+4c
4181;92240;Ganoderma adspersum;sydlig platticka;Art;190;Urban miljö (U) - Stor betydelse, Jordbrukslandskap (J) - Har betydelse, Skog (S) - Har betydelse;VU;D1
675;92243;Ganoderma pfeifferi;hartsticka;Art;409;Skog (S) - Stor betydelse, Jordbrukslandskap (J) - Har betydelse, Urban miljö (U) - Har betydelse;VU;D1
676;92244;Ganoderma resinaceum;eklackticka;Art;152;Skog (S) - Stor betydelse, Jordbrukslandskap (J) - Har betydelse;EN;D
1973;92252;Gelatoporia subvermispora;kristallporing;Art;54;Skog (S) - Stor betydelse;NT;"C1; D1"
721;92257;Grifola frondosa;korallticka;Art;2636;Skog (S) - Stor betydelse, Jordbrukslandskap (J) - Har betydelse, Urban miljö (U) - Har betydelse;NT;C1
233209;92264;Hyphoderma involutum;huldreskinn;Art;1;Skog (S) - Stor betydelse;VU;C2a(i)
843;92271;Hyphoderma obtusum;trubbskinn;Art;3;Skog (S) - Stor betydelse;VU;D1
844;92273;Hyphoderma orphanellum;eremitskinn;Art;6;Skog (S) - Stor betydelse, Våtmark (V) - Har betydelse;NT;D1
1240;92287;Piloporia sajanensis;lämmelporing;Art;36;Skog (S) - Stor betydelse;CR;C2a(i)
2062;92294;Skeletocutis brevispora;ulltickeporing;Art;1618;Skog (S) - Stor betydelse;VU;C1
2063;92296;Skeletocutis chrysella;grantickeporing;Art;654;Skog (S) - Stor betydelse;VU;C1
6331024;92298;Skeletocutis delicata;;Art;125;Skog (S) - Stor betydelse;VU;C1
6331023;92299;Skeletocutis exilis;;Art;16;Skog (S) - Stor betydelse;NT;C1
233025;92301;Skeletocutis jelicii;lusporing;Art;74;Skog (S) - Stor betydelse;EN;C2a(i)
2064;92302;Skeletocutis kuehneri;kilporing;Art;216;Skog (S) - Stor betydelse;VU;C1
233035;92303;Skeletocutis lilacina;ametistporing;Art;25;Skog (S) - Stor betydelse;EN;C1
1506;92305;Skeletocutis odora;ostticka;Art;3896;Skog (S) - Stor betydelse;VU;A2c+3c+4c
1505;92308;Skeletocutis stellae;kristallticka;Art;707;Skog (S) - Stor betydelse, Jordbrukslandskap (J) - Har betydelse;VU;"A2c+3c+4c; C1"
303;92323;Ceriporia excelsa;rosenporing;Art;279;Skog (S) - Stor betydelse, Urban miljö (U) - Har betydelse;NT;D1
715;92336;Gloeoporus pannocinctus;finporing;Art;406;Skog (S) - Stor betydelse;VU;C2a(i)
6040162;92341;Leptoporus erubescens;tallkötticka;Art;681;Skog (S) - Stor betydelse;NT;A2c+3c+4c
6040186;92342;Leptoporus mollis;kötticka;Art;1909;Skog (S) - Stor betydelse;NT;A2c+3c+4c
298;92345;Meruliopsis rubicunda;laxgröppa;Art;324;Skog (S) - Stor betydelse;VU;"A2c+3c+4c; C1+2a(i)"
2023;92355;Ischnoderma resinosum;sydlig sotticka;Art;1356;Skog (S) - Stor betydelse;NT;D1
5322;92366;Rigidoporus obducens;almticka;Art;92;Skog (S) - Stor betydelse;VU;C1
121;92370;Aurantiporus croceus;saffransticka;Art;814;Skog (S) - Stor betydelse, Jordbrukslandskap (J) - Har betydelse;CR;A2c
1619;92371;Aurantiporus fissilis;apelticka;Art;886;Jordbrukslandskap (J) - Stor betydelse, Skog (S) - Stor betydelse, Urban miljö (U) - Har betydelse;VU;C2a(i)
260575;92372;Aurantiporus priscus;laxrosa ticka;Art;26;Skog (S) - Stor betydelse;CR;C2a(i)
3238;92375;Ceriporiopsis gilvescens;rostporing;Art;30;Skog (S) - Stor betydelse;VU;D1
373;92380;Climacodon septentrionalis;grentaggsvamp;Art;1132;Jordbrukslandskap (J) - Stor betydelse, Skog (S) - Stor betydelse, Urban miljö (U) - Har betydelse;NT;C2a(i)
1209;92382;Hermanssonia centrifuga;rynkskinn;Art;21998;Skog (S) - Stor betydelse;NT;A2c
250096;92394;Odoria alborubescens;rosa fetticka;Art;5;Skog (S) - Stor betydelse;CR;D
5453;92397;Phlebia coccineofulva;praktvaxskinn;Art;17;Skog (S) - Stor betydelse;EN;D
5457;92401;Phlebia diffissa;gräddvaxskinn;Art;7;Skog (S) - Stor betydelse;NT;"A2c; C1; D1"
1213;92402;Phlebia femsjoeensis;knölgrynna;Art;49;Skog (S) - Stor betydelse;VU;D1
1217;92407;Phlebia lindtneri;strandgröppa;Art;14;Skog (S) - Stor betydelse, Våtmark (V) - Har betydelse;VU;D1
5465;92410;Phlebia ryvardenii;auroraskinn;Art;1;Skog (S) - Stor betydelse;CR (PRE);D
5467;92411;Phlebia serialis;kådvaxskinn;Art;684;Skog (S) - Stor betydelse;NT;A2c+3c+4c
5469;92417;Phlebiodontia subochracea;kärrvaxskinn;Art;181;Skog (S) - Stor betydelse, Våtmark (V) - Stor betydelse;NT;D1
1441;92426;Sarcodontia setosa;apeltagging;Art;97;Skog (S) - Stor betydelse, Urban miljö (U) - Har betydelse;EN;D
1211;92447;Cremeoderma unicum;strävt vaxskinn;Art;19;Skog (S) - Stor betydelse;NT;D1
300;92484;Rhizochaete sulphurina;svavelskinn;Art;4;Skog (S) - Stor betydelse;VU;D1
531;92511;Dichomitus squalens;skorpticka;Art;82;Skog (S) - Stor betydelse;EN;C1+2a(i)
2046;92515;Favolus pseudobetulinus;vit aspticka;Art;93;Skog (S) - Stor betydelse;VU;C2a(i)
417;92519;Funalia gallica;brun borstticka;Art;132;Skog (S) - Stor betydelse, Jordbrukslandskap (J) - Har betydelse;CR;C2a(i)
1578;92520;Funalia trogii;blek borstticka;Art;26;Skog (S) - Stor betydelse, Jordbrukslandskap (J) - Har betydelse;CR;D
760;92522;Haploporus odorus;doftticka;Art;7396;Skog (S) - Stor betydelse;VU;A2c
1143;92523;Haploporus tuberculosus;blekticka;Art;2763;Jordbrukslandskap (J) - Stor betydelse, Skog (S) - Stor betydelse, Urban miljö (U) - Har betydelse;NT;C2a(i)
940;92528;Lentinus tigrinus;tigermussling;Art;21;Skog (S) - Stor betydelse, Våtmark (V) - Har betydelse;EN;D
1176;92533;Perenniporia fraxinea;askticka;Art;4;Jordbrukslandskap (J) - Har betydelse, Skog (S) - Har betydelse;CR;"C2a(i); D"
1177;92534;Perenniporia medulla-panis;brödmärgsticka;Art;545;Skog (S) - Stor betydelse, Jordbrukslandskap (J) - Har betydelse;NT;C2a(i)
1179;92535;Perenniporia subacida;gräddticka;Art;1152;Skog (S) - Stor betydelse;VU;C1
2042;92536;Perenniporia tenuis;kromporing;Art;42;Skog (S) - Stor betydelse;EN;D
1265;92538;Picipes badius;stor tratticka;Art;378;Skog (S) - Stor betydelse, Urban miljö (U) - Har betydelse;NT;D1
1267;92544;Polyporus umbellatus;grenticka;Art;182;Skog (S) - Stor betydelse, Jordbrukslandskap (J) - Har betydelse, Urban miljö (U) - Har betydelse;VU;D1
1266;92545;Polyporus tuberaster;stenticka;Art;245;Skog (S) - Stor betydelse, Urban miljö (U) - Har betydelse;NT;D1
1577;92553;Trametes suaveolens;sydlig anisticka;Art;74;Skog (S) - Stor betydelse, Jordbrukslandskap (J) - Har betydelse;EN;C2a(i)
5454;92569;Crustoderma corneum;hornvaxskinn;Art;709;Skog (S) - Stor betydelse;NT;A2c+3c+4c
483;92570;Crustoderma dryinum;rostskinn;Art;222;Skog (S) - Stor betydelse;VU;C1
5471;92573;Crustoderma triste;sorgvaxskinn;Art;43;Skog (S) - Stor betydelse;NT;D1
1338;92576;Pycnoporellus alboluteus;storporig brandticka;Art;253;Skog (S) - Stor betydelse;CR;C2a(i)
1965;92584;Antrodiella citrinella;citronporing;Art;505;Skog (S) - Stor betydelse;VU;A2c
106596;92590;Antrodiella pallasii;nordlig parasitporing;Art;232;Skog (S) - Stor betydelse;VU;C1
3014;92593;Antrodiella parasitica;parasitporing;Art;111;Skog (S) - Stor betydelse;VU;"C1; D1"
250285;92607;Frantisekia mentschulensis;orange bokticka;Art;102;Skog (S) - Stor betydelse;EN;D
1627;92610;Loweomyces wynneae;lundticka;Art;159;Skog (S) - Stor betydelse;VU;C2a(i)
898;92618;Steccherinum collabens;blackticka;Art;2016;Skog (S) - Stor betydelse;VU;C1
2025;92620;Steccherinum lacerum;fransig ockraporing;Art;147;Skog (S) - Stor betydelse;NT;D1
4669;92624;Steccherinum pseudozilingianum;slitsporing;Art;9;Skog (S) - Stor betydelse;VU;D1
1527;92626;Steccherinum robustius;prakttagging;Art;2291;Skog (S) - Stor betydelse, Jordbrukslandskap (J) - Har betydelse;EN;A3ce
3209;92642;Candelabrochaete septocystidia;rosengröppa;Art;13;Skog (S) - Stor betydelse;NT;D1
839;92647;Conohypha albocremea;alpskinn;Art;7;Skog (S) - Stor betydelse;CR;D
67;92650;Diplomitoporus crustulinus;sprickporing;Art;1025;Skog (S) - Stor betydelse;VU;"A2c+3c+4c; C1"
68;92651;Diplomitoporus flavescens;gulporig ticka;Art;85;Skog (S) - Stor betydelse;VU;D1
757;92653;Hapalopilus aurantiacus;apelsinticka;Art;896;Skog (S) - Stor betydelse;NT;C2a(i)
250072;92654;Erastia ochraceolateritia;karminticka;Art;17;Skog (S) - Stor betydelse;VU;"A4c; C1"
854;92658;Hypochnella violacea;lilaskinn;Art;17;Skog (S) - Stor betydelse;EN;D
1105;92675;Rhodonia placenta;laxporing;Art;351;Skog (S) - Stor betydelse;VU;"A2c+3c+4c; C1"
6037;92679;Spongipellis delectans;ockraticka;Art;7;Skog (S) - Stor betydelse;EN;D
1518;92680;Spongipellis pachyodon;tandticka;Art;11;Skog (S) - Stor betydelse, Urban miljö (U) - Har betydelse;RE;
1519;92681;Spongipellis spumea;skumticka;Art;1167;Jordbrukslandskap (J) - Stor betydelse, Skog (S) - Stor betydelse, Urban miljö (U) - Har betydelse;NT;C2a(i)
232138;92701;Albatrellus citrinus;gul lammticka;Art;1080;Skog (S) - Stor betydelse;VU;A2c+3c+4c
19;92703;Albatrellus cristatus;grönticka;Art;140;Skog (S) - Stor betydelse;EN;D
1958;92705;Albatrellus subrubescens;lammticka;Art;1183;Skog (S) - Stor betydelse;VU;"A2c+3c+4c; C2a(i)"
366;92712;Artomyces pyxidatus;kandelabersvamp;Art;7783;Skog (S) - Stor betydelse;NT;C1
1975;92713;Artomyces cristatus;liten kandelabersvamp;Art;134;Skog (S) - Stor betydelse;EN;C2a(i)
717;92729;Gloiodon strigosus;borsttagging;Art;578;Skog (S) - Stor betydelse, Våtmark (V) - Har betydelse;VU;C2a(i)
918;92734;Laurilia sulcata;tajgaskinn;Art;2488;Skog (S) - Stor betydelse;VU;C1
517;92742;Dentipellis fragilis;skinntagging;Art;477;Skog (S) - Stor betydelse;NT;C2a(i)
2014;92745;Hericium coralloides;koralltaggsvamp;Art;4422;Skog (S) - Stor betydelse;NT;A2c+3c+4c
769;92746;Hericium erinaceus;igelkottstaggsvamp;Art;185;Skog (S) - Stor betydelse;EN;C1
253810;92761;Dichostereum boreale;skorpgrynna;Art;166;Skog (S) - Stor betydelse;VU;C1
2037;92766;Metulodontia nivea;kristallskinn;Art;78;Skog (S) - Stor betydelse;NT;"C1; D1"
5360;92774;Peniophora lilacea;lundalmsskinn;Art;51;Skog (S) - Stor betydelse;VU;A3ce
1474;92789;Scytinostroma galactinum;mjölkskinn;Art;7;Skog (S) - Stor betydelse;NT;D1
5994;92792;Scytinostroma praestans;bergfiltskinn;Art;27;Skog (S) - Stor betydelse;NT;"C1; D1"
907;92808;Lactarius acris;skarp rökriska;Art;239;Skog (S) - Stor betydelse;NT;C2a(i)
2028;92826;Lactarius decipiens;pelargonriska;Art;21;Skog (S) - Stor betydelse, Jordbrukslandskap (J) - Har betydelse;VU;D1
2029;92833;Lactarius flavidus;gul lilariska;Art;307;Skog (S) - Stor betydelse;NT;A2c
236532;92847;Lactarius lanceolatus;;Art;13;Fjäll (F) - Stor betydelse;NT;B1ab(iii)+2ab(iii)
908;92852;Lactarius mairei;borstriska;Art;89;Skog (S) - Stor betydelse, Jordbrukslandskap (J) - Har betydelse;VU;D1
4745;92854;Lactarius musteus;tallriska;Art;4718;Skog (S) - Stor betydelse;NT;A2c+3c+4c
4749;92858;Lactarius olivinus;olivinriska;Art;129;Skog (S) - Stor betydelse;NT;A2c+3c+4c
4785;92898;Lactarius violascens;stor lilariska;Art;196;Skog (S) - Stor betydelse;NT;A2c+4c
4788;92900;Lactarius zonarius;zonriska;Art;202;Skog (S) - Stor betydelse, Jordbrukslandskap (J) - Har betydelse;NT;D1
575;92948;Russula candida;naveltryffel;Art;69;Skog (S) - Stor betydelse, Jordbrukslandskap (J) - Har betydelse;VU;C2a(i)
5842;92950;Russula carpini;avenbokskremla;Art;30;Skog (S) - Stor betydelse;NT;D1
2054;92961;Russula curtipes;kortfotskremla;Art;133;Skog (S) - Stor betydelse;NT;D1
5858;92972;Russula emeticicolor;korallkremla;Art;24;Skog (S) - Stor betydelse;VU;D1
1422;93005;Russula laeta;skönkremla;Art;65;Skog (S) - Stor betydelse, Jordbrukslandskap (J) - Har betydelse;NT;D1
1424;93014;Russula melliolens;honungskremla;Art;28;Skog (S) - Stor betydelse, Jordbrukslandskap (J) - Har betydelse, Urban miljö (U) - Har betydelse;VU;D1
2055;93027;Russula olivina;olivinkremla;Art;60;Skog (S) - Stor betydelse;VU;A2c+3c+4c
5906;93028;Russula olivobrunnea;olivbrun kremla;Art;49;Skog (S) - Stor betydelse;VU;A2c+3c+4c
5879;93057;Russula roseoaurantia;laxkremla;Art;28;Skog (S) - Stor betydelse;VU;D1
2056;93060;Russula rutila;liten ekkremla;Art;55;Skog (S) - Stor betydelse;NT;D1
2057;93076;Russula torulosa;sandkremla;Art;154;Skog (S) - Stor betydelse;NT;C2a(i)
5945;93089;Russula vinosobrunnea;brun läderkremla;Art;51;Skog (S) - Stor betydelse;NT;D1
5948;93096;Russula viscida;klibbkremla;Art;27;Skog (S) - Stor betydelse;NT;D1
1960;93122;Acanthophysium fennicum;grenskålskinn;Art;3;Skog (S) - Stor betydelse;RE;
3382;93130;Conferticium ravum;aspskinn;Art;75;Skog (S) - Stor betydelse;NT;"C2a(i); D1"
2075;93149;Xylobolus frustulatus;rutskinn;Art;3085;Skog (S) - Stor betydelse, Jordbrukslandskap (J) - Har betydelse;NT;A2c
713;93157;Gloeodontia subasperispora;gärdselskinn;Art;20;Skog (S) - Stor betydelse;NT;C2a(i)
859;93159;Gloeohypochnicium analogum;lundkrämskinn;Art;61;Skog (S) - Stor betydelse;VU;D1
6055;93194;Stereopsis vitellina;spadskinn;Art;736;Skog (S) - Stor betydelse;VU;"A2c+3c+4c; C1+2a(i)"
149;93198;Boletopsis grisea;tallgråticka;Art;3719;Skog (S) - Stor betydelse;VU;A2c+3c+4c
150;93199;Boletopsis leucomelaena;grangråticka;Art;2253;Skog (S) - Stor betydelse;VU;A2c+3c+4c
4361;93202;Hydnellum aurantiacum;orange taggsvamp;Art;15654;Skog (S) - Stor betydelse;NT;A2c+3c+4c
786;93203;Hydnellum auratile;brandtaggsvamp;Art;745;Skog (S) - Stor betydelse;EN;A2c+3c+4c
4362;93204;Hydnellum caeruleum;blå taggsvamp;Art;17674;Skog (S) - Stor betydelse;NT;A2c+3c+4c
787;93205;Hydnellum compactum;kompakt taggsvamp;Art;115;Skog (S) - Stor betydelse;VU;D1
239737;93207;Hydnellum cumulatum;knölig taggsvamp;Art;186;Skog (S) - Stor betydelse;EN;"A2c+3c+4c; C2a(i)"
6052576;93208;Hydnellum fagiscabrosum;boktaggsvamp;Art;30;Skog (S) - Stor betydelse;VU;B2ab(iii)
1435;93209;Hydnellum fennicum;bitter taggsvamp;Art;1201;Skog (S) - Stor betydelse;EN;A2c+3c+4c
4364;93210;Hydnellum ferrugineum;dropptaggsvamp;Art;44405;Skog (S) - Stor betydelse;NT;A2c+3c+4c
1436;93211;Hydnellum fuligineoviolaceum;lilaköttig taggsvamp;Art;581;Skog (S) - Stor betydelse;EN;"B2ab(iii); C2a(i)"
788;93212;Hydnellum geogenium;gul taggsvamp;Art;2390;Skog (S) - Stor betydelse;VU;A2c+3c+4c
6003297;93213;Hydnellum glaucopus;spricktaggsvamp;Art;485;Skog (S) - Stor betydelse;EN;A3c
4365;93214;Hydnellum gracilipes;smalfotad taggsvamp;Art;3518;Skog (S) - Stor betydelse;VU;A2c+3c+4c
6003298;93215;Hydnellum illudens;ruttaggsvamp;Art;620;Skog (S) - Stor betydelse;EN;A3c
5965;93216;Hydnellum ioeides;lundtaggsvamp;Art;110;Skog (S) - Stor betydelse;VU;D1
6003229;93217;Hydnellum lepidum;mjöltaggsvamp;Art;164;Skog (S) - Stor betydelse;VU;D1
2058;93218;Hydnellum lundellii;koppartaggsvamp;Art;2196;Skog (S) - Stor betydelse;EN;A2c+3c+4c
1439;93219;Hydnellum martioflavum;sammetstaggsvamp;Art;257;Skog (S) - Stor betydelse;EN;"A2c+3c+4c; C2a(i)"
789;93220;Hydnellum mirabile;raggtaggsvamp;Art;1154;Skog (S) - Stor betydelse;EN;A2c+3c+4c
4366;93222;Hydnellum peckii;skarp dropptaggsvamp;Art;16075;Skog (S) - Stor betydelse;NT;A2c+3c+4c
6010744;93223;Hydnellum roseoviolaceum;rosaköttig taggsvamp;Art;14;Skog (S) - Stor betydelse;CR;C2a(i)
6047725;93224;Hydnellum rufoconcrescens nom.prov.;rödfläckig zontaggsvamp;Art;308;Skog (S) - Stor betydelse;NT;C2a(i)
6010747;93225;Hydnellum scabrosellum;dvärgtaggsvamp;Art;77;Skog (S) - Stor betydelse;EN;C2a(i)
2059;93226;Hydnellum scabrosum;skrovlig taggsvamp;Art;11143;Skog (S) - Stor betydelse;VU;A2c+3c+4c
4368;93228;Hydnellum suaveolens;dofttaggsvamp;Art;5041;Skog (S) - Stor betydelse;NT;A2c+3c+4c
1440;93229;Hydnellum versipelle;brödtaggsvamp;Art;962;Skog (S) - Stor betydelse;EN;A2c+3c+4c
6331648;93231;Phellodon aquiloniniger;;Art;204;Skog (S) - Stor betydelse;NT;"A2c+3c+4c; C2a(i)"
1206;93232;Phellodon confluens;grå taggsvamp;Art;318;Skog (S) - Stor betydelse;NT;C2a(i)
6331649;93233;Phellodon dititomentosus;;Art;74;Skog (S) - Stor betydelse;NT;"A2c+3c+4c; C2a(i)"
6331650;93234;Phellodon frondosoniger;;Art;30;Skog (S) - Stor betydelse;NT;D1
3100;93235;Phellodon fuligineoalbus;talltaggsvamp;Art;5222;Skog (S) - Stor betydelse;NT;A2c+3c+4c
5448;93236;Phellodon melaleucus;svartvit taggsvamp;Art;4200;Skog (S) - Stor betydelse;NT;A2c+3c+4c
6331651;93237;Phellodon melilotinus;;Art;66;Skog (S) - Stor betydelse;VU;C2a(i)
6332770;93238;Phellodon niger;svart taggsvamp;Art;483;Skog (S) - Stor betydelse;NT;A2c+3c+4c
6332402;93240;Phellodon resupinatus;;Art;50;Skog (S) - Stor betydelse;EN;"B2ab(iii); C2a(i)"
232140;93241;Phellodon secretus;tajgataggsvamp;Art;1144;Skog (S) - Stor betydelse;VU;A2c+3c+4c
1968;93244;Phellodon violascens;grantaggsvamp;Art;2676;Skog (S) - Stor betydelse;NT;A2c+3c+4c
5964;93246;Sarcodon imbricatus;fjällig taggsvamp s.str.;Art;13502;Skog (S) - Stor betydelse;NT;A2c+3c+4c
1438;93247;Sarcodon leucopus;slät taggsvamp;Art;577;Skog (S) - Stor betydelse;EN;"A2c+3c+4c; C2a(i)"
5966;93248;Sarcodon squamosus;motaggsvamp;Art;27126;Skog (S) - Stor betydelse;NT;A2c+3c+4c
6046595;93274;Polyozellus humicola;;Art;46;Skog (S) - Stor betydelse;NT;D1
5695;93277;Polyozellus niger;;Art;39;Skog (S) - Stor betydelse;VU;C1
1583;93357;Trechispora candidissima;nordlig mjölporing;Art;26;Skog (S) - Stor betydelse;NT;D1
1586;93400;Tremellodendropsis tuberosa;skruvbusksvamp;Art;223;Skog (S) - Stor betydelse, Jordbrukslandskap (J) - Har betydelse, Urban miljö (U) - Har betydelse;NT;A2c+3c+4c
6409;93404;Xenasma pruinosum;vårtsporigt stålskinn;Art;32;Skog (S) - Stor betydelse;NT;D1
1676;93405;Xenasma pulverulentum;strimsporigt stålskinn;Art;21;Skog (S) - Stor betydelse;NT;D1
5480;93414;Xenasmatella subflavidogrisea;grantrådskinn;Art;29;Skog (S) - Stor betydelse;NT;C1
3841;93459;Cerinomyces aeneus;skorpplätt;Art;25;Skog (S) - Stor betydelse;EN;D
220;93471;Calocera glossoides;gullklubba;Art;67;Skog (S) - Stor betydelse;NT;D1
6331363;93575;Tremella confluens;;Art;0;Skog (S) - Stor betydelse;CR;D
232539;95152;Jania rubens;gaffelkrasing;Art;52;Marin miljö (M) - Stor betydelse;NT;"B1a+2a; D2"
232918;95220;Audouinella serpens;kryppyssling;Art;4;Sötvatten (L) - Stor betydelse;VU;D2
232920;95245;Kumanoa virgato-decaisneana;sydlig pärlbandsalg;Art;0;Sötvatten (L) - Stor betydelse, Våtmark (V) - Har betydelse;RE;
251452;95269;Virescentia vogesiaca;gröntonig pärlbandsalg;Art;6;Sötvatten (L) - Stor betydelse;VU;B2ab(i,ii,iii,iv,v)
232535;95296;Scinaia furcellata;skalgrus-slemtråd;Art;9;Marin miljö (M) - Stor betydelse;VU;B1ac(iv)
232616;95384;Cryptopleura ramosa;skimrande nervblad;Art;11;Marin miljö (M) - Stor betydelse;NT;B1ac(iv)
232623;95388;Hypoglossum hypoglossoides;spetsnervblad;Art;3;Marin miljö (M) - Stor betydelse;VU;B1ac(iv)
232583;95548;Sphaerococcus coronopifolius;fiskbensalg;Art;7;Marin miljö (M) - Stor betydelse;NT;B1a
232584;95579;Tsengia bairdii;tsengia;Art;7;Marin miljö (M) - Stor betydelse;NT;B1ac(iv)
232921;95634;Chroothece rupestris;geléskorpa;Art;5;Sötvatten (L) - Stor betydelse, Fjäll (F) - Har betydelse, Våtmark (V) - Har betydelse;VU;D2
232923;95640;Rhodospora sordida;sipperalg;Art;0;Fjäll (F) - Har betydelse, Sötvatten (L) - Har betydelse, Våtmark (V) - Har betydelse;VU;D2
1193;95660;Phaeoceros carolinianus;gul nålfruktsmossa;Art;82;Jordbrukslandskap (J) - Har betydelse, Urban miljö (U) - Har betydelse, Våtmark (V) - Har betydelse;VU;C2a(i)
2857;95669;Andreaea alpestris;trubbsotmossa;Art;219;Fjäll (F) - Stor betydelse;NT;A3c
2859;95671;Andreaea blyttii;fjällsotmossa;Art;320;Fjäll (F) - Stor betydelse, Våtmark (V) - Har betydelse;VU;A3c
2860;95676;Andreaea nivalis;snösotmossa;Art;186;Fjäll (F) - Stor betydelse;VU;A3c
1097;95691;Oedipodium griffithianum;klubbmossa;Art;39;Fjäll (F) - Stor betydelse;NT;D1
119;95696;Atrichum angustatum;smal sågmossa;Art;140;Jordbrukslandskap (J) - Stor betydelse, Skog (S) - Har betydelse, Urban miljö (U) - Har betydelse;CR;"B1ab(iii); C2a(i)"
2847;95720;Polytrichastrum sexangulare;jökelbjörnmossa;Art;449;Fjäll (F) - Stor betydelse, Våtmark (V) - Har betydelse;VU;A3c
1318;95740;Psilopilum cavifolium;liten järvmossa;Art;17;Fjäll (F) - Stor betydelse, Våtmark (V) - Har betydelse;VU;A3c
1552;95752;Tetrodontium ovatum;sydlig knappnålsmossa;Art;85;Skog (S) - Stor betydelse;VU;C2a(i)
2393;95763;Aulacomnium turgidum;fjällräffelmossa;Art;608;Fjäll (F) - Stor betydelse, Skog (S) - Har betydelse;NT;A3c
2402;95778;Conostomum tetragonum;hjälmmossa;Art;679;Fjäll (F) - Stor betydelse;NT;A3c
1057;95794;Mielichhoferia elongata;nickkismossa;Art;80;Fjäll (F) - Stor betydelse, Skog (S) - Har betydelse;NT;"B2a; D1"
1058;95795;Mielichhoferia mielichhoferiana;kopparkismossa;Art;22;Fjäll (F) - Stor betydelse;EN;D
233339;95798;Pohlia andrewsii;tundranicka;Art;3;Fjäll (F) - Har betydelse, Våtmark (V) - Har betydelse;VU;D1
1259;95800;Pohlia atropurpurea;lappnicka;Art;19;Fjäll (F) - Stor betydelse, Våtmark (V) - Har betydelse;VU;D1
2291;95804;Pohlia crudoides;rörnicka;Art;100;Fjäll (F) - Stor betydelse, Skog (S) - Har betydelse, Våtmark (V) - Har betydelse;NT;D1
1260;95809;Pohlia erecta;rak nicka;Art;4;Fjäll (F) - Stor betydelse, Våtmark (V) - Har betydelse;VU;D1
2275;95814;Pohlia ludwigii;fjällbäcksnicka;Art;108;Fjäll (F) - Stor betydelse, Våtmark (V) - Stor betydelse, Skog (S) - Har betydelse;VU;A3c
2284;95820;Pohlia obtusifolia;trubbnicka;Art;131;Fjäll (F) - Stor betydelse, Våtmark (V) - Stor betydelse, Skog (S) - Har betydelse;VU;A3c
191;95837;Bryum blindii;körsbärsbryum;Art;58;Urban miljö (U) - Stor betydelse, Jordbrukslandskap (J) - Har betydelse, Våtmark (V) - Har betydelse;VU;C2a(i)
2296;95845;Bryum marratii;östersjöbryum;Art;76;Havsstrand (H) - Stor betydelse, Jordbrukslandskap (J) - Har betydelse, Våtmark (V) - Har betydelse;VU;C2a(i)
200;95846;Bryum oblongum;dvärgbryum;Art;98;Fjäll (F) - Har betydelse, Jordbrukslandskap (J) - Har betydelse, Urban miljö (U) - Har betydelse;NT;D1
2903;95850;Bryum sauteri;päronbryum;Art;3;Jordbrukslandskap (J) - Har betydelse, Urban miljö (U) - Har betydelse;NT;"B1ab(iii)+2ab(iii); D1"
2333;95863;Imbribryum mildeanum;uddbryum;Art;98;Jordbrukslandskap (J) - Har betydelse, Skog (S) - Har betydelse, Våtmark (V) - Har betydelse;NT;C2a(i)
2335;95865;Imbribryum muehlenbeckii;klippbryum;Art;241;Jordbrukslandskap (J) - Har betydelse, Skog (S) - Har betydelse, Våtmark (V) - Har betydelse;NT;C2a(i)
192;95872;Ptychostomum bornholmense;potatisbryum;Art;20;Jordbrukslandskap (J) - Har betydelse, Urban miljö (U) - Har betydelse;NT;D1
233204;95873;Ptychostomum calophyllum;trubbryum;Art;25;Våtmark (V) - Stor betydelse, Fjäll (F) - Har betydelse, Skog (S) - Har betydelse;VU;"B1ac(iv)+2ac(iv); D1"
2308;95880;Ptychostomum cryophilum;rosenbryum;Art;109;Fjäll (F) - Stor betydelse, Våtmark (V) - Stor betydelse, Sötvatten (L) - Har betydelse;VU;A3c
195;95884;Ptychostomum funkii;stor silverbryum;Art;146;Urban miljö (U) - Stor betydelse, Jordbrukslandskap (J) - Har betydelse;EN;"B2ab(iii); C2a(i)"
2317;95897;Ptychostomum knowltonii;sjöbryum;Art;139;Våtmark (V) - Stor betydelse, Jordbrukslandskap (J) - Har betydelse, Urban miljö (U) - Har betydelse;EN;C2a(i)
2318;95899;Ptychostomum longisetum;långskaftsbryum;Art;51;Våtmark (V) - Stor betydelse, Fjäll (F) - Har betydelse;NT;"B2ab(iii); D1"
203;95915;Ptychostomum torquescens;karlsöbryum;Art;3;Jordbrukslandskap (J) - Stor betydelse;RE;
204;95916;Ptychostomum turbinatum;halsbryum;Art;175;Jordbrukslandskap (J) - Har betydelse, Urban miljö (U) - Har betydelse, Våtmark (V) - Har betydelse;EN;C2a(i)
233266;95917;Ptychostomum warneum;skärgårdsbryum;Art;121;Havsstrand (H) - Stor betydelse, Fjäll (F) - Har betydelse, Jordbrukslandskap (J) - Har betydelse, Våtmark (V) - Har betydelse;VU;C2a(i)
207;95921;Ptychostomum wrightii;tegelbryum;Art;41;Våtmark (V) - Stor betydelse;EN;C2a(i)
2366;95934;Cinclidium arcticum;fjälluddmossa;Art;140;Fjäll (F) - Stor betydelse, Våtmark (V) - Har betydelse;NT;A3c
2373;95941;Cyrtomnium hymenophyllum;trind trollmossa;Art;349;Fjäll (F) - Stor betydelse, Skog (S) - Har betydelse;NT;A3c
1376;95943;Rhizomnium andrewsianum;polarrundmossa;Art;15;Fjäll (F) - Stor betydelse, Våtmark (V) - Har betydelse;NT;D1
232192;95944;Rhizomnium gracile;liten filtrundmossa;Art;2;Fjäll (F) - Stor betydelse, Våtmark (V) - Har betydelse;VU;D1
6006182;95986;Hedwigia striata;strimkakmossa;Art;9;Jordbrukslandskap (J) - Har betydelse, Skog (S) - Har betydelse;VU;"B1ab(iii)+2ab(iii); D1"
233334;95998;Lewinskya laevigata;skifferhättemossa;Art;4;Fjäll (F) - Stor betydelse;VU;D1
1132;96018;Orthotrichum pallens;parkhättemossa;Art;443;Skog (S) - Stor betydelse, Jordbrukslandskap (J) - Har betydelse;NT;C2a(i)
1133;96019;Orthotrichum patens;ägghättemossa;Art;53;Skog (S) - Stor betydelse, Jordbrukslandskap (J) - Har betydelse;EN;C2a(i)
1134;96020;Orthotrichum pellucidum;arktisk hättemossa;Art;6;Fjäll (F) - Stor betydelse, Skog (S) - Har betydelse;VU;D1
1136;96024;Orthotrichum rogeri;gotländsk hättemossa;Art;9;Jordbrukslandskap (J) - Stor betydelse, Skog (S) - Har betydelse;CR;D
1137;96025;Orthotrichum scanicum;skånsk hättemossa;Art;6;Jordbrukslandskap (J) - Stor betydelse, Skog (S) - Har betydelse;RE;
1138;96029;Orthotrichum tenellum;liten hättemossa;Art;24;Jordbrukslandskap (J) - Stor betydelse, Skog (S) - Har betydelse;CR;D
1139;96030;Orthotrichum urnigerum;filthättemossa;Art;242;Skog (S) - Stor betydelse;VU;C2a(i)
1629;96038;Ulota coarctata;päronulota;Art;159;Skog (S) - Stor betydelse, Våtmark (V) - Har betydelse;VU;D1
1548;96071;Tayloria serrata;sågtrumpetmossa;Art;26;Skog (S) - Stor betydelse, Jordbrukslandskap (J) - Har betydelse;EN;"B1ab(iii)+2ab(iii); C2a(i)"
1550;96073;Tayloria tenuis;liten trumpetmossa;Art;383;Skog (S) - Stor betydelse, Jordbrukslandskap (J) - Har betydelse;VU;C2a(i)
1551;96076;Tetraplodon blyttii;tjockskaftad lämmelmossa;Art;2;Fjäll (F) - Stor betydelse;EN;D
1024;96091;Meesia hexasticha;alpsvanmossa;Art;42;Fjäll (F) - Stor betydelse, Våtmark (V) - Stor betydelse;NT;D1
1025;96092;Meesia longiseta;långskaftad svanmossa;Art;690;Våtmark (V) - Stor betydelse;VU;C2a(i)
6319380;96094;Meesia minutissima;"pyttesvanmossa ";Art;32;Fjäll (F) - Stor betydelse;NT;A3c
782;96106;Hookeria lucens;skirmossa;Art;524;Skog (S) - Stor betydelse, Våtmark (V) - Stor betydelse, Sötvatten (L) - Har betydelse;VU;C2a(i)
2657;96136;Drepanocladus angustifolius;snögulmossa;Art;157;Fjäll (F) - Stor betydelse, Våtmark (V) - Har betydelse;VU;A3c
1307;96140;Drepanocladus lycopodioides;grov gulmossa;Art;984;Våtmark (V) - Stor betydelse, Jordbrukslandskap (J) - Har betydelse, Skog (S) - Har betydelse;VU;C1+2a(i)
814;96158;Hygrohypnum styriacum;uddbäckmossa;Art;39;Fjäll (F) - Stor betydelse, Sötvatten (L) - Har betydelse, Våtmark (V) - Har betydelse;NT;D1
2727;96174;Platyhypnum alpinum;fjällbäckmossa;Art;86;Fjäll (F) - Stor betydelse, Våtmark (V) - Stor betydelse, Sötvatten (L) - Har betydelse;NT;A3c
2725;96175;Platyhypnum cochlearifolium;skedbäckmossa;Art;33;Fjäll (F) - Stor betydelse, Våtmark (V) - Stor betydelse, Sötvatten (L) - Har betydelse;VU;D1
2726;96176;Platyhypnum molle;mjuk bäckmossa;Art;57;Fjäll (F) - Stor betydelse, Våtmark (V) - Stor betydelse, Sötvatten (L) - Har betydelse;NT;A3c
813;96177;Platyhypnum norvegicum;norsk bäckmossa;Art;38;Skog (S) - Stor betydelse, Våtmark (V) - Stor betydelse, Fjäll (F) - Har betydelse;VU;D1
2658;96187;Sanionia nivalis;snöcirkelmossa;Art;62;Fjäll (F) - Stor betydelse, Våtmark (V) - Har betydelse;VU;A3c
6051212;96193;Tomentypnum involutum;krypgyllenmossa;Art;35;Fjäll (F) - Stor betydelse, Skog (S) - Har betydelse, Våtmark (V) - Har betydelse;NT;A3c
2759;96203;Brachytheciastrum collinum;dvärggräsmossa;Art;48;Fjäll (F) - Stor betydelse, Skog (S) - Har betydelse, Våtmark (V) - Har betydelse;NT;A3c
2767;96204;Brachytheciastrum trachypodium;skiffergräsmossa;Art;71;Fjäll (F) - Stor betydelse;NT;D1
347;96209;Brachythecium cirrosum;alpin hårgräsmossa;Art;74;Fjäll (F) - Stor betydelse, Skog (S) - Har betydelse;VU;D1
781;96211;Brachythecium geheebii;lockgräsmossa;Art;14;Skog (S) - Stor betydelse;EN;D
2772;96222;Brachythecium tauriscorum;fjällgräsmossa;Art;154;Fjäll (F) - Stor betydelse;NT;A3c
349;96223;Brachythecium tommasinii;späd hårgräsmossa;Art;637;Skog (S) - Stor betydelse;NT;D1
633;96249;Microeurhynchium pumilum;dvärgsprötmossa;Art;29;Skog (S) - Stor betydelse;EN;D
634;96252;Oxyrrhynchium schleicheri;skånsk sprötmossa;Art;126;Skog (S) - Stor betydelse;NT;D1
636;96255;Plasteurhynchium striatulum;kalksprötmossa;Art;139;Skog (S) - Stor betydelse;VU;D1
1378;96260;Rhynchostegiella teneriffae;mjölig nålmossa;Art;88;Våtmark (V) - Stor betydelse, Skog (S) - Har betydelse;EN;D
1380;96265;Rhynchostegium confertum;broddnäbbmossa;Art;56;Jordbrukslandskap (J) - Stor betydelse, Skog (S) - Stor betydelse, Urban miljö (U) - Har betydelse;NT;D1
259204;96271;Sciuro-hypnum dovrense;jökelgräsmossa;Art;18;Fjäll (F) - Stor betydelse, Våtmark (V) - Har betydelse;VU;A3c
2760;96273;Sciuro-hypnum glaciale;snögräsmossa;Art;339;Fjäll (F) - Stor betydelse, Våtmark (V) - Stor betydelse;VU;A3c
755;96291;Hamatocaulis lapponicus;tajgakrokmossa;Art;116;Våtmark (V) - Stor betydelse, Sötvatten (L) - Har betydelse;VU;"B2ab(iii); D1"
6040095;96293;Hamatocaulis vernicosus, southern cryptic species;sydlig käppkrokmossa;Population;30;Våtmark (V) - Stor betydelse;VU;C2a(i)
485;96321;Cryphaea heteromalla;mångfruktsmossa;Art;46;Skog (S) - Stor betydelse, Jordbrukslandskap (J) - Har betydelse;EN;D
2786;96324;Entodon concinnus;briljantmossa;Art;308;Jordbrukslandskap (J) - Stor betydelse, Fjäll (F) - Har betydelse;VU;"B2ab(iii); C2a(i)"
812;96375;Campylophyllum montanum;späd bäckmossa;Art;597;Skog (S) - Stor betydelse, Våtmark (V) - Stor betydelse;NT;"B2b(iii); C2a(i)"
966;96425;Lescuraea patens;raspbågmossa;Art;59;Skog (S) - Stor betydelse, Fjäll (F) - Har betydelse;NT;"B2ab(iii); D1"
2691;96426;Lescuraea plicata;strimbågmossa;Art;221;Fjäll (F) - Stor betydelse, Jordbrukslandskap (J) - Har betydelse, Skog (S) - Har betydelse;NT;A3c
1313;96434;Pseudoleskeella papillosa;raspdvärgbågmossa;Art;46;Skog (S) - Stor betydelse, Våtmark (V) - Har betydelse;VU;"B2ab(iii); C2a(i)"
1324;96444;Nogopterium gracile;fågelfotsmossa;Art;327;Skog (S) - Stor betydelse;EN;C2a(i)
1074;96447;Myrinia pulvinata;svämmossa;Art;166;Skog (S) - Stor betydelse, Våtmark (V) - Stor betydelse;NT;D1
1078;96450;Alleniella besseri;rundfjädermossa;Art;343;Skog (S) - Stor betydelse;NT;D1
1079;96460;Neckera pennata;aspfjädermossa;Art;2569;Skog (S) - Stor betydelse;VU;C2a(i)
6002928;96468;Thamnobryum neckeroides;trubbig rävsvansmossa;Art;79;Skog (S) - Stor betydelse, Våtmark (V) - Stor betydelse;NT;D1
233253;96469;Thamnobryum subserratum;grov rävsvansmossa;Art;22;Skog (S) - Stor betydelse, Våtmark (V) - Stor betydelse;EN;D
771;96474;Herzogiella turfacea;platt spretmossa;Art;1505;Skog (S) - Stor betydelse, Våtmark (V) - Stor betydelse;NT;C2a(i)
890;96476;Isopterygiopsis alpicola;nordlig skimmermossa;Art;10;Fjäll (F) - Stor betydelse, Våtmark (V) - Har betydelse;VU;D1
2784;96483;Orthothecium chryseon;gul glansmossa;Art;465;Fjäll (F) - Stor betydelse, Skog (S) - Har betydelse, Våtmark (V) - Har betydelse;VU;A3c
1130;96485;Orthothecium lapponicum;lappglansmossa;Art;231;Fjäll (F) - Stor betydelse, Våtmark (V) - Stor betydelse, Skog (S) - Har betydelse;EN;C2a(i)
2785;96486;Orthothecium rufescens;röd glansmossa;Art;298;Fjäll (F) - Stor betydelse, Skog (S) - Har betydelse, Våtmark (V) - Har betydelse;VU;A3c
1247;96501;Plagiothecium platyphyllum;bäcksidenmossa;Art;133;Skog (S) - Stor betydelse, Våtmark (V) - Stor betydelse;VU;C2a(i)
811;96524;Pseudohygrohypnum eugyrium;skogsbäckmossa;Art;178;Våtmark (V) - Stor betydelse, Skog (S) - Har betydelse, Sötvatten (L) - Har betydelse;NT;"B2ab(iii); D1"
815;96525;Pseudohygrohypnum subeugyrium;stor skogsbäckmossa;Art;204;Våtmark (V) - Stor betydelse, Skog (S) - Har betydelse, Sötvatten (L) - Har betydelse;VU;C2a(i)
2806;96534;Rhytidium rugosum;ruggmossa;Art;1318;Fjäll (F) - Stor betydelse, Jordbrukslandskap (J) - Stor betydelse;NT;A3c
2731;96538;Hygrohypnella polaris;polarbäckmossa;Art;169;Fjäll (F) - Stor betydelse, Våtmark (V) - Stor betydelse, Skog (S) - Har betydelse, Sötvatten (L) - Har betydelse;NT;A3c
183;96555;Haplocladium microphyllum;texasmossa;Art;1;Skog (S) - Stor betydelse;RE;
2111;96589;Trematodon brevicollis;fjälltranmossa;Art;19;Fjäll (F) - Stor betydelse, Skog (S) - Har betydelse;VU;D1
1585;96590;Trematodon laetevirens;rak tranmossa;Art;15;Fjäll (F) - Stor betydelse, Skog (S) - Har betydelse, Våtmark (V) - Har betydelse;VU;D1
533;96600;Dicranella humilis;strandjordmossa;Art;52;Våtmark (V) - Stor betydelse, Jordbrukslandskap (J) - Har betydelse, Skog (S) - Har betydelse;NT;D1
2164;96620;Dicranum groenlandicum;fjällkvastmossa;Art;60;Fjäll (F) - Stor betydelse, Våtmark (V) - Har betydelse;NT;A3c
537;96625;Dicranum muehlenbeckii;frösökvastmossa;Art;153;Skog (S) - Stor betydelse;RE;
538;96628;Dicranum scottianum;kustkvastmossa;Art;43;Skog (S) - Stor betydelse;VU;D1
540;96634;Dicranum viride;barkkvastmossa;Art;1156;Skog (S) - Stor betydelse, Våtmark (V) - Har betydelse;EN;C2a(i)
2179;96636;Paraleucobryum enerve;alpin skärbladsmossa;Art;277;Fjäll (F) - Stor betydelse;NT;A3c
1159;96640;Paraleucobryum sauteri;sydlig skärbladsmossa;Art;28;Skog (S) - Stor betydelse, Våtmark (V) - Har betydelse;NT;"B1a+2a; D1"
1251;96649;Cleistocarpidium palustre;strandsylmossa;Art;139;Våtmark (V) - Stor betydelse, Jordbrukslandskap (J) - Har betydelse, Skog (S) - Har betydelse;EN;"B1ab(iii)c(iv)+2ab(iii)c(iv); C2a(i)"
559;96654;Distichium hagenii;strandplanmossa;Art;15;Havsstrand (H) - Stor betydelse, Våtmark (V) - Har betydelse;VU;"B1ab(iii)+2ab(iii); D1"
560;96659;Ditrichum pallidum;praktgrusmossa;Art;4;Jordbrukslandskap (J) - Har betydelse, Skog (S) - Har betydelse, Urban miljö (U) - Har betydelse;RE;
2098;96663;Pleuridium acuminatum;kortbladig sylmossa;Art;64;Jordbrukslandskap (J) - Stor betydelse;VU;C2a(i)
2086;96683;Fissidens gracilifolius;kalkfickmossa;Art;72;Skog (S) - Stor betydelse, Jordbrukslandskap (J) - Har betydelse;NT;D1
654;96689;Fissidens rufulus;rödkantad fickmossa;Art;0;Våtmark (V) - Stor betydelse, Skog (S) - Har betydelse, Sötvatten (L) - Har betydelse;RE;
248;96706;Campylopus atrovirens;svart nervmossa;Art;82;Skog (S) - Stor betydelse;EN;D
249;96715;Campylopus schimperi;fjällnervmossa;Art;3;Fjäll (F) - Stor betydelse;VU;D1
250;96716;Campylopus subulatus;grusnervmossa;Art;100;Jordbrukslandskap (J) - Stor betydelse;EN;C2a(i)
82;96729;Arctoa anderssonii;liten jökelmossa;Art;7;Fjäll (F) - Har betydelse, Skog (S) - Har betydelse, Våtmark (V) - Har betydelse;NT;D1
382;96734;Cnestrum glaucescens;fjällmyggmossa;Art;10;Fjäll (F) - Stor betydelse;NT;D1
493;96738;Cynodontium fallax;praktklipptuss;Art;134;Skog (S) - Stor betydelse;NT;D1
494;96739;Cynodontium gracilescens;svanklipptuss;Art;52;Skog (S) - Stor betydelse, Fjäll (F) - Har betydelse;EN;D
2142;96751;Kiaeria falcata;kloborstmossa;Art;201;Fjäll (F) - Stor betydelse, Skog (S) - Har betydelse, Våtmark (V) - Har betydelse;VU;A3c
2146;96752;Kiaeria glacialis;jökelborstmossa;Art;220;Fjäll (F) - Stor betydelse, Skog (S) - Har betydelse, Våtmark (V) - Har betydelse;NT;A3c
534;96753;Kiaeria riparia;nordlig jordmossa;Art;9;Fjäll (F) - Stor betydelse, Våtmark (V) - Stor betydelse, Skog (S) - Har betydelse;VU;D1
6033568;96756;Oncophorus demetrii;fjällknölmossa;Art;66;Fjäll (F) - Stor betydelse, Våtmark (V) - Stor betydelse;NT;A3c
2483;96784;Coscinodon cribrosus;gubbmossa;Art;71;Fjäll (F) - Stor betydelse, Skog (S) - Har betydelse;NT;D1
2492;96786;Grimmia alpestris;blågrimmia;Art;22;Fjäll (F) - Stor betydelse;VU;D1
1837;96787;Grimmia anodon;skedgrimmia;Art;67;Fjäll (F) - Stor betydelse, Skog (S) - Har betydelse;NT;D1
724;96790;Grimmia atrata;koppargrimmia;Art;60;Fjäll (F) - Stor betydelse;VU;D1
726;96792;Grimmia decipiens;kustgrimmia;Art;388;Jordbrukslandskap (J) - Stor betydelse;VU;C2a(i)
723;96800;Grimmia fuscolutea;alpgrimmia;Art;8;Fjäll (F) - Stor betydelse, Våtmark (V) - Stor betydelse;EN;D
728;96803;Grimmia laevigata;ullgrimmia;Art;615;Jordbrukslandskap (J) - Stor betydelse;NT;D1
2486;96806;Grimmia mollis;vattengrimmia;Art;65;Fjäll (F) - Stor betydelse, Våtmark (V) - Stor betydelse;NT;A3c
6329147;96809;Grimmia orbicularis;halvklotsgrimmia;Art;7;Jordbrukslandskap (J) - Har betydelse;VU;D1
729;96811;Grimmia plagiopodia;fågelgrimmia;Art;16;Fjäll (F) - Stor betydelse;EN;D
1762;96817;Grimmia tergestina;alvargrimmia;Art;185;Jordbrukslandskap (J) - Stor betydelse;VU;C2a(i)
2487;96822;Grimmia triformis;kortskaftad fjällgrimmia;Art;7;Fjäll (F) - Stor betydelse;VU;D1
2489;96823;Grimmia unicolor;trubbgrimmia;Art;259;Fjäll (F) - Har betydelse, Jordbrukslandskap (J) - Har betydelse, Skog (S) - Har betydelse, Våtmark (V) - Har betydelse;NT;C2a(i)
2514;96839;Racomitrium macounii;fjällraggmossa;Art;79;Fjäll (F) - Stor betydelse, Våtmark (V) - Stor betydelse, Skog (S) - Har betydelse;VU;A3c
217635;96847;Schistidium abrupticostatum;röd strandblommossa;Art;10;Fjäll (F) - Stor betydelse, Våtmark (V) - Stor betydelse;NT;D1
2472;96857;Schistidium confertum;dvärgblommossa;Art;86;Jordbrukslandskap (J) - Stor betydelse;NT;"B1a+2a; D1"
2457;96868;Schistidium frisvollianum;vårtblommossa;Art;11;Fjäll (F) - Stor betydelse;NT;D1
232909;96870;Schistidium helveticum;praktblommossa;Art;6;Jordbrukslandskap (J) - Stor betydelse;NT;D1
2475;96901;Schistidium venetum;fjällblommossa;Art;9;Fjäll (F) - Stor betydelse, Skog (S) - Har betydelse;NT;"B1a+2a; D1"
1327;96904;Ptychomitrium polyphyllum;atlantmossa;Art;2;Jordbrukslandskap (J) - Har betydelse, Skog (S) - Har betydelse;RE;
1481;96910;Blindiadelphus campylopodus;krokdvärgmossa;Art;44;Skog (S) - Stor betydelse;EN;D
1484;96914;Blindiadelphus subimmersus;nordisk dvärgmossa;Art;24;Fjäll (F) - Stor betydelse, Skog (S) - Har betydelse, Våtmark (V) - Har betydelse;VU;D1
1479;96918;Seligeria acutifolia;nåldvärgmossa;Art;198;Jordbrukslandskap (J) - Stor betydelse, Skog (S) - Har betydelse;NT;D1
1480;96920;Seligeria calcarea;mörk dvärgmossa;Art;40;Jordbrukslandskap (J) - Har betydelse, Skog (S) - Har betydelse, Urban miljö (U) - Har betydelse;EN;D
1607;96921;Seligeria carniolica;vimpelmossa;Art;89;Våtmark (V) - Stor betydelse, Havsstrand (H) - Har betydelse, Sötvatten (L) - Har betydelse;EN;D
1482;96923;Seligeria oelandica;trumpetdvärgmossa;Art;107;Fjäll (F) - Stor betydelse, Våtmark (V) - Stor betydelse, Havsstrand (H) - Har betydelse, Sötvatten (L) - Har betydelse;VU;D1
1483;96924;Seligeria patula;gotländsk dvärgmossa;Art;51;Skog (S) - Stor betydelse;EN;D
1485;96926;Seligeria tristichoides;kantdvärgmossa;Art;84;Fjäll (F) - Stor betydelse, Våtmark (V) - Stor betydelse, Skog (S) - Har betydelse, Sötvatten (L) - Har betydelse;NT;D1
233131;96936;Acaulon muticum;större pygmémossa;Art;284;Jordbrukslandskap (J) - Stor betydelse;NT;"B2b(iii); C2a(i)"
33;96939;Aloina aloides;smal toffelmossa;Art;62;Jordbrukslandskap (J) - Stor betydelse, Urban miljö (U) - Har betydelse;VU;"B1ab(iii)+2ab(iii); D1"
34;96940;Aloina ambigua;sydlig toffelmossa;Art;4;Jordbrukslandskap (J) - Stor betydelse;EN;D
1199;96952;Microbryum curvicollum;nickpottia;Art;216;Jordbrukslandskap (J) - Stor betydelse, Urban miljö (U) - Har betydelse;VU;C2a(i)
1200;96957;Microbryum floerkeanum;dvärgpottia;Art;142;Jordbrukslandskap (J) - Stor betydelse;VU;C2a(i)
1292;96959;Microbryum starckeanum;björnbärspottia;Art;15;Jordbrukslandskap (J) - Stor betydelse, Urban miljö (U) - Har betydelse;RE;
1326;96963;Pterygoneurum ovatum;stjärtmossa;Art;461;Jordbrukslandskap (J) - Stor betydelse, Urban miljö (U) - Har betydelse;NT;C2a(i)
1572;96972;Syntrichia laevipila;almskruvmossa;Art;223;Jordbrukslandskap (J) - Stor betydelse, Skog (S) - Har betydelse;EN;C2a(i)
1573;96977;Syntrichia princeps;stäppskruvmossa;Art;101;Havsstrand (H) - Stor betydelse, Jordbrukslandskap (J) - Har betydelse;NT;D1
523;96993;Tortula cernua;bågtuss;Art;17;Urban miljö (U) - Stor betydelse;CR;C2a(i)
524;96996;Tortula leucostoma;vittandad tuss;Art;19;Fjäll (F) - Stor betydelse;VU;D1
1846;96998;Tortula mucronifolia;torntuss;Art;67;Fjäll (F) - Har betydelse, Jordbrukslandskap (J) - Har betydelse, Urban miljö (U) - Har betydelse;VU;D1
525;97005;Tortula randii;strandtuss;Art;14;Havsstrand (H) - Stor betydelse, Våtmark (V) - Har betydelse;CR;C2a(i)
526;97010;Tortula systylia;lapptuss;Art;17;Fjäll (F) - Stor betydelse, Skog (S) - Har betydelse;VU;D1
181;97027;Bryoerythrophyllum alpigenum;stor fotmossa;Art;4;Fjäll (F) - Har betydelse, Skog (S) - Har betydelse, Våtmark (V) - Har betydelse;VU;D1
542;97037;Didymodon asperifolius;fjällansmossa;Art;10;Fjäll (F) - Stor betydelse, Våtmark (V) - Stor betydelse, Skog (S) - Har betydelse;VU;D1
543;97043;Didymodon glaucus;blå lansmossa;Art;18;Skog (S) - Stor betydelse;CR;D
545;97048;Didymodon luridus;kritlansmossa;Art;15;Jordbrukslandskap (J) - Stor betydelse;EN;D
546;97052;Didymodon sinuosus;skör lansmossa;Art;52;Skog (S) - Stor betydelse, Våtmark (V) - Har betydelse;EN;D
547;97053;Didymodon spadiceus;bäcklansmossa;Art;212;Skog (S) - Stor betydelse, Våtmark (V) - Stor betydelse, Jordbrukslandskap (J) - Har betydelse;VU;D1
618;97061;Ephemerum crassinervium;nervdagmossa;Art;5;Jordbrukslandskap (J) - Stor betydelse, Våtmark (V) - Stor betydelse;EN;"B1ab(iii)c(iv)+2ab(iii)c(iv); C2a(i)"
2230;97067;Eucladium verticillatum;tuffkuddmossa;Art;278;Jordbrukslandskap (J) - Stor betydelse, Våtmark (V) - Stor betydelse, Skog (S) - Har betydelse;VU;C2a(i)
746;97070;Gymnostomum calcareum;liten kalkkuddmossa;Art;36;Jordbrukslandskap (J) - Har betydelse, Skog (S) - Har betydelse;EN;D
752;97073;Gyroweisia tenuis;knattemossa;Art;107;Jordbrukslandskap (J) - Har betydelse, Skog (S) - Har betydelse, Urban miljö (U) - Har betydelse;NT;D1
1052;97083;Micromitrium tenerum;millimetermossa;Art;121;Våtmark (V) - Stor betydelse, Jordbrukslandskap (J) - Har betydelse, Skog (S) - Har betydelse;EN;C2a(i)
217190;97091;Pseudocrossidium obtusulum;kornrullmossa;Art;67;Jordbrukslandskap (J) - Stor betydelse;NT;C2a(i)
1310;97092;Pseudocrossidium revolutum;trubbig rullmossa;Art;38;Jordbrukslandskap (J) - Stor betydelse;EN;D
1252;97115;Tortella squarrosa;stäppmossa;Art;1;Jordbrukslandskap (J) - Stor betydelse;RE;
1602;97118;Tortella × cuspidatissima;arktisk lansettmossa;Hybrid;8;Fjäll (F) - Stor betydelse, Våtmark (V) - Har betydelse;EN;D
2231;97132;Weissia longifolia;citronkrusmossa;Art;264;Jordbrukslandskap (J) - Stor betydelse;NT;C2a(i)
1646;97133;Weissia perssonii;kustkrusmossa;Art;52;Havsstrand (H) - Stor betydelse, Jordbrukslandskap (J) - Har betydelse;NT;D1
1647;97134;Weissia rostellata;kortskaftad krusmossa;Art;17;Jordbrukslandskap (J) - Stor betydelse, Våtmark (V) - Har betydelse;VU;"B2ab(iii); C2a(i)"
1648;97135;Weissia rutilans;stor krusmossa;Art;49;Jordbrukslandskap (J) - Stor betydelse, Skog (S) - Har betydelse, Våtmark (V) - Har betydelse;NT;D1
1649;97136;Weissia squarrosa;spärrkrusmossa;Art;47;Jordbrukslandskap (J) - Stor betydelse;NT;D1
233247;97157;Encalypta brevipes;frostklockmossa;Art;6;Fjäll (F) - Stor betydelse;NT;D1
580;97161;Encalypta longicolla;halsklockmossa;Art;0;Fjäll (F) - Stor betydelse;VU;D1
581;97163;Encalypta mutica;trubbklockmossa;Art;355;Jordbrukslandskap (J) - Stor betydelse, Fjäll (F) - Har betydelse, Urban miljö (U) - Har betydelse;NT;C2a(i)
582;97168;Encalypta spathulata;hårklockmossa;Art;83;Jordbrukslandskap (J) - Har betydelse, Skog (S) - Har betydelse, Urban miljö (U) - Har betydelse;CR;C2a(i)
2251;97180;Entosthodon fascicularis;åkerkoppmossa;Art;262;Jordbrukslandskap (J) - Stor betydelse;VU;C2a(i)
588;97181;Entosthodon muhlenbergii;kalkkoppmossa;Art;313;Jordbrukslandskap (J) - Stor betydelse;NT;C2a(i)
614;97182;Entosthodon obtusus;hedkoppmossa;Art;79;Jordbrukslandskap (J) - Stor betydelse, Våtmark (V) - Stor betydelse;EN;C2a(i)
1233;97191;Physcomitrium patens;muddermossa;Art;160;Jordbrukslandskap (J) - Stor betydelse, Våtmark (V) - Stor betydelse;NT;C2a(i)
1234;97193;Physcomitrium sphaericum;klothuvmossa;Art;15;Våtmark (V) - Stor betydelse, Jordbrukslandskap (J) - Har betydelse;CR;B1ab(iii)c(iv)
1340;97195;Pyramidula tetragona;pyramidmossa;Art;40;Jordbrukslandskap (J) - Stor betydelse;RE;
2904;97206;Timmia sibirica;arktisk timmia;Art;2;Fjäll (F) - Stor betydelse;EN;D
1512;97219;Sphagnum angermanicum;spatelvitmossa;Art;167;Våtmark (V) - Stor betydelse;NT;D1
233357;97234;Sphagnum rubiginosum;lidvitmossa;Art;21;Skog (S) - Stor betydelse;VU;C2a(i)
759;97312;Haplomitrium hookeri;kurragömmamossa;Art;81;Våtmark (V) - Stor betydelse, Fjäll (F) - Har betydelse;NT;D1
52;97336;Orthocaulis cavifolius;fjälltrappmossa;Art;16;Fjäll (F) - Stor betydelse, Skog (S) - Har betydelse;NT;D1
51;97350;Anastrepta orcadensis;snedbladsmossa;Art;171;Skog (S) - Stor betydelse, Fjäll (F) - Har betydelse;NT;D1
6003745;97362;Anastrophyllum donnianum;prakttrappmossa;Art;7;Fjäll (F) - Stor betydelse;VU;D1
54;97365;Anastrophyllum michauxii;skogstrappmossa;Art;1122;Skog (S) - Stor betydelse;NT;C2a(i)
53;97374;Crossocalyx hellerianus;vedtrappmossa;Art;23082;Skog (S) - Stor betydelse;NT;A3c+4c
891;97376;Biantheridion undulifolium;kärröronmossa;Art;25;Våtmark (V) - Stor betydelse, Skog (S) - Har betydelse;RE;
291;97383;Fuscocephaloziopsis catenulata;stubbtrådmossa;Art;1102;Skog (S) - Stor betydelse;NT;C2a(i)
2583;97390;Fuscocephaloziopsis affinis;skogstrådmossa;Art;144;Skog (S) - Stor betydelse;NT;"A3c+4c; C2a(i)"
293;97400;Cephalozia macounii;vedtrådmossa;Art;178;Skog (S) - Stor betydelse;CR;C2a(i)
993;97420;Protolophozia elongata;kärrflikmossa;Art;30;Våtmark (V) - Stor betydelse, Fjäll (F) - Har betydelse;NT;"B2ab(iii); D1"
295;97422;Cephaloziella elachista;tornmikromossa;Art;68;Våtmark (V) - Stor betydelse;NT;D1
294;97445;Cephaloziella dentata;strandmikromossa;Art;18;Våtmark (V) - Stor betydelse;VU;"B1ab(iii)c(iv)+2ab(iii)c(iv); D1"
1842;97457;Lophoziopsis polaris;polarflikmossa;Art;24;Våtmark (V) - Stor betydelse, Fjäll (F) - Har betydelse, Skog (S) - Har betydelse;VU;"B2ab(iii); C2a(i)"
995;97460;Lophoziopsis pellucida;blek flikmossa;Art;6;Fjäll (F) - Stor betydelse, Skog (S) - Har betydelse, Våtmark (V) - Har betydelse;EN;D
990;97465;Lophozia ascendens;liten hornflikmossa;Art;1758;Skog (S) - Stor betydelse;VU;C2a(i)
1841;97469;Lophozia guttulata;vedflikmossa;Art;2383;Skog (S) - Stor betydelse;NT;A3c+4c
991;97494;Heterogemma capitata;strandflikmossa;Art;72;Våtmark (V) - Stor betydelse, Urban miljö (U) - Har betydelse;VU;"B2ab(iii); C2a(i)"
1606;97496;Tritomaria exsecta;skugglobmossa;Art;283;Skog (S) - Stor betydelse, Våtmark (V) - Stor betydelse;VU;C2a(i)
1452;97530;Scapania apiculata;timmerskapania;Art;777;Skog (S) - Stor betydelse, Våtmark (V) - Stor betydelse;VU;C2a(i)
1455;97534;Scapania carinthiaca;mikroskapania;Art;577;Skog (S) - Stor betydelse, Våtmark (V) - Stor betydelse;EN;C2a(i)
1844;97536;Scapania crassiretis;knutskapania;Art;45;Våtmark (V) - Stor betydelse, Fjäll (F) - Har betydelse, Skog (S) - Har betydelse;NT;"B2a; D1"
1453;97539;Scapania degenii;rikkärrsskapania;Art;186;Våtmark (V) - Stor betydelse;VU;C2a(i)
1845;97542;Scapania glaucocephala;svämskapania;Art;142;Skog (S) - Stor betydelse, Våtmark (V) - Stor betydelse;EN;C2a(i)
1454;97543;Scapania gracilis;blockskapania;Art;214;Skog (S) - Stor betydelse;VU;D1
2508;97552;Scapania kaurinii;skedskapania;Art;70;Fjäll (F) - Stor betydelse;NT;A3c
2516;97559;Scapania obscura;mörk skapania;Art;77;Fjäll (F) - Stor betydelse, Våtmark (V) - Stor betydelse, Sötvatten (L) - Har betydelse;NT;A3c
2534;97569;Scapania spitsbergensis;spetsbergsskapania;Art;93;Fjäll (F) - Stor betydelse, Skog (S) - Har betydelse;NT;"B2a; D1"
2504;97571;Scapania tundrae;tundraskapania;Art;38;Fjäll (F) - Stor betydelse, Våtmark (V) - Har betydelse;NT;D1
88;97591;Arnellia fennica;parbladsmossa;Art;90;Fjäll (F) - Stor betydelse, Skog (S) - Har betydelse;VU;D1
232;97598;Calypogeia suecica;vedsäckmossa;Art;1062;Skog (S) - Stor betydelse;VU;C2a(i)
231;97599;Calypogeia azurea;blå säckmossa;Art;842;Skog (S) - Stor betydelse;NT;C2a(i)
1021;97618;Gymnomitrion revolutum;blodrostmossa;Art;26;Fjäll (F) - Stor betydelse, Våtmark (V) - Stor betydelse;VU;D1
2438;97629;Marsupella apiculata;uddfrostmossa;Art;307;Fjäll (F) - Stor betydelse, Våtmark (V) - Stor betydelse;VU;A3c
2401;97632;Marsupella arctica;arktisk rostmossa;Art;6;Fjäll (F) - Stor betydelse, Våtmark (V) - Stor betydelse, Sötvatten (L) - Har betydelse;EN;D
2415;97633;Marsupella boeckii;trådrostmossa;Art;219;Fjäll (F) - Stor betydelse, Våtmark (V) - Har betydelse;VU;A3c
2419;97638;Marsupella condensata;maskrostmossa;Art;254;Fjäll (F) - Stor betydelse, Våtmark (V) - Har betydelse;VU;A3c
2405;97643;Marsupella funckii;stigrostmossa;Art;366;Skog (S) - Stor betydelse;VU;C2a(i)
761;97666;Harpanthus scutatus;liten måntandsmossa;Art;145;Skog (S) - Stor betydelse, Våtmark (V) - Har betydelse;EN;"B2ab(iii); C2a(i)"
1838;97741;Kurzia sylvatica;sydlig fingerfliksmossa;Art;9;Skog (S) - Stor betydelse, Våtmark (V) - Har betydelse;VU;"B1ab(iii)+2ab(iii); D1"
1839;97745;Lepidozia pearsonii;piskfingermossa;Art;31;Skog (S) - Stor betydelse;VU;C2a(i)
1590;97792;Trichocolea tomentella;dunmossa;Art;3267;Skog (S) - Stor betydelse, Våtmark (V) - Stor betydelse;NT;A3c+4c
662;97804;Frullania austinii;pälsfrullania;Art;180;Skog (S) - Stor betydelse, Våtmark (V) - Har betydelse;VU;"B2ab(iii); D1"
663;97805;Frullania oakesiana;värmlandsfrullania;Art;65;Skog (S) - Stor betydelse, Våtmark (V) - Har betydelse;EN;"B1ab(iii); D"
398;97818;Cololejeunea calcarea;spindelmossa;Art;207;Skog (S) - Stor betydelse, Våtmark (V) - Har betydelse;NT;D1
1272;97832;Porella arboris-vitae;pepparporella;Art;255;Skog (S) - Stor betydelse;VU;D1
487;97850;Aneura mirabilis;huldremossa;Art;58;Skog (S) - Stor betydelse, Våtmark (V) - Har betydelse;VU;C2a(i)
2617;97860;Riccardia multifida;flikbålmossa;Art;931;Våtmark (V) - Stor betydelse, Skog (S) - Har betydelse;NT;C2a(i)
80;97864;Metzgeria pubescens;luden bandmossa;Art;36;Skog (S) - Stor betydelse;CR;D
1040;97867;Metzgeria conjugata;stor bandmossa;Art;437;Skog (S) - Stor betydelse;NT;D1
660;97877;Fossombronia incurva;sandbronia;Art;22;Havsstrand (H) - Stor betydelse, Jordbrukslandskap (J) - Har betydelse, Urban miljö (U) - Har betydelse, Våtmark (V) - Har betydelse;VU;B2ab(iii)c(iv)
661;97880;Fossombronia pusilla;sydlig bronia;Art;40;Jordbrukslandskap (J) - Stor betydelse;RE;
2623;97889;Pseudomoerckia blyttii;fjällmörkia;Art;255;Fjäll (F) - Stor betydelse, Skog (S) - Har betydelse, Våtmark (V) - Har betydelse;VU;A3c
1149;97892;Pallavicinia lyellii;hedbålmossa;Art;21;Skog (S) - Stor betydelse, Våtmark (V) - Stor betydelse;CR;B1ab(iii)c(iv)
259206;97918;Mannia triandra;klippklotmossa;Art;34;Skog (S) - Stor betydelse;CR;D
2631;97923;Asterella lindenbergiana;stor skägglungmossa;Art;167;Fjäll (F) - Stor betydelse;NT;C2a(i)
233220;97936;Conocephalum conicum s.str.;slät rutlungmossa;Art;687;Skog (S) - Stor betydelse, Våtmark (V) - Stor betydelse;NT;D1
2650;97961;Riccia bifurca;strandrosettmossa;Art;239;Jordbrukslandskap (J) - Stor betydelse, Havsstrand (H) - Har betydelse, Våtmark (V) - Har betydelse;NT;C2a(i)
1384;97966;Riccia ciliata;hår-rosettmossa;Art;80;Jordbrukslandskap (J) - Stor betydelse;VU;"B1ab(iii)+2ab(iii); D1"
1385;97970;Riccia ciliifera;stäpprosettmossa;Art;136;Jordbrukslandskap (J) - Stor betydelse;VU;C2a(i)
1386;97976;Riccia gothica;kalkrosettmossa;Art;55;Jordbrukslandskap (J) - Stor betydelse, Urban miljö (U) - Har betydelse;VU;C2a(i)
1387;97977;Riccia huebeneriana;röd gaffelmossa;Art;133;Jordbrukslandskap (J) - Stor betydelse, Våtmark (V) - Stor betydelse, Skog (S) - Har betydelse;VU;"B2ab(iii)c(iv); C2a(i)"
1388;97981;Riccia warnstorfii;dvärgrosettmossa;Art;98;Jordbrukslandskap (J) - Stor betydelse;EN;C2a(i)
1895;97996;Lycopodiella inundata;strandlummer;Art;5326;Våtmark (V) - Stor betydelse, Sötvatten (L) - Har betydelse, Urban miljö (U) - Har betydelse;NT;A2b
552;98008;Lycopodium tristachyum;cypresslummer;Art;1259;Jordbrukslandskap (J) - Stor betydelse, Skog (S) - Stor betydelse;EN°;A2abc
221940;98009;Lycopodium zeilleri;mellanlummer;Art;1401;Skog (S) - Stor betydelse, Jordbrukslandskap (J) - Har betydelse;NT°;
224094;98042;Equisetum × moorei;gotlandsfräken;Art;23;Havsstrand (H) - Stor betydelse, Skog (S) - Stor betydelse, Våtmark (V) - Har betydelse;RE;
621;98049;Equisetum telmateia;jättefräken;Art;359;Jordbrukslandskap (J) - Stor betydelse, Våtmark (V) - Har betydelse;CR;D
164;98065;Botrychium boreale;nordlåsbräken;Art;1971;Fjäll (F) - Stor betydelse, Jordbrukslandskap (J) - Stor betydelse, Havsstrand (H) - Har betydelse;NT;C2a(i)
222112;98066;Botrychium lunaria;månlåsbräken;Art;17553;Jordbrukslandskap (J) - Stor betydelse, Fjäll (F) - Har betydelse, Urban miljö (U) - Har betydelse;NT;A2bc+4abc
165;98069;Botrychium lanceolatum;topplåsbräken;Art;2592;Jordbrukslandskap (J) - Stor betydelse, Fjäll (F) - Har betydelse, Skog (S) - Har betydelse, Urban miljö (U) - Har betydelse;VU°;A2bc
166;98070;Botrychium matricariifolium;rutlåsbräken;Art;1760;Jordbrukslandskap (J) - Stor betydelse, Skog (S) - Har betydelse, Urban miljö (U) - Har betydelse;EN;A2b
167;98072;Botrychium multifidum;höstlåsbräken;Art;4421;Jordbrukslandskap (J) - Stor betydelse, Skog (S) - Har betydelse, Urban miljö (U) - Har betydelse;NT;A2bc+4abc
168;98074;Botrychium simplex;dvärglåsbräken;Art;0;Jordbrukslandskap (J) - Stor betydelse, Havsstrand (H) - Har betydelse, Urban miljö (U) - Har betydelse;CR;C1
264287;98076;Botrychium tenebrosum;pysslinglåsbräken;Art;0;Havsstrand (H) - Stor betydelse, Jordbrukslandskap (J) - Stor betydelse, Skog (S) - Har betydelse;CR;C1
169;98078;Botrychium virginianum;stor låsbräken;Art;1648;Skog (S) - Stor betydelse;VU;C2a(i)
1241;98107;Pilularia globulifera;klotgräs;Art;2929;Sötvatten (L) - Stor betydelse, Jordbrukslandskap (J) - Har betydelse, Urban miljö (U) - Har betydelse, Våtmark (V) - Har betydelse;VU;A2b
509;98148;Cystopteris alpina;alpstenbräken;Art;274;Fjäll (F) - Stor betydelse;NT;D1
744;98159;Gymnocarpium robertianum;kalkbräken;Art;1642;Skog (S) - Stor betydelse, Jordbrukslandskap (J) - Har betydelse, Urban miljö (U) - Har betydelse;NT;"A2b; B2b(iii,v)"
110;98165;Asplenium adiantum-nigrum;glansbräken;Art;713;Havsstrand (H) - Stor betydelse, Jordbrukslandskap (J) - Har betydelse, Skog (S) - Har betydelse;NT;D1
111;98166;Asplenium adulterinum;brunbräken;Art;0;Skog (S) - Stor betydelse;VU;D1
304;98167;Asplenium ceterach;mjältbräken;Art;0;Skog (S) - Stor betydelse, Jordbrukslandskap (J) - Har betydelse, Urban miljö (U) - Har betydelse;CR;D
1228;98170;Asplenium scolopendrium;hjorttunga;Art;0;Havsstrand (H) - Har betydelse, Jordbrukslandskap (J) - Har betydelse, Urban miljö (U) - Har betydelse;CR;"C2a(i); D"
118;98218;Diplazium sibiricum;ryssbräken;Art;147;Skog (S) - Stor betydelse;VU;D2
264821;98224;Dryopteris affinis;raggträjon;Art;1;Skog (S) - Stor betydelse;CR;D
1268;98248;Polystichum aculeatum;uddbräken;Art;702;Skog (S) - Stor betydelse;VU;D1
1269;98249;Polystichum braunii;skuggbräken;Art;0;Skog (S) - Stor betydelse;CR;D
262707;98265;Polypodium interjectum;dansk stensöta;Art;184;Jordbrukslandskap (J) - Stor betydelse, Skog (S) - Stor betydelse;EN;D
1899;98461;Nymphaea alba subsp. occidentalis;atlantnäckros;Underart;49;Sötvatten (L) - Stor betydelse;EN;D
1860;98503;Aristolochia clematitis;hålrot;Art;681;Urban miljö (U) - Stor betydelse, Jordbrukslandskap (J) - Har betydelse;EN;B2ab(iii,iv)
106;98551;Arum cylindraceum;munkhätta;Art;66;Skog (S) - Stor betydelse;RE;
6002733;98640;Wolffia arrhiza;dvärgandmat;Art;94;Sötvatten (L) - Stor betydelse;VU;D2
28;98662;Alisma gramineum;grässvalting;Art;7;Sötvatten (L) - Stor betydelse;RE;
30;98666;Alisma wahlenbergii;småsvalting;Art;1686;Sötvatten (L) - Stor betydelse, Brackvatten (B) - Har betydelse;NT;B2a
140;98686;Baldellia repens;revsvalting;Art;648;Sötvatten (L) - Stor betydelse, Jordbrukslandskap (J) - Har betydelse, Våtmark (V) - Har betydelse;VU;D2
1001;98699;Luronium natans;flytsvalting;Art;414;Sötvatten (L) - Stor betydelse;EN;B1ab(iii,iv)+2ab(iii,iv)
219606;98711;Sagittaria sagittifolia;pilblad;Art;7697;Sötvatten (L) - Stor betydelse, Havsstrand (H) - Har betydelse;NT;A2bc
1077;98746;Najas flexilis;sjönajas;Art;555;Sötvatten (L) - Stor betydelse;VU;B2ab(iii,iv,v)
1956;98796;Zostera angustifolia;smalt ålgräs;Art;130;Marin miljö (M) - Stor betydelse;EN;"B1ab(ii,iii,iv,v)+2ab(ii,iii,iv,v); C1"
219616;98798;Zostera marina;ålgräs;Art;18192;Brackvatten (B) - Stor betydelse, Marin miljö (M) - Stor betydelse;NT;A2b
1683;98799;Zostera noltii;dvärgålgräs;Art;521;Marin miljö (M) - Stor betydelse;VU;"A2b; B2ab(ii,iii,v)"
732;98802;Groenlandia densa;tätnate;Art;5;Sötvatten (L) - Stor betydelse;RE;
1281;98804;Potamogeton acutifolius;spetsnate;Art;1013;Sötvatten (L) - Stor betydelse, Jordbrukslandskap (J) - Har betydelse;VU;"A2ab; B2ab(ii,iii,v)"
1282;98817;Potamogeton coloratus;källnate;Art;814;Sötvatten (L) - Stor betydelse, Jordbrukslandskap (J) - Har betydelse, Våtmark (V) - Har betydelse;VU;B1ab(v)+2ab(v)
1903;98818;Potamogeton compressus;bandnate;Art;2703;Sötvatten (L) - Stor betydelse;VU;A2b+4ab
1904;98834;Potamogeton friesii;uddnate;Art;2434;Sötvatten (L) - Stor betydelse;NT;"A2b; B2ab(ii,iii,v)"
1283;98873;Potamogeton rutilus;styvnate;Art;778;Sötvatten (L) - Stor betydelse;VU;B2ab(ii,iii,v)
1284;98889;Potamogeton trichoides;knölnate;Art;350;Sötvatten (L) - Stor betydelse, Urban miljö (U) - Stor betydelse, Jordbrukslandskap (J) - Har betydelse;EN;B1ab(ii,iii,v)+2ab(ii,iii,v)
1905;98906;Stuckenia vaginata;slidnate;Art;613;Brackvatten (B) - Stor betydelse, Sötvatten (L) - Har betydelse;NT;B2ab(iii,v)
235035;98982;Gagea pomeranica;pommersk vårlök;Art;202;Jordbrukslandskap (J) - Stor betydelse, Urban miljö (U) - Har betydelse;NT;"B1a+2a; D1"
668;98985;Gagea villosa;luddvårlök;Art;1862;Urban miljö (U) - Stor betydelse, Jordbrukslandskap (J) - Har betydelse;NT;B2a
1718;99020;Anacamptis palustris;kärrnycklar;Art;0;Jordbrukslandskap (J) - Stor betydelse, Våtmark (V) - Stor betydelse;VU;C2a(i)
233;99023;Calypso bulbosa;norna;Art;5689;Skog (S) - Stor betydelse;VU;A2b
289;99025;Cephalanthera damasonium;stor skogslilja;Art;0;Jordbrukslandskap (J) - Stor betydelse, Skog (S) - Stor betydelse;EN°;A2ab
290;99027;Cephalanthera rubra;röd skogslilja;Art;4612;Skog (S) - Stor betydelse;NT;B2ab(ii,iii)
222411;99059;Dactylorhiza majalis subsp. baltica;baltnycklar;Underart;287;Jordbrukslandskap (J) - Stor betydelse, Urban miljö (U) - Stor betydelse, Havsstrand (H) - Har betydelse, Våtmark (V) - Har betydelse;CR;D
6002893;99061;Dactylorhiza majalis subsp. elatior;gotlandsnycklar;Underart;0;Jordbrukslandskap (J) - Stor betydelse, Våtmark (V) - Stor betydelse;EN;"C2a(i); D"
264959;99062;Dactylorhiza majalis subsp. integrata;englandsnycklar;Underart;86;Jordbrukslandskap (J) - Stor betydelse, Urban miljö (U) - Stor betydelse, Våtmark (V) - Har betydelse;VU;D2
514;99068;Dactylorhiza majalis subsp. majalis;majnycklar;Underart;1927;Jordbrukslandskap (J) - Stor betydelse, Våtmark (V) - Har betydelse;NT;A2b
219792;99075;Dactylorhiza sambucina;Adam och Eva;Art;7662;Jordbrukslandskap (J) - Stor betydelse;NT;A2ab+4ab
619;99120;Epipactis phyllanthes;kal knipprot;Art;0;Skog (S) - Stor betydelse, Havsstrand (H) - Har betydelse;CR;A2ab
6031493;99121;Epipactis phyllanthes subsp. arenaria;sandknipprot;Underart;0;Havsstrand (H) - Stor betydelse, Skog (S) - Stor betydelse;CR;"A2ab; C1+2a(i)"
6031495;99122;Epipactis phyllanthes subsp. confusa;dansk knipprot;Underart;0;Skog (S) - Stor betydelse;CR;C2a(i)
6031494;99123;Epipactis phyllanthes subsp. pendula;engelsk knipprot;Underart;0;Skog (S) - Stor betydelse;CR;"A2ab; C1+2a(i)"
620;99132;Epipogium aphyllum;skogsfru;Art;2043;Skog (S) - Stor betydelse;NT;"A2b; C2a(i)"
220787;99134;Goodyera repens;knärot;Art;117207;Skog (S) - Stor betydelse;VU;A2abc+4abc
1085;99139;Gymnadenia nigra;brunkulla;Art;0;Jordbrukslandskap (J) - Stor betydelse, Våtmark (V) - Har betydelse;EN;A2ab
742;99140;Gymnadenia odoratissima;luktsporre;Art;2102;Jordbrukslandskap (J) - Stor betydelse, Våtmark (V) - Stor betydelse;NT;"B2ab(iii,v); C2a(i)"
743;99141;Gymnadenia runei;brudkulla;Art;0;Fjäll (F) - Stor betydelse;NT;D2
770;99146;Herminium monorchis;honungsblomster;Art;7116;Jordbrukslandskap (J) - Stor betydelse, Våtmark (V) - Stor betydelse;VU°;A2ab
980;99148;Liparis loeselii;gulyxne;Art;9556;Våtmark (V) - Stor betydelse, Jordbrukslandskap (J) - Har betydelse;VU;A3c
1056;99150;Malaxis monophyllos;knottblomster;Art;1918;Våtmark (V) - Stor betydelse, Skog (S) - Har betydelse;VU°;A2ab
264979;99160;Ophrys apifera;biblomster;Art;0;Jordbrukslandskap (J) - Stor betydelse, Urban miljö (U) - Har betydelse;CR;D
1122;99166;Orchis spitzelii;alpnycklar;Art;0;Skog (S) - Stor betydelse, Jordbrukslandskap (J) - Har betydelse;EN;"A2ab; C1+2a(i)"
223619;99170;Platanthera bifolia subsp. bifolia;ängsnattviol;Underart;3871;Jordbrukslandskap (J) - Stor betydelse, Våtmark (V) - Har betydelse;NT;A2bc
1248;99175;Platanthera obtusata;lappfela;Art;0;Fjäll (F) - Stor betydelse;CR;D
975;99181;Pseudorchis albida;vityxne;Art;0;Jordbrukslandskap (J) - Stor betydelse, Skog (S) - Har betydelse;VU°;"B2a; D1"
888;99256;Iris spuria;dansk iris;Art;415;Havsstrand (H) - Stor betydelse;VU;D2
31;99297;Allium carinatum;rosenlök;Art;750;Jordbrukslandskap (J) - Stor betydelse, Urban miljö (U) - Stor betydelse, Havsstrand (H) - Har betydelse;NT;B2a
32;99310;Allium lineare;klipplök;Art;1687;Jordbrukslandskap (J) - Stor betydelse;EN;"A2ab; B1ab(iii,v)+2ab(iii,v); C2a(i)"
1850;99311;Allium lusitanicum;kantlök;Art;722;Skog (S) - Stor betydelse, Jordbrukslandskap (J) - Har betydelse, Urban miljö (U) - Har betydelse;EN;B1ab(ii,iii,v)+2ab(ii,iii,v)
61;99394;Anthericum liliago;stor sandlilja;Art;2204;Jordbrukslandskap (J) - Stor betydelse, Skog (S) - Har betydelse;VU°;B2a
222685;99580;Sparganium gramineum;flotagräs;Art;3431;Sötvatten (L) - Stor betydelse;VU;A2b
892;99625;Juncus anceps;svarttåg;Art;193;Jordbrukslandskap (J) - Stor betydelse, Våtmark (V) - Stor betydelse;CR;"B1ab(iv,v)+2ab(iv,v); C1+2a(i,ii); D"
893;99640;Juncus capitatus;huvudtåg;Art;967;Jordbrukslandskap (J) - Stor betydelse, Havsstrand (H) - Har betydelse, Urban miljö (U) - Har betydelse, Våtmark (V) - Har betydelse;EN;B2ab(ii,iii,iv,v)
235011;99651;Juncus foliosus;strimtåg;Art;118;Våtmark (V) - Stor betydelse, Sötvatten (L) - Har betydelse;VU;D1
222539;99660;Juncus pygmaeus;dvärgtåg;Art;2;Jordbrukslandskap (J) - Stor betydelse, Våtmark (V) - Har betydelse;RE;
222541;99662;Juncus squarrosus;borsttåg;Art;6695;Jordbrukslandskap (J) - Stor betydelse, Urban miljö (U) - Har betydelse, Våtmark (V) - Har betydelse;NT;A2b
222571;99693;Luzula divulgata;backfryle;Art;425;Jordbrukslandskap (J) - Stor betydelse, Skog (S) - Stor betydelse;NT;B2a
1002;99701;Luzula nivalis;snöfryle;Art;274;Fjäll (F) - Stor betydelse;NT;B2a
1005;99710;Luzula sylvatica;storfryle;Art;617;Skog (S) - Stor betydelse, Urban miljö (U) - Stor betydelse;VU;D2
222738;99722;Blysmus compressus;plattsäv;Art;4601;Jordbrukslandskap (J) - Stor betydelse, Våtmark (V) - Stor betydelse, Havsstrand (H) - Har betydelse;VU;A2bc
222237;99723;Blysmus rufus;rödsäv;Art;3035;Havsstrand (H) - Stor betydelse, Jordbrukslandskap (J) - Har betydelse, Våtmark (V) - Har betydelse;VU;A2bc
256;99741;Carex atherodes;finnstarr;Art;106;Våtmark (V) - Stor betydelse, Skog (S) - Har betydelse;VU;D2
258;99746;Carex bicolor;brokstarr;Art;584;Fjäll (F) - Stor betydelse;VU;B2ab(ii,iii,iv,v)
222295;99770;Carex caryophyllea;vårstarr;Art;14126;Jordbrukslandskap (J) - Stor betydelse;NT;A2b
222309;99797;Carex ericetorum;backstarr;Art;6115;Jordbrukslandskap (J) - Stor betydelse;NT;A2b
222315;99808;Carex glareosa;klapperstarr;Art;1488;Havsstrand (H) - Stor betydelse, Jordbrukslandskap (J) - Har betydelse;VU;"A2bc+4ab; B2ab(i,ii,iii,v)"
259;99815;Carex hartmaniorum;hartmansstarr;Art;4073;Jordbrukslandskap (J) - Stor betydelse, Våtmark (V) - Har betydelse;VU°;B2ab(iii,v)
260;99816;Carex heleonastes;myrstarr;Art;1463;Våtmark (V) - Stor betydelse, Jordbrukslandskap (J) - Har betydelse, Skog (S) - Har betydelse;VU;B2ab(i,ii,iii,v)
261;99818;Carex holostoma;kolstarr;Art;298;Fjäll (F) - Stor betydelse;NT;"B1a+2a; D2"
222322;99819;Carex hostiana;ängsstarr;Art;14598;Jordbrukslandskap (J) - Stor betydelse, Våtmark (V) - Stor betydelse, Havsstrand (H) - Har betydelse;NT;A2bc+4abc
263;99845;Carex maritima;bågstarr;Art;715;Havsstrand (H) - Stor betydelse, Fjäll (F) - Har betydelse, Urban miljö (U) - Har betydelse;VU;B2ab(ii,iii,v)
264;99855;Carex nardina;staggstarr;Art;352;Fjäll (F) - Stor betydelse;NT;B2a
265;99867;Carex obtusata;trubbstarr;Art;1318;Jordbrukslandskap (J) - Stor betydelse;VU;B2ab(ii,iii,v)
266;99877;Carex paleacea;strandstarr;Art;1500;Brackvatten (B) - Stor betydelse, Havsstrand (H) - Stor betydelse;NT;B2ab(iii,v)
1866;99879;Carex pallidula;åsstarr;Art;689;Skog (S) - Stor betydelse, Jordbrukslandskap (J) - Har betydelse;NT;B2a
222356;99885;Carex pediformis;frösöstarr;Art;681;Jordbrukslandskap (J) - Stor betydelse, Skog (S) - Stor betydelse, Urban miljö (U) - Har betydelse;VU;B2ab(iii,v)
248968;99892;Carex praecox;rysstarr;Art;149;Jordbrukslandskap (J) - Stor betydelse, Havsstrand (H) - Har betydelse;VU;D2
222361;99895;Carex pulicaris;loppstarr;Art;11609;Jordbrukslandskap (J) - Stor betydelse, Våtmark (V) - Stor betydelse, Havsstrand (H) - Har betydelse, Skog (S) - Har betydelse;NT;A2bc
268;99896;Carex punctata;prickstarr;Art;490;Havsstrand (H) - Stor betydelse;VU;B1ab(v)+2ab(v)
269;99900;Carex rhynchophysa;älvstarr;Art;781;Våtmark (V) - Stor betydelse, Skog (S) - Har betydelse, Sötvatten (L) - Har betydelse;NT;B2a
222369;99907;Carex rufina;dvärgstarr;Art;497;Fjäll (F) - Stor betydelse, Våtmark (V) - Stor betydelse;NT;"A3bc; B2ab(iii,v)"
271;99930;Carex vacillans;saltstarr;Art;1221;Havsstrand (H) - Stor betydelse;NT;B1ab(iii,v)+2ab(iii,v)
497;100116;Cyperus fuscus;dvärgag;Art;400;Sötvatten (L) - Stor betydelse, Våtmark (V) - Stor betydelse, Jordbrukslandskap (J) - Har betydelse;CR;D
1463;100174;Isolepis fluitans;flytsäv;Art;1188;Sötvatten (L) - Stor betydelse, Jordbrukslandskap (J) - Har betydelse;NT°;
1465;100176;Isolepis setacea;borstsäv;Art;2081;Jordbrukslandskap (J) - Stor betydelse, Havsstrand (H) - Har betydelse, Sötvatten (L) - Har betydelse, Urban miljö (U) - Har betydelse, Våtmark (V) - Har betydelse;EN;B2ab(iii,iv,v)
222654;100180;Rhynchospora fusca;brunag;Art;4031;Våtmark (V) - Stor betydelse;NT;A2b
1464;100194;Scirpus radicans;bågsäv;Art;760;Jordbrukslandskap (J) - Stor betydelse, Våtmark (V) - Stor betydelse, Sötvatten (L) - Har betydelse;NT;B2a
16;100259;Aira caryophyllea;vittåtel;Art;3466;Jordbrukslandskap (J) - Stor betydelse, Urban miljö (U) - Har betydelse;NT°;A2ab
1851;100275;Alopecurus pratensis subsp. alpestris;fjällkavle;Underart;106;Fjäll (F) - Stor betydelse, Jordbrukslandskap (J) - Stor betydelse, Våtmark (V) - Har betydelse;NT;B1ab(ii,iii,v)+2ab(ii,iii,v)
1856;100308;Apera interrupta;alvarkösa;Art;524;Jordbrukslandskap (J) - Stor betydelse;NT;"B2ab(v); D1"
222223;100309;Apera spica-venti;kösa;Art;5922;Jordbrukslandskap (J) - Stor betydelse, Urban miljö (U) - Har betydelse;NT;A2b
83;100313;Arctophila fulva;hänggräs;Art;639;Havsstrand (H) - Stor betydelse, Sötvatten (L) - Stor betydelse, Våtmark (V) - Stor betydelse;VU;"B1ab(i,ii,iii,v)+2ab(i,ii,iii,v); D2"
123;100338;Avena strigosa;purrhavre;Art;411;Jordbrukslandskap (J) - Stor betydelse, Urban miljö (U) - Har betydelse;RE;
178;100369;Bromopsis ramosa;skugglosta;Art;1565;Skog (S) - Stor betydelse;NT;B2ab(iii,v)
173;100372;Bromus arvensis;renlosta;Art;2835;Jordbrukslandskap (J) - Stor betydelse, Urban miljö (U) - Har betydelse;EN°;A2b
175;100376;Bromus commutatus;brinklosta;Art;783;Jordbrukslandskap (J) - Stor betydelse, Urban miljö (U) - Har betydelse;EN°;A2b
1863;100389;Bromus pseudosecalinus;spädlosta;Art;46;Jordbrukslandskap (J) - Stor betydelse;CR;"B1ab(v)+2ab(v); C2a(i,ii); D"
177;100390;Bromus racemosus;ängslosta;Art;648;Jordbrukslandskap (J) - Stor betydelse;EN;B1ab(iii,iv,v)c(iv)+2ab(iii,iv,v)c(iv)
179;100392;Bromus secalinus;råglosta;Art;2778;Jordbrukslandskap (J) - Stor betydelse, Urban miljö (U) - Har betydelse;EN;B2ab(ii,iii,iv,v)c(i,iii,iv)
273;100424;Catabrosa aquatica;källgräs;Art;2536;Jordbrukslandskap (J) - Stor betydelse, Våtmark (V) - Stor betydelse, Havsstrand (H) - Har betydelse;VU;B2ab(ii,iii,v)
345;100453;Cinna latifolia;sötgräs;Art;2000;Skog (S) - Stor betydelse;NT°;A2ab
224698;100476;Dactylis polygama;lundäxing;Art;1137;Skog (S) - Stor betydelse, Urban miljö (U) - Har betydelse;EN;C2a(i)
522;100491;Deschampsia setacea;sjötåtel;Art;3376;Jordbrukslandskap (J) - Stor betydelse, Våtmark (V) - Stor betydelse, Sötvatten (L) - Har betydelse;VU;B2ab(iii,v)
643;100510;Drymochloa sylvatica;skogssvingel;Art;2914;Skog (S) - Stor betydelse;NT;B2ab(iii,v)
222473;100610;Festuca arenaria;gråsvingel;Art;779;Havsstrand (H) - Stor betydelse, Jordbrukslandskap (J) - Stor betydelse, Urban miljö (U) - Har betydelse;NT;"A2b; B2ab(ii,iii,iv,v)"
221660;100648;Glyceria declinata;blågrönt mannagräs;Art;2597;Jordbrukslandskap (J) - Stor betydelse, Våtmark (V) - Stor betydelse;VU;A2bc
718;100651;Glyceria lithuanica;glesgröe;Art;831;Skog (S) - Stor betydelse;VU;B2ab(ii,iii,v)
783;100682;Hordelymus europaeus;skogskorn;Art;3508;Skog (S) - Stor betydelse;VU;B2ab(iii,v)
784;100699;Hordeum secalinum;ängskorn;Art;426;Jordbrukslandskap (J) - Stor betydelse, Havsstrand (H) - Har betydelse;EN°;"B1ac(iv)+2ac(iv); D2"
1888;100710;Koeleria glauca;tofsäxing;Art;2756;Jordbrukslandskap (J) - Stor betydelse, Urban miljö (U) - Har betydelse;EN;"A2ab; B2ab(iii,v)"
904;100711;Koeleria grandis;stor tofsäxing;Art;194;Jordbrukslandskap (J) - Stor betydelse;CR;"B1ab(v)+2ab(v); C2a(i,ii); D"
935;100719;Leersia oryzoides;vildris;Art;3451;Sötvatten (L) - Stor betydelse, Våtmark (V) - Har betydelse;VU;A2b
988;100733;Lolium remotum;linrepe;Art;490;Jordbrukslandskap (J) - Stor betydelse;RE;
989;100738;Lolium temulentum;dårrepe;Art;729;Jordbrukslandskap (J) - Stor betydelse, Urban miljö (U) - Har betydelse;RE;
222588;100755;Milium vernale;sandbrodd;Art;509;Jordbrukslandskap (J) - Stor betydelse;VU;D2
1160;100788;Parapholis strigosa;ormax;Art;403;Havsstrand (H) - Stor betydelse, Jordbrukslandskap (J) - Stor betydelse;VU;B1ab(ii,iv,v)c(iv)+2ab(ii,iv,v)c(iv)
220995;100806;Phippsia algida;lappsnögräs;Art;530;Fjäll (F) - Stor betydelse, Våtmark (V) - Stor betydelse;NT;B2ab(i,ii,iii,iv,v)
1207;100807;Phippsia concinna;dovresnögräs;Art;168;Fjäll (F) - Stor betydelse, Våtmark (V) - Stor betydelse;EN;B1ab(ii,iii)+2ab(ii,iii)
1900;100811;Phleum arenarium;sandtimotej;Art;2553;Jordbrukslandskap (J) - Stor betydelse, Havsstrand (H) - Har betydelse, Urban miljö (U) - Har betydelse;NT°;
222617;100814;Phleum phleoides;flentimotej;Art;8126;Jordbrukslandskap (J) - Stor betydelse;NT;A2b
222622;100857;Poa × herjedalica;härjedalsgröe;Art;290;Fjäll (F) - Stor betydelse;NT;"A3bc; B2ab(iii,v)"
222623;100858;Poa × jemtlandica;jämtlandsgröe;Art;179;Fjäll (F) - Stor betydelse;NT;"A3bc; B2ab(iii,v)"
1256;100872;Poa remota;storgröe;Art;3517;Skog (S) - Stor betydelse, Våtmark (V) - Har betydelse;NT;B2ab(iii,v)
264414;100912;Puccinellia nutkaënsis;nordsaltgräs;Art;24;Fjäll (F) - Stor betydelse;EN;D
1471;100958;Scolochloa festucacea;kasgräs;Art;862;Jordbrukslandskap (J) - Stor betydelse, Sötvatten (L) - Stor betydelse, Våtmark (V) - Stor betydelse;VU;"B1ab(ii,iii,iv,v)+2ab(ii,iii,iv,v); C2a(i)"
1936;100975;Setaria viridis;kavelhirs;Art;6458;Jordbrukslandskap (J) - Stor betydelse, Urban miljö (U) - Stor betydelse;NT;A2b
1537;101000;Stipa pennata;fjädergräs;Art;477;Jordbrukslandskap (J) - Stor betydelse;EN°;D1+2
1605;101019;Trisetum subalpestre;venhavre;Art;272;Våtmark (V) - Stor betydelse, Sötvatten (L) - Har betydelse;NT;B2a
1671;101039;Vulpia bromoides;ekorrsvingel;Art;972;Jordbrukslandskap (J) - Stor betydelse, Urban miljö (U) - Har betydelse;VU;B2ac(iv)
222815;101096;Corydalis cava;hålnunneört;Art;3062;Skog (S) - Stor betydelse, Jordbrukslandskap (J) - Har betydelse, Urban miljö (U) - Har betydelse;NT;A2bc+4abc
475;101097;Corydalis gotlandica;gotländsk nunneört;Art;811;Jordbrukslandskap (J) - Stor betydelse, Urban miljö (U) - Har betydelse;NT;D2
712;101138;Glaucium flavum;strandvallmo;Art;904;Havsstrand (H) - Stor betydelse;VU;B1ab(iii,v)+2ab(iii,v)
1158;101178;Papaver radicatum;fjällvallmo;Art;403;Fjäll (F) - Stor betydelse;NT;"B2a; D1"
1157;101179;Papaver radicatum subsp. laestadianum;laestadiusvallmo;Underart;134;Fjäll (F) - Stor betydelse;VU;D1+2
224906;101180;Papaver radicatum subsp. radicatum;lappvallmo;Underart;167;Fjäll (F) - Stor betydelse;VU;D1
6;101233;Aconitum napellus;äkta stormhatt;Art;530;Jordbrukslandskap (J) - Stor betydelse, Skog (S) - Har betydelse, Urban miljö (U) - Har betydelse;CR;D
8;101240;Actaea erythrocarpa;röd trolldruva;Art;1160;Skog (S) - Stor betydelse;NT;B2ab(ii,iii,v)
9;101250;Adonis vernalis;våradonis;Art;2488;Jordbrukslandskap (J) - Stor betydelse;NT;B2a
408;101311;Consolida regalis;riddarsporre;Art;6565;Jordbrukslandskap (J) - Stor betydelse, Urban miljö (U) - Har betydelse;NT;A2b
1332;101359;Pulsatilla patens;nipsippa;Art;2591;Jordbrukslandskap (J) - Stor betydelse, Skog (S) - Stor betydelse;NT;B2ab(iii,v)
1853;101361;Pulsatilla vernalis;mosippa;Art;17025;Skog (S) - Stor betydelse, Jordbrukslandskap (J) - Har betydelse;EN;A2ac
222886;101362;Pulsatilla vulgaris;backsippa;Art;33785;Jordbrukslandskap (J) - Stor betydelse, Skog (S) - Har betydelse;VU;A2b
1333;101363;Pulsatilla vulgaris subsp. gotlandica;gotlandssippa;Underart;733;Skog (S) - Stor betydelse, Jordbrukslandskap (J) - Har betydelse;VU;D2
224913;101364;Pulsatilla vulgaris subsp. vulgaris;vanlig backsippa;Underart;20922;Jordbrukslandskap (J) - Stor betydelse;VU;A2bc+4b
1361;101379;Ranunculus arvensis;åkerranunkel;Art;2777;Jordbrukslandskap (J) - Stor betydelse, Urban miljö (U) - Har betydelse;NT;B2ab(i,ii,iii,iv,v)
1363;101726;Ranunculus fluitans;jättemöja;Art;652;Sötvatten (L) - Stor betydelse;EN;B1ab(iii,v)
1364;101729;Ranunculus hederaceus;murgrönsmöja;Art;659;Jordbrukslandskap (J) - Stor betydelse, Våtmark (V) - Stor betydelse, Sötvatten (L) - Har betydelse, Urban miljö (U) - Har betydelse;VU;"A2ab; B1ab(v)+2ab(v)"
1366;101747;Ranunculus ophioglossifolius;gotlandsranunkel;Art;0;Jordbrukslandskap (J) - Stor betydelse, Våtmark (V) - Stor betydelse;EN;"B1ac(iv); D"
224932;101762;Ranunculus polyanthemos subsp. polyanthemos;vanlig backsmörblomma;Underart;1536;Jordbrukslandskap (J) - Stor betydelse, Skog (S) - Har betydelse;NT;A2b
1368;101779;Ranunculus sulphureus;polarsmörblomma;Art;94;Fjäll (F) - Stor betydelse;EN;B1ab(v)
222929;101810;Thalictrum simplex;backruta;Art;6849;Jordbrukslandskap (J) - Stor betydelse, Våtmark (V) - Har betydelse;NT;A2b
224938;101812;Thalictrum simplex subsp. simplex;vanlig backruta;Underart;833;Jordbrukslandskap (J) - Stor betydelse;NT;A2bc+4abc
2076;101813;Thalictrum simplex subsp. tenuifolium;smalruta;Underart;1140;Jordbrukslandskap (J) - Stor betydelse;VU;"A2b; C1+2a(i)"
220075;101913;Chrysosplenium alternifolium;gullpudra;Art;21620;Skog (S) - Stor betydelse, Våtmark (V) - Stor betydelse;NT°;A2ab
1870;101914;Chrysosplenium oppositifolium;kustgullpudra;Art;85;Våtmark (V) - Stor betydelse, Skog (S) - Har betydelse;CR;D
223335;101915;Chrysosplenium tetrandrum;polargullpudra;Art;160;Skog (S) - Stor betydelse, Våtmark (V) - Stor betydelse;NT;B2a
1447;101946;Saxifraga cotyledon;fjällbrud;Art;729;Skog (S) - Stor betydelse, Fjäll (F) - Har betydelse;NT;B2a
1934;101959;Saxifraga × opdalensis;oppdalsbräcka;Art;50;Fjäll (F) - Stor betydelse;EN;D
1449;101963;Saxifraga osloënsis;hällebräcka;Art;7348;Jordbrukslandskap (J) - Stor betydelse, Urban miljö (U) - Stor betydelse;VU;A2ab
1477;102035;Sedum anglicum;engelsk fetknopp;Art;931;Havsstrand (H) - Stor betydelse, Jordbrukslandskap (J) - Har betydelse;NT;B1a+2a
1478;102048;Sedum villosum;klibbig fetknopp;Art;167;Fjäll (F) - Stor betydelse;VU;D1
114;102129;Astragalus arenarius;sandvedel;Art;705;Jordbrukslandskap (J) - Stor betydelse;EN;B1ab(ii,iii,v)+2ab(ii,iii,v)
115;102133;Astragalus danicus;strandvedel;Art;537;Jordbrukslandskap (J) - Stor betydelse, Havsstrand (H) - Har betydelse;CR;C2a(i)
116;102139;Astragalus penduliflorus;smällvedel;Art;1519;Skog (S) - Stor betydelse, Urban miljö (U) - Stor betydelse;VU;"A2abc; B2ab(ii,iii,v)"
690;102185;Genista anglica;nålginst;Art;857;Jordbrukslandskap (J) - Stor betydelse, Urban miljö (U) - Har betydelse;EN;B1ab(iii)
691;102186;Genista germanica;tysk ginst;Art;319;Jordbrukslandskap (J) - Stor betydelse, Urban miljö (U) - Har betydelse;CR;"B1ab(v)+2ab(v); C2a(i); D"
692;102187;Genista pilosa;hårginst;Art;4887;Jordbrukslandskap (J) - Stor betydelse, Urban miljö (U) - Har betydelse;NT;B2ab(iii,v)
776;102202;Hippocrepis emerus;gulkronill;Art;1362;Jordbrukslandskap (J) - Stor betydelse, Skog (S) - Stor betydelse;NT;B1ab(iii,v)+2ab(iii,v)
264450;102204;Hippocrepis emerus subsp. emerus;äkta gulkronill;Underart;32;Jordbrukslandskap (J) - Stor betydelse, Skog (S) - Stor betydelse;NT;B1ab(iii,v)+2ab(iii,v)
221223;102241;Lathyrus niger;vippärt;Art;8683;Skog (S) - Stor betydelse;NT;A2b
916;102252;Lathyrus sphaericus;vårvial;Art;300;Havsstrand (H) - Stor betydelse, Jordbrukslandskap (J) - Har betydelse;EN;D
917;102255;Lathyrus tuberosus;knölvial;Art;2150;Jordbrukslandskap (J) - Stor betydelse, Urban miljö (U) - Stor betydelse;VU;A2b
221235;102257;Lathyrus vernus;vårärt;Art;18759;Skog (S) - Stor betydelse, Jordbrukslandskap (J) - Har betydelse;NT°;A2ab
999;102280;Lotus tenuis;smal käringtand;Art;1835;Havsstrand (H) - Stor betydelse;VU;B2ab(v)
1023;102310;Medicago minima;sandlusern;Art;1046;Jordbrukslandskap (J) - Stor betydelse, Urban miljö (U) - Har betydelse;VU;B2ab(iii,iv,v)
1035;102335;Melilotus dentatus;strandsötväppling;Art;390;Havsstrand (H) - Stor betydelse, Jordbrukslandskap (J) - Stor betydelse, Urban miljö (U) - Har betydelse;EN;B1ab(i,ii,iii,v)+2ab(i,ii,iii,v)
224145;102363;Ononis spinosa subsp. hircina;stallört;Underart;4762;Jordbrukslandskap (J) - Stor betydelse, Urban miljö (U) - Stor betydelse, Havsstrand (H) - Har betydelse;NT;A2b
1142;102382;Oxytropis pilosa;luddvedel;Art;1392;Jordbrukslandskap (J) - Stor betydelse, Havsstrand (H) - Har betydelse, Urban miljö (U) - Har betydelse;VU°;
1603;102429;Trifolium alpestre;alpklöver;Art;182;Skog (S) - Stor betydelse, Jordbrukslandskap (J) - Har betydelse, Urban miljö (U) - Har betydelse;EN;"A2ab; B1ab(iii,iv,v)+2ab(iii,iv,v); C1"
221317;102435;Trifolium aureum;gullklöver;Art;12524;Jordbrukslandskap (J) - Stor betydelse, Urban miljö (U) - Stor betydelse;NT;A2b
221333;102459;Trifolium montanum;backklöver;Art;9674;Jordbrukslandskap (J) - Stor betydelse;NT;A2bc+4abc
221343;102480;Trifolium spadiceum;brunklöver;Art;5797;Jordbrukslandskap (J) - Stor betydelse, Urban miljö (U) - Har betydelse;NT;A2b
1658;102522;Vicia dumetorum;buskvicker;Art;1655;Skog (S) - Stor betydelse, Urban miljö (U) - Har betydelse;VU;B2ab(iii,v)
1659;102543;Vicia pisiformis;ärtvicker;Art;1459;Skog (S) - Stor betydelse, Urban miljö (U) - Har betydelse;EN;B2ab(ii,iii,v)
1660;102558;Vicia villosa;luddvicker;Art;5045;Jordbrukslandskap (J) - Stor betydelse, Urban miljö (U) - Har betydelse;NT°;
1262;102574;Polygala comosa;toppjungfrulin;Art;4997;Jordbrukslandskap (J) - Stor betydelse;VU°;"A2ab; B2ab(ii,iii,v)"
265348;102575;Polygala serpyllifolia;hedjungfrulin;Art;69;Jordbrukslandskap (J) - Stor betydelse;CR;D
222133;102576;Polygala vulgaris;jungfrulin;Art;33916;Jordbrukslandskap (J) - Stor betydelse;NT;A2ab
260351;102577;Polygala vulgaris subsp. collina;backjungfrulin;Underart;74;Jordbrukslandskap (J) - Stor betydelse;EN;B1ab(v)
265350;102579;Polygala vulgaris subsp. vulgaris;vanligt jungfrulin;Underart;3532;Jordbrukslandskap (J) - Stor betydelse;NT;A2ab
1848;102611;Alchemilla borealis;norddaggkåpa;Art;159;Skog (S) - Stor betydelse, Fjäll (F) - Har betydelse;NT;B2a
20;102626;Alchemilla heptagona;sjuhörnig daggkåpa;Art;286;Jordbrukslandskap (J) - Stor betydelse;VU;B2ab(i,ii,iii,iv,v)
22;102636;Alchemilla oxyodonta;skarptandad daggkåpa;Art;358;Jordbrukslandskap (J) - Stor betydelse;EN;"B2ab(ii,iii,iv,v); C2a(i)"
222954;102637;Alchemilla plicata;trubbdaggkåpa;Art;2833;Jordbrukslandskap (J) - Stor betydelse, Urban miljö (U) - Har betydelse;VU;A2bc
21;102641;Alchemilla samuelssonii;stubbdaggkåpa;Art;554;Jordbrukslandskap (J) - Stor betydelse, Urban miljö (U) - Stor betydelse;VU;B2ab(ii,iii,iv,v)
1849;102650;Alchemilla taernaënsis;tärnadaggkåpa;Art;101;Jordbrukslandskap (J) - Stor betydelse, Skog (S) - Har betydelse, Urban miljö (U) - Har betydelse;NT;"B1a+2a; D1"
24;102652;Alchemilla xanthochlora;kustdaggkåpa;Art;465;Jordbrukslandskap (J) - Stor betydelse, Våtmark (V) - Har betydelse;VU;B2ab(ii,iii,iv,v)
1707;102663;Aphanes australis;småjungfrukam;Art;1519;Jordbrukslandskap (J) - Stor betydelse, Urban miljö (U) - Har betydelse;NT;A2b
1874;102709;Cotoneaster kullensis;skånskt oxbär;Art;215;Havsstrand (H) - Stor betydelse, Skog (S) - Stor betydelse, Jordbrukslandskap (J) - Har betydelse;VU;"B1ab(iii,v)+2ab(iii,v); D1"
6331571;102724;Cotoneaster soederby-carlensis;brölundaoxbär;Art;16;Jordbrukslandskap (J) - Stor betydelse, Skog (S) - Stor betydelse, Urban miljö (U) - Har betydelse;CR;"B1ab(ii,iii,iv,v)+2ab(ii,iii,iv,v); C2a(i,ii); D"
1879;102771;Drymocallis rupestris;trollsmultron;Art;3679;Jordbrukslandskap (J) - Stor betydelse, Urban miljö (U) - Har betydelse;VU°;A2b
1906;102859;Potentilla anglica;revig blodrot;Art;1802;Jordbrukslandskap (J) - Stor betydelse, Urban miljö (U) - Har betydelse;VU°;A2b
1907;102873;Potentilla chamissonis;klippfingerört;Art;117;Fjäll (F) - Stor betydelse;VU;D1
1286;102877;Potentilla heptaphylla;luddfingerört;Art;1142;Jordbrukslandskap (J) - Stor betydelse;NT;B1ab(i,ii,iii,v)+2ab(i,ii,iii,v)
1287;102878;Potentilla hyparctica;raggfingerört;Art;95;Fjäll (F) - Stor betydelse;VU;D1
2078;102880;Potentilla incana;gråfingerört;Art;906;Jordbrukslandskap (J) - Stor betydelse, Skog (S) - Har betydelse, Urban miljö (U) - Har betydelse;VU;B1ab(v)+2ab(v)
1288;102891;Potentilla multifida;mångfingerört;Art;205;Skog (S) - Stor betydelse, Fjäll (F) - Har betydelse, Urban miljö (U) - Har betydelse;VU;B2ab(v)
1289;102908;Potentilla sterilis;smultronfingerört;Art;619;Jordbrukslandskap (J) - Stor betydelse, Urban miljö (U) - Har betydelse;NT;"B1a+2a; D2"
1909;102909;Potentilla sterneri;backfingerört;Art;1163;Jordbrukslandskap (J) - Stor betydelse, Urban miljö (U) - Har betydelse;NT;B2ab(iii,v)
1396;102994;Rosa acicularis;finnros;Art;438;Skog (S) - Stor betydelse, Våtmark (V) - Har betydelse;VU;D2
1397;102995;Rosa agrestis;åkerros;Art;316;Jordbrukslandskap (J) - Stor betydelse, Urban miljö (U) - Har betydelse;CR;D
1398;103022;Rosa × inodora;västkustros;Art;1171;Jordbrukslandskap (J) - Stor betydelse, Skog (S) - Har betydelse, Urban miljö (U) - Har betydelse;VU;D1
1399;103029;Rosa marginata;ryssros;Art;0;Jordbrukslandskap (J) - Stor betydelse, Havsstrand (H) - Har betydelse;RE;
232135;103030;Rosa micrantha;sydäppelros;Art;130;Jordbrukslandskap (J) - Stor betydelse;CR;D
1401;103046;Rosa spinosissima;pimpinellros;Art;3329;Havsstrand (H) - Stor betydelse, Jordbrukslandskap (J) - Har betydelse;RE;
1400;103052;Rosa tomentella;flikros;Art;884;Jordbrukslandskap (J) - Stor betydelse, Urban miljö (U) - Stor betydelse;NT;"B2a; D1"
1912;103053;Rosa tomentosa;filtros;Art;83;Jordbrukslandskap (J) - Stor betydelse, Urban miljö (U) - Stor betydelse;CR;D
6319612;103108;Rubus antecedens;enenbjörnbär;Art;32;Jordbrukslandskap (J) - Stor betydelse, Urban miljö (U) - Stor betydelse;EN;D
267005;103113;Rubus cordatiformis;ugglarpsbjörnbär;Art;278;Jordbrukslandskap (J) - Stor betydelse, Urban miljö (U) - Stor betydelse;NT;D2
1913;103115;Rubus decurrentispinus;fintandat björnbär;Art;260;Jordbrukslandskap (J) - Stor betydelse;NT;D1
1914;103116;Rubus dissimulans;bohusbjörnbär;Art;281;Jordbrukslandskap (J) - Stor betydelse, Urban miljö (U) - Har betydelse;VU;D1
1915;103118;Rubus eluxatus;slätbjörnbär;Art;447;Jordbrukslandskap (J) - Stor betydelse, Skog (S) - Har betydelse;NT;D1
1916;103119;Rubus fabrimontanus;borstbjörnbär/uddbjörnbär;Art;125;Jordbrukslandskap (J) - Stor betydelse, Skog (S) - Har betydelse;VU;D1
235138;103135;Rubus horrefactus;knölbjörnbär;Art;19;Urban miljö (U) - Stor betydelse;CR;D
1922;103140;Rubus lamprocaulos;naggbjörnbär;Art;466;Jordbrukslandskap (J) - Stor betydelse, Skog (S) - Har betydelse;NT;D1
267006;103150;Rubus onsalaënsis;buerabjörnbär;Art;56;Jordbrukslandskap (J) - Stor betydelse;VU;D1+2
6005228;103151;Rubus oredssonii;mollösundsbjörnbär;Art;153;Jordbrukslandskap (J) - Stor betydelse, Havsstrand (H) - Har betydelse;VU;D1
267009;103156;Rubus polybracteatus;onsalabjörnbär;Art;87;Jordbrukslandskap (J) - Stor betydelse;VU;D1
1926;103157;Rubus pruinosus;hallonbjörnbär;Art;381;Jordbrukslandskap (J) - Stor betydelse;EN;D
6324893;103160;Rubus ruboculus;ögonbjörnbär;Art;40;Jordbrukslandskap (J) - Stor betydelse, Urban miljö (U) - Stor betydelse;EN;D
267008;103161;Rubus rugulosus;rydetbjörnbär;Art;82;Jordbrukslandskap (J) - Stor betydelse;VU;D1+2
267007;103165;Rubus soendrumensis;söndrumsbjörnbär;Art;136;Jordbrukslandskap (J) - Stor betydelse, Urban miljö (U) - Stor betydelse;VU;D1+2
264501;103166;Rubus sordirosanthus;steningebjörnbär;Art;274;Jordbrukslandskap (J) - Stor betydelse, Urban miljö (U) - Stor betydelse;NT;D1+2
1930;103177;Rubus walsemannii;polabiskt björnbär;Art;269;Jordbrukslandskap (J) - Stor betydelse, Urban miljö (U) - Har betydelse;NT;D1
6035014;103178;Rubus wendtii;bjärebjörnbär;Art;218;Jordbrukslandskap (J) - Stor betydelse, Urban miljö (U) - Stor betydelse, Havsstrand (H) - Har betydelse;VU;D1
1404;103202;Rubus dasyphyllus;karakåsbjörnbär;Art;93;Jordbrukslandskap (J) - Stor betydelse;RE;
1405;103203;Rubus divaricatus;glansbjörnbär;Art;332;Jordbrukslandskap (J) - Stor betydelse;VU;D1
223143;103205;Rubus echinatus;engelskt björnbär;Art;101;Urban miljö (U) - Stor betydelse, Skog (S) - Har betydelse;NT;D1+2
232136;103209;Rubus flaccidifolius;slokbjörnbär;Art;53;Skog (S) - Stor betydelse, Jordbrukslandskap (J) - Har betydelse;EN;D
235139;103214;Rubus gillotii;franskt björnbär;Art;27;Havsstrand (H) - Stor betydelse;CR;D
1924;103236;Rubus loehrii;bergumsbjörnbär;Art;75;Jordbrukslandskap (J) - Stor betydelse;CR;D
223168;103240;Rubus montanus;bergbjörnbär;Art;119;Jordbrukslandskap (J) - Stor betydelse, Skog (S) - Har betydelse, Urban miljö (U) - Har betydelse;VU;D1
1413;103242;Rubus muenteri;grönbladsbjörnbär;Art;792;Jordbrukslandskap (J) - Stor betydelse, Urban miljö (U) - Har betydelse;NT;D1
1411;103255;Rubus polyanthemus;blomsterbjörnbär;Art;573;Jordbrukslandskap (J) - Stor betydelse, Urban miljö (U) - Stor betydelse;NT;D1
1412;103258;Rubus pyramidalis;pyramidbjörnbär;Art;227;Skog (S) - Stor betydelse, Jordbrukslandskap (J) - Har betydelse;EN;D
1928;103262;Rubus sciocharis;skuggbjörnbär;Art;129;Skog (S) - Stor betydelse, Urban miljö (U) - Har betydelse;CR;C2a(ii)
1410;103263;Rubus scissoides;åsljungabjörnbär;Art;176;Jordbrukslandskap (J) - Stor betydelse, Skog (S) - Har betydelse;VU;D1
1414;103264;Rubus scissus;nålbjörnbär;Art;835;Jordbrukslandskap (J) - Stor betydelse, Skog (S) - Har betydelse;NT;D1
1415;103266;Rubus septentrionalis;nordbjörnbär;Art;433;Jordbrukslandskap (J) - Stor betydelse;NT;D1
256553;103267;Rubus silvaticus;kilbjörnbär;Art;57;Jordbrukslandskap (J) - Stor betydelse, Skog (S) - Har betydelse;EN;D
1416;103268;Rubus sprengelii;sprengelsbjörnbär;Art;617;Jordbrukslandskap (J) - Stor betydelse, Skog (S) - Har betydelse, Urban miljö (U) - Har betydelse;NT;D1
232137;103269;Rubus steracanthos;grovtaggigt björnbär;Art;68;Jordbrukslandskap (J) - Har betydelse, Skog (S) - Har betydelse;EN;"B1ab(iii,v)+2ab(iii,v); D"
1417;103273;Rubus vestervicensis;västerviksbjörnbär;Art;91;Skog (S) - Stor betydelse, Havsstrand (H) - Har betydelse, Jordbrukslandskap (J) - Har betydelse;EN;D
1419;103277;Rubus vigorosus;smålandsbjörnbär;Art;245;Urban miljö (U) - Stor betydelse, Skog (S) - Har betydelse;CR;"C2a(i); D"
6037533;103324;Sorbus atrata;garderönn;Art;2367;Skog (S) - Stor betydelse;VU;D1+2
6037532;103331;Sorbus faohraei;bungerönn;Art;128;Skog (S) - Stor betydelse;CR;"B1ab(v)+2ab(v); C1+2a(i,ii); D"
1508;103346;Sorbus obtusifolia;norskoxel;Art;355;Jordbrukslandskap (J) - Stor betydelse, Skog (S) - Stor betydelse;CR;C1+2a(i)
6037534;103356;Sorbus teodori;avarönn;Art;419;Jordbrukslandskap (J) - Stor betydelse, Skog (S) - Stor betydelse, Urban miljö (U) - Har betydelse;CR;C2a(i)
223246;103421;Ulmus glabra;skogsalm;Art;52712;Jordbrukslandskap (J) - Stor betydelse, Skog (S) - Stor betydelse, Urban miljö (U) - Har betydelse;EN;A2be+3be+4abe
1628;103425;Ulmus laevis;vresalm;Art;1417;Jordbrukslandskap (J) - Stor betydelse, Skog (S) - Stor betydelse, Urban miljö (U) - Har betydelse;CR;A3e
223248;103426;Ulmus minor;lundalm;Art;6461;Jordbrukslandskap (J) - Stor betydelse, Skog (S) - Stor betydelse, Urban miljö (U) - Har betydelse;EN;A3be+4abe
1161;103450;Parietaria officinalis;väggört;Art;603;Urban miljö (U) - Stor betydelse, Jordbrukslandskap (J) - Har betydelse;EN°;A2ab
223253;103469;Urtica urens;etternässla;Art;8193;Jordbrukslandskap (J) - Stor betydelse, Urban miljö (U) - Stor betydelse, Havsstrand (H) - Har betydelse;NT;A2b
836;103660;Hypericum humifusum;dvärgjohannesört;Art;1272;Jordbrukslandskap (J) - Stor betydelse, Urban miljö (U) - Har betydelse;EN;"B2ab(i,ii,iii,v); C1"
221978;103665;Hypericum montanum;bergjohannesört;Art;4626;Skog (S) - Stor betydelse, Jordbrukslandskap (J) - Har betydelse, Urban miljö (U) - Har betydelse;NT;A2bc+4abc
837;103668;Hypericum pulchrum;hedjohannesört;Art;751;Skog (S) - Stor betydelse, Jordbrukslandskap (J) - Har betydelse, Urban miljö (U) - Har betydelse;VU;"A2a; B1ab(i,ii)+2ab(i,ii)"
1887;103669;Hypericum tetrapterum;kärrjohannesört;Art;1065;Jordbrukslandskap (J) - Stor betydelse, Våtmark (V) - Stor betydelse, Skog (S) - Har betydelse;NT;B2ab(iii,v)
576;103675;Elatine hexandra;skaftslamkrypa;Art;1170;Sötvatten (L) - Stor betydelse, Våtmark (V) - Har betydelse;VU;B2ab(i,ii,iii,iv,v)
577;103679;Elatine orthosperma;nordslamkrypa;Art;590;Sötvatten (L) - Stor betydelse, Våtmark (V) - Stor betydelse, Brackvatten (B) - Har betydelse, Havsstrand (H) - Har betydelse, Jordbrukslandskap (J) - Har betydelse;NT;B2ab(ii,iii)
1662;103691;Viola collina;bergviol;Art;1423;Jordbrukslandskap (J) - Stor betydelse, Skog (S) - Har betydelse, Urban miljö (U) - Har betydelse;EN;B2ab(iii,v)
1663;103694;Viola elatior;storviol;Art;1270;Jordbrukslandskap (J) - Stor betydelse, Skog (S) - Har betydelse;EN;A2ab
222009;103709;Viola rupestris;sandviol;Art;4110;Jordbrukslandskap (J) - Stor betydelse, Fjäll (F) - Har betydelse, Skog (S) - Har betydelse, Urban miljö (U) - Har betydelse;NT;A2b
1664;103710;Viola rupestris subsp. relicta;lappviol;Underart;282;Fjäll (F) - Stor betydelse;NT;B1a+2a
224409;103711;Viola rupestris subsp. rupestris;vanlig sandviol;Underart;1938;Jordbrukslandskap (J) - Stor betydelse, Skog (S) - Har betydelse, Urban miljö (U) - Har betydelse;NT;A2bc+4bc
1665;103715;Viola selkirkii;skuggviol;Art;1524;Skog (S) - Stor betydelse;NT;B2ab(iii,v)
222005;103717;Viola stagnina;strandviol;Art;4614;Våtmark (V) - Stor betydelse, Jordbrukslandskap (J) - Har betydelse, Sötvatten (L) - Har betydelse;VU;A2bc
1955;103720;Viola tricolor subsp. curtisii;klittviol;Underart;816;Havsstrand (H) - Stor betydelse;NT;B2a
1666;103722;Viola uliginosa;sumpviol;Art;2996;Skog (S) - Stor betydelse, Våtmark (V) - Stor betydelse;NT;"A2b; B2ab(ii,iii)"
1931;103851;Salix daphnoides;daggvide;Art;1165;Våtmark (V) - Stor betydelse, Skog (S) - Har betydelse, Sötvatten (L) - Har betydelse;VU;B2ab(iii,v)
1932;103876;Salix hastata subsp. vegeta;källblekvide;Underart;980;Våtmark (V) - Stor betydelse, Jordbrukslandskap (J) - Har betydelse;EN;B2ab(ii,iii,v)
625;104103;Euphorbia exigua;småtörel;Art;1878;Jordbrukslandskap (J) - Stor betydelse, Urban miljö (U) - Har betydelse;NT;B2ab(iii,iv,v)
1910;104150;Radiola linoides;dvärglin;Art;4409;Havsstrand (H) - Stor betydelse, Jordbrukslandskap (J) - Stor betydelse, Våtmark (V) - Stor betydelse, Urban miljö (U) - Har betydelse;VU°;A2b
706;104178;Geranium bohemicum;svedjenäva;Art;4607;Skog (S) - Stor betydelse, Urban miljö (U) - Har betydelse;NT;B2ab(v)
707;104189;Geranium lanuginosum;brandnäva;Art;534;Skog (S) - Stor betydelse, Urban miljö (U) - Har betydelse;EN;"B2ab(v); C2a(i)"
708;104196;Geranium palustre;kärrnäva;Art;775;Jordbrukslandskap (J) - Stor betydelse, Skog (S) - Har betydelse, Urban miljö (U) - Har betydelse, Våtmark (V) - Har betydelse;VU;"A2ab; B2ab(i,ii,iii,v)"
1896;104250;Lythrum portula;rödlånke;Art;5609;Jordbrukslandskap (J) - Stor betydelse, Sötvatten (L) - Stor betydelse, Våtmark (V) - Stor betydelse, Havsstrand (H) - Har betydelse, Urban miljö (U) - Har betydelse;NT;"A2bc; B2ab(ii,iii,iv,v)"
1579;104265;Trapa natans;sjönöt;Art;119;Sötvatten (L) - Stor betydelse;RE;
222075;104301;Epilobium obscurum;mörk dunört;Art;3355;Våtmark (V) - Stor betydelse, Jordbrukslandskap (J) - Har betydelse, Skog (S) - Har betydelse, Urban miljö (U) - Har betydelse;NT;A2be+4be
5;104490;Acer campestre;naverlönn;Art;3127;Jordbrukslandskap (J) - Stor betydelse, Skog (S) - Har betydelse;CR;D
1013;104603;Malva pusilla;vit kattost;Art;3229;Jordbrukslandskap (J) - Stor betydelse, Urban miljö (U) - Stor betydelse;VU;B2ab(i,ii,iii,v)
1563;104638;Tilia platyphyllos;bohuslind;Art;1661;Skog (S) - Stor betydelse, Urban miljö (U) - Har betydelse;CR;D
220164;104658;Helianthemum nummularium;solvända;Art;22516;Jordbrukslandskap (J) - Stor betydelse;NT;A2b
224416;104659;Helianthemum nummularium subsp. nummularium;ljus solvända;Underart;10520;Jordbrukslandskap (J) - Stor betydelse;NT;A2b
224417;104660;Helianthemum nummularium subsp. obscurum;mörk solvända;Underart;1316;Jordbrukslandskap (J) - Stor betydelse;VU;"A2bc; B2ab(ii,iii,v)"
1852;104699;Alyssum alyssoides;grådådra;Art;6231;Jordbrukslandskap (J) - Stor betydelse, Urban miljö (U) - Stor betydelse;NT;B2ab(ii,iii,v)
81;104732;Arabis planisiliqua;gotlandstrav;Art;290;Jordbrukslandskap (J) - Stor betydelse, Urban miljö (U) - Stor betydelse;EN;B1ab(v)+2ab(v)
223825;104776;Brassica rapa subsp. campestris;åkerkål;Underart;4118;Jordbrukslandskap (J) - Stor betydelse, Urban miljö (U) - Har betydelse;NT;"A2bc; B2ab(i,ii,iii,v)"
172;104786;Braya linearis;fjällkrassing;Art;515;Fjäll (F) - Stor betydelse;NT;B2a
242;104800;Camelina alyssum;lindådra;Art;777;Jordbrukslandskap (J) - Stor betydelse;RE;
1708;104805;Camelina microcarpa;sanddådra;Art;3426;Jordbrukslandskap (J) - Stor betydelse, Urban miljö (U) - Har betydelse;VU°;A2b
244;104809;Camelina sativa;oljedådra;Art;611;Jordbrukslandskap (J) - Stor betydelse, Urban miljö (U) - Har betydelse;RE;
254;104831;Cardamine parviflora;strandbräsma;Art;1227;Jordbrukslandskap (J) - Stor betydelse, Våtmark (V) - Stor betydelse, Sötvatten (L) - Har betydelse, Urban miljö (U) - Har betydelse;VU;B2ab(i,ii,iii,iv,v)
384;104850;Cochlearia officinalis subsp. anglica;engelsk skörbjuggsört;Underart;314;Havsstrand (H) - Stor betydelse, Jordbrukslandskap (J) - Har betydelse;NT;B2ab(iv,v)
561;104883;Draba cacuminum;blockdraba;Art;209;Fjäll (F) - Stor betydelse;VU;D1
562;104888;Draba crassifolia;dvärgdraba;Art;94;Fjäll (F) - Stor betydelse;VU;B2ab(iii,v)
1876;104889;Draba fladnizensis;alpdraba;Art;246;Fjäll (F) - Stor betydelse;NT;B2a
563;104898;Draba nemorosa;sanddraba;Art;2506;Jordbrukslandskap (J) - Stor betydelse, Urban miljö (U) - Stor betydelse, Havsstrand (H) - Har betydelse;VU°;A2b
1877;104902;Draba oxycarpa;blekdraba;Art;162;Fjäll (F) - Stor betydelse;NT;"B2a; D1"
1878;104905;Draba subcapitata;raggdraba;Art;57;Fjäll (F) - Stor betydelse;CR;D
1872;105002;Lepidium coronopus;kråkkrassing;Art;1542;Jordbrukslandskap (J) - Stor betydelse, Urban miljö (U) - Har betydelse;EN;A2b
1394;105045;Nasturtium microphyllum;bäckfräne;Art;186;Jordbrukslandskap (J) - Stor betydelse, Sötvatten (L) - Stor betydelse, Våtmark (V) - Har betydelse;CR;D
1395;105046;Nasturtium officinale;källfräne;Art;1534;Jordbrukslandskap (J) - Stor betydelse, Sötvatten (L) - Stor betydelse, Våtmark (V) - Har betydelse;VU;A2b
1084;105049;Neslia paniculata;korndådra;Art;2486;Jordbrukslandskap (J) - Stor betydelse, Urban miljö (U) - Har betydelse;EN;A2bc
220571;105068;Raphanus raphanistrum;åkerrättika;Art;6150;Jordbrukslandskap (J) - Stor betydelse, Urban miljö (U) - Har betydelse;VU°;A2abc
220583;105084;Rorippa amphibia;vattenfräne;Art;1965;Sötvatten (L) - Stor betydelse, Våtmark (V) - Stor betydelse;NT;A2b
1560;105135;Thesium alpinum;spindelört;Art;5119;Jordbrukslandskap (J) - Stor betydelse, Urban miljö (U) - Har betydelse;NT;B2ab(iii,v)
1898;105146;Myricaria germanica;klådris;Art;2107;Våtmark (V) - Stor betydelse, Havsstrand (H) - Har betydelse, Urban miljö (U) - Har betydelse;NT°;A2ab
86;105157;Armeria scabra;fjälltrift;Art;65;Fjäll (F) - Stor betydelse;VU;D2
978;105165;Limonium vulgare;marrisp;Art;1516;Havsstrand (H) - Stor betydelse, Jordbrukslandskap (J) - Stor betydelse;NT;B2a
1263;105206;Persicaria foliosa;ävjepilört;Art;1823;Havsstrand (H) - Stor betydelse, Sötvatten (L) - Stor betydelse, Våtmark (V) - Stor betydelse, Brackvatten (B) - Har betydelse, Jordbrukslandskap (J) - Har betydelse;VU;B2ab(ii,iii)
1902;105240;Polygonum aviculare subsp. excelsius;stolt trampört;Underart;208;Havsstrand (H) - Stor betydelse;NT;B2ab(ii,iii,iv,v)
1264;105246;Polygonum oxyspermum;näbbtrampört;Art;660;Havsstrand (H) - Stor betydelse;EN;A2b
223985;105273;Rumex acetosa var. serpentinicola;smal ängssyra;Varietet;90;Skog (S) - Stor betydelse;NT;B2a
223989;105279;Rumex acetosella subsp. arenicola;sandsyra;Underart;73;Fjäll (F) - Stor betydelse, Jordbrukslandskap (J) - Har betydelse, Sötvatten (L) - Har betydelse, Urban miljö (U) - Har betydelse;NT;B2ab(v)
1420;105292;Rumex conglomeratus;dikesskräppa;Art;905;Jordbrukslandskap (J) - Stor betydelse, Sötvatten (L) - Stor betydelse, Våtmark (V) - Stor betydelse;VU;B2ab(ii,iii,v)
14;105401;Agrostemma githago;klätt;Art;4014;Jordbrukslandskap (J) - Stor betydelse, Urban miljö (U) - Har betydelse;EN;B2ab(i,ii,iii,iv,v)c(iv)
1857;105408;Arenaria gothica;kalknarv;Art;1101;Jordbrukslandskap (J) - Stor betydelse, Urban miljö (U) - Har betydelse;NT;B2a
84;105409;Arenaria humifusa;grusnarv;Art;356;Fjäll (F) - Stor betydelse;NT;B1a+2a
1725;105410;Arenaria leptoclados;spädnarv;Art;199;Jordbrukslandskap (J) - Stor betydelse, Urban miljö (U) - Stor betydelse;CR;D
1858;105412;Arenaria norvegica;skrednarv;Art;466;Fjäll (F) - Stor betydelse;NT;B2a
1859;105415;Arenaria serpyllifolia subsp. lloydii;kustsandnarv;Underart;19;Havsstrand (H) - Stor betydelse;VU;B1ab(ii,iii)+2ab(ii,iii)
301;105429;Cerastium brachypetalum;raggarv;Art;986;Jordbrukslandskap (J) - Stor betydelse, Urban miljö (U) - Har betydelse;NT;B2a
223932;105439;Cerastium fontanum var. kajanense;smal hönsarv;Varietet;36;Skog (S) - Stor betydelse;NT;"B1a+2a; D1+2"
527;105477;Dianthus arenarius;sandnejlika;Art;3264;Jordbrukslandskap (J) - Stor betydelse, Urban miljö (U) - Har betydelse;NT°;
528;105480;Dianthus armeria;knippnejlika;Art;2431;Jordbrukslandskap (J) - Stor betydelse, Urban miljö (U) - Stor betydelse;NT;B2a
529;105497;Dianthus superbus;praktnejlika;Art;1099;Jordbrukslandskap (J) - Stor betydelse, Skog (S) - Har betydelse, Urban miljö (U) - Har betydelse;VU°;B2a
747;105511;Gypsophila muralis;grusnejlika;Art;2409;Jordbrukslandskap (J) - Stor betydelse, Urban miljö (U) - Stor betydelse;EN;"A2ab; B2ab(i,ii,iii,iv)"
1062;105550;Moehringia lateriflora;ryssnarv;Art;127;Skog (S) - Stor betydelse;VU;B1ab(iii)+2ab(iii)
220818;105568;Sabulina rubella;rödnörel;Art;225;Fjäll (F) - Stor betydelse;VU;D1
1059;105574;Sabulina viscosa;sandnörel;Art;574;Jordbrukslandskap (J) - Stor betydelse, Urban miljö (U) - Har betydelse;CR;"B1ab(iv,v)+2ab(iv,v); C2a(i,ii); D"
1429;105576;Sagina apetala;fältnarv;Art;430;Jordbrukslandskap (J) - Stor betydelse, Urban miljö (U) - Har betydelse;VU;B2ab(i,iii,iv,v)
1431;105577;Sagina caespitosa;tuvnarv;Art;273;Fjäll (F) - Stor betydelse;NT;B2a
220900;105578;Sagina maritima;strandnarv;Art;1857;Havsstrand (H) - Stor betydelse;NT;A2b
220897;105581;Sagina × normaniana;normansnarv;Art;118;Jordbrukslandskap (J) - Stor betydelse, Skog (S) - Har betydelse, Urban miljö (U) - Har betydelse;VU;B2ab(iii,v)
220906;105586;Sagina revelierei;sylnarv;Art;2464;Havsstrand (H) - Stor betydelse, Jordbrukslandskap (J) - Stor betydelse, Urban miljö (U) - Stor betydelse, Våtmark (V) - Har betydelse;NT;A2b
224047;105621;Silene dioica var. serpentinicola;dvärgrödblära;Varietet;66;Skog (S) - Stor betydelse;VU;D1
1495;105622;Silene dioica var. smithii;kal rödblära;Varietet;36;Skog (S) - Stor betydelse;VU;D1+2
231011;105629;Silene involucrata;polarblära;Art;339;Fjäll (F) - Stor betydelse, Skog (S) - Har betydelse, Urban miljö (U) - Har betydelse;NT;"B1a+2a; D1+2"
224063;105676;Spergula arvensis subsp. arvensis;sydspärgel;Underart;792;Jordbrukslandskap (J) - Stor betydelse, Urban miljö (U) - Har betydelse;NT;A2bc
1511;105678;Spergula arvensis subsp. maxima;jättespärgel;Underart;102;Jordbrukslandskap (J) - Stor betydelse;RE;
224068;105693;Stellaria crassifolia var. minor;strandsumparv;Varietet;89;Havsstrand (H) - Stor betydelse, Jordbrukslandskap (J) - Stor betydelse, Våtmark (V) - Stor betydelse;EN;"B2ab(i,ii,iii,iv,v); C2a(i)"
1529;105696;Stellaria fennica;finnstjärnblomma;Art;27;Havsstrand (H) - Stor betydelse, Skog (S) - Har betydelse, Våtmark (V) - Har betydelse;CR;B1ab(i,ii,iii,v)
1528;105702;Stellaria longipes;polarstjärnblomma;Art;137;Fjäll (F) - Stor betydelse;VU;D1+2
224078;105724;Viscaria alpina var. serpentinicola;spenslig fjällnejlika;Varietet;85;Skog (S) - Stor betydelse;NT;B2a
120;105779;Atriplex laciniata;sandmålla;Art;1286;Havsstrand (H) - Stor betydelse;EN;D
220670;105796;Atriplex rosea;silvermålla;Art;109;Urban miljö (U) - Stor betydelse, Havsstrand (H) - Har betydelse, Jordbrukslandskap (J) - Har betydelse;RE;
220711;105834;Blitum bonus-henricus;lungrot;Art;9484;Jordbrukslandskap (J) - Stor betydelse, Urban miljö (U) - Har betydelse;VU;A2bc
337;105843;Chenopodiastrum murale;gatmålla;Art;846;Jordbrukslandskap (J) - Stor betydelse, Urban miljö (U) - Stor betydelse;CR;D
339;105878;Chenopodium vulvaria;stinkmålla;Art;940;Urban miljö (U) - Stor betydelse, Havsstrand (H) - Har betydelse, Jordbrukslandskap (J) - Har betydelse;VU;D1+2
753;105905;Halimione pedunculata;saltmålla;Art;1787;Havsstrand (H) - Stor betydelse, Jordbrukslandskap (J) - Stor betydelse;VU°;"A2ab; B2ab(ii,iii,iv,v)"
754;105906;Halimione portulacoides;portlakmålla;Art;55;Havsstrand (H) - Stor betydelse;CR;D
338;105919;Oxybasis urbica;bymålla;Art;611;Jordbrukslandskap (J) - Stor betydelse, Urban miljö (U) - Stor betydelse;RE;
220908;105926;Salicornia europaea;glasört;Art;2988;Havsstrand (H) - Stor betydelse;NT;"A3e; B2ab(ii,iii,iv,v)"
141;105943;Spirobassia hirsuta;luddmålla;Art;230;Havsstrand (H) - Stor betydelse;VU;D2
220966;105947;Suaeda maritima;saltört;Art;2374;Havsstrand (H) - Stor betydelse;NT;"A3e; B2ab(ii,iii,iv,v)"
50;106140;Lysimachia minima;knutört;Art;2592;Havsstrand (H) - Stor betydelse, Jordbrukslandskap (J) - Stor betydelse, Urban miljö (U) - Har betydelse;VU;B2ab(i,ii,iii,iv,v)
1012;106142;Lysimachia nemorum;skogslysing;Art;738;Skog (S) - Stor betydelse;NT;B2a
1294;106155;Primula elatior;lundviva;Art;987;Skog (S) - Stor betydelse;NT;D2
221137;106158;Primula farinosa;majviva;Art;13916;Jordbrukslandskap (J) - Stor betydelse, Våtmark (V) - Stor betydelse, Havsstrand (H) - Har betydelse, Urban miljö (U) - Har betydelse;NT;A2bc
1296;106169;Primula scandinavica;fjällviva;Art;1267;Fjäll (F) - Stor betydelse;VU;B2ab(ii,iii,v)
1297;106175;Primula vulgaris;jordviva;Art;345;Jordbrukslandskap (J) - Stor betydelse, Skog (S) - Stor betydelse, Urban miljö (U) - Har betydelse;RE;
319;106221;Chamaedaphne calyculata;finnmyrten;Art;308;Våtmark (V) - Stor betydelse, Skog (S) - Har betydelse;NT;B2a
340;106223;Chimaphila umbellata;ryl;Art;11009;Skog (S) - Stor betydelse;VU;A2abc
1344;106268;Pyrola rotundifolia subsp. maritima;sandpyrola;Underart;6;Havsstrand (H) - Har betydelse, Jordbrukslandskap (J) - Har betydelse, Våtmark (V) - Har betydelse;RE;
671;106359;Galium rotundifolium;gotlandsmåra;Art;1279;Skog (S) - Stor betydelse;VU;B2ab(iii,v)
221431;106363;Galium spurium;linmåra/småsnärjmåra;Art;6460;Jordbrukslandskap (J) - Stor betydelse, Urban miljö (U) - Har betydelse;NT;A2b
672;106364;Galium spurium subsp. spurium;linmåra;Underart;85;Jordbrukslandskap (J) - Stor betydelse;RE;
224199;106365;Galium spurium subsp. vaillantii;småsnärjmåra;Underart;5745;Jordbrukslandskap (J) - Stor betydelse, Urban miljö (U) - Har betydelse;NT;A2b
673;106367;Galium suecicum;backmåra;Art;1972;Jordbrukslandskap (J) - Stor betydelse, Urban miljö (U) - Stor betydelse;NT;"A2bc; B2ab(ii,iii,v)"
674;106375;Galium triflorum;myskmåra;Art;1780;Skog (S) - Stor betydelse;NT;B2ab(iii,v)
1491;106395;Sherardia arvensis;åkermadd;Art;2388;Jordbrukslandskap (J) - Stor betydelse, Urban miljö (U) - Har betydelse;VU;A2ab
287;106403;Centaurium erythraea var. capitatum;huvudarun;Varietet;206;Jordbrukslandskap (J) - Stor betydelse, Urban miljö (U) - Stor betydelse, Havsstrand (H) - Har betydelse;EN;D
1885;106419;Gentiana pneumonanthe;klockgentiana;Art;9561;Jordbrukslandskap (J) - Stor betydelse, Våtmark (V) - Stor betydelse;EN;A2bc
694;106420;Gentiana purpurea;baggsöta;Art;88;Fjäll (F) - Stor betydelse, Våtmark (V) - Stor betydelse;CR;D
696;106429;Gentianella aurea;blekgentiana;Art;260;Fjäll (F) - Stor betydelse, Urban miljö (U) - Har betydelse;VU;D1+2
264685;106430;Gentianella campestris;bredgentiana;Art;25648;Jordbrukslandskap (J) - Stor betydelse, Urban miljö (U) - Har betydelse;VU;A2ab
1713;106431;Gentianella campestris subsp. baltica;kustgentiana;Underart;1198;Jordbrukslandskap (J) - Stor betydelse, Havsstrand (H) - Har betydelse, Urban miljö (U) - Har betydelse;VU;"A2abc; B2ab(ii,iii,iv,v)"
221447;106432;Gentianella campestris subsp. campestris;fältgentiana;Underart;21996;Jordbrukslandskap (J) - Stor betydelse, Urban miljö (U) - Har betydelse;VU;A2abc
698;106433;Gentianella campestris var. campestris;sen fältgentiana;Varietet;7442;Jordbrukslandskap (J) - Stor betydelse, Urban miljö (U) - Har betydelse;VU°;A2abc
699;106434;Gentianella campestris var. islandica;sätergentiana;Varietet;511;Urban miljö (U) - Stor betydelse, Jordbrukslandskap (J) - Har betydelse;EN;A2abc
224210;106435;Gentianella campestris var. suecica;tidig fältgentiana;Varietet;4412;Jordbrukslandskap (J) - Stor betydelse, Urban miljö (U) - Har betydelse;VU°;"A2abc; B2ab(ii,iii,iv)"
109;106510;Asperugo procumbens;paddfot;Art;4295;Jordbrukslandskap (J) - Stor betydelse, Urban miljö (U) - Stor betydelse, Havsstrand (H) - Har betydelse;NT;"A2b; B2ab(iii,v)"
219848;106516;Buglossoides arvensis;sminkrot;Art;6590;Jordbrukslandskap (J) - Stor betydelse, Urban miljö (U) - Har betydelse;NT;A2b
981;106517;Buglossoides arvensis var. arvensis;vit sminkrot;Varietet;3204;Jordbrukslandskap (J) - Stor betydelse, Urban miljö (U) - Har betydelse;NT;A2bc
982;106518;Buglossoides arvensis var. coerulescens;blå sminkrot;Varietet;492;Jordbrukslandskap (J) - Stor betydelse;VU;D2
1889;106555;Lappula deflexa;stickelfrö;Art;911;Skog (S) - Stor betydelse;NT;B2a
914;106557;Lappula squarrosa;piggfrö;Art;1884;Jordbrukslandskap (J) - Stor betydelse, Urban miljö (U) - Stor betydelse;EN;"A2b; B2ab(i,ii,iii,iv,v)c(iv)"
1039;106561;Mertensia maritima;ostronört;Art;928;Havsstrand (H) - Stor betydelse;CR;"A2a; C1+2a(i)"
1330;106612;Pulmonaria angustifolia;smalbladig lungört;Art;2756;Jordbrukslandskap (J) - Stor betydelse;EN;A2ab
1331;106618;Pulmonaria officinalis;fläcklungört;Art;928;Skog (S) - Stor betydelse, Urban miljö (U) - Har betydelse;VU;C1
489;106667;Cuscuta epilinum;linsnärja;Art;459;Jordbrukslandskap (J) - Stor betydelse;RE;
490;106668;Cuscuta epithymum;ljungsnärja;Art;2942;Jordbrukslandskap (J) - Stor betydelse, Urban miljö (U) - Har betydelse;VU°;A2ab
223438;106718;Hyoscyamus niger;bolmört;Art;5408;Havsstrand (H) - Stor betydelse, Jordbrukslandskap (J) - Stor betydelse, Urban miljö (U) - Har betydelse;NT;A2bc+4abc
1507;106820;Solanum villosum subsp. miniatum;röd nattskatta;Underart;111;Jordbrukslandskap (J) - Stor betydelse, Havsstrand (H) - Har betydelse, Urban miljö (U) - Har betydelse;RE;
220785;106832;Fraxinus excelsior;ask;Art;149258;Jordbrukslandskap (J) - Stor betydelse, Skog (S) - Stor betydelse, Urban miljö (U) - Har betydelse;EN;A3e+4ce
777;106934;Hippuris tetraphylla;ishavshästsvans;Art;270;Brackvatten (B) - Stor betydelse, Havsstrand (H) - Stor betydelse;CR;B1ab(ii,iii,v)+2ab(ii,iii,v)
902;106941;Kickxia elatine;spjutsporre;Art;1094;Jordbrukslandskap (J) - Stor betydelse, Urban miljö (U) - Har betydelse;EN°;B2ab(i,ii,iii,iv,v)
1060;106989;Misopates orontium;kalvnos;Art;1105;Jordbrukslandskap (J) - Stor betydelse, Urban miljö (U) - Stor betydelse;NT;B2a
1901;107025;Plantago tenuiflora;dvärgkämpar;Art;975;Jordbrukslandskap (J) - Stor betydelse;NT;B1ab(iv)+2ab(iv)
1654;107062;Veronica montana;skogsveronika;Art;1346;Skog (S) - Stor betydelse;NT;"A2b; B2ab(ii,iii,v)"
1655;107069;Veronica praecox;alvarveronika;Art;989;Jordbrukslandskap (J) - Stor betydelse, Urban miljö (U) - Har betydelse;EN;"A2ab; B2ab(ii,iii,iv,v)c(iv)"
221903;107080;Veronica spicata;axveronika;Art;12738;Jordbrukslandskap (J) - Stor betydelse;NT;A2b
1656;107083;Veronica triphyllos;klibbveronika;Art;2448;Jordbrukslandskap (J) - Stor betydelse, Urban miljö (U) - Har betydelse;NT°;A2ab
221816;107126;Scrophularia umbrosa;strandflenört;Art;64;Skog (S) - Stor betydelse, Urban miljö (U) - Har betydelse, Våtmark (V) - Har betydelse;CR;D
1651;107136;Verbascum densiflorum;ölandskungsljus;Art;916;Urban miljö (U) - Stor betydelse, Jordbrukslandskap (J) - Har betydelse;EN;"B1ab(ii,iv,v)+2ab(ii,iv,v); C2a(i)"
1652;107138;Verbascum lychnitis;grenigt kungsljus;Art;2464;Jordbrukslandskap (J) - Stor betydelse, Urban miljö (U) - Stor betydelse;NT;"B2a; D1"
17;107275;Ajuga genevensis;kritsuga;Art;438;Urban miljö (U) - Stor betydelse, Jordbrukslandskap (J) - Har betydelse;CR;B1ab(i,iii,v)+2ab(i,iii,v)
1524;107289;Betonica officinalis;humlesuga;Art;825;Jordbrukslandskap (J) - Stor betydelse, Skog (S) - Stor betydelse, Urban miljö (U) - Har betydelse;EN;B1ab(i,ii,iii,v)+2ab(i,ii,iii,v)
564;107306;Dracocephalum ruyschiana;drakblomma;Art;1412;Jordbrukslandskap (J) - Stor betydelse;VU°;B2a
565;107307;Dracocephalum thymiflorum;rysk drakblomma;Art;528;Jordbrukslandskap (J) - Stor betydelse, Urban miljö (U) - Har betydelse;EN;"B1ab(i,ii,iii,iv,v)+2ab(i,ii,iii,iv,v); C2a(i)"
669;107311;Galeopsis angustifolia;kalkdån;Art;695;Jordbrukslandskap (J) - Stor betydelse, Urban miljö (U) - Har betydelse;NT;D2
221647;107314;Galeopsis ladanum;mjukdån;Art;4125;Jordbrukslandskap (J) - Stor betydelse, Urban miljö (U) - Har betydelse;NT;"A2b+4abc; C1+2a(i)"
942;107358;Leonurus cardiaca;hjärtstilla;Art;5938;Jordbrukslandskap (J) - Stor betydelse, Urban miljö (U) - Stor betydelse;VU;"A2ab; B2ab(ii,iii,iv,v); C2a(i)"
224265;107359;Leonurus cardiaca subsp. cardiaca;äkta hjärtstilla;Underart;2770;Jordbrukslandskap (J) - Stor betydelse, Urban miljö (U) - Stor betydelse;VU;"A2ab; B2ab(iii,iv,v); C2a(i)"
1019;107369;Marrubium vulgare;kransborre;Art;1392;Jordbrukslandskap (J) - Stor betydelse, Urban miljö (U) - Har betydelse;EN;"A2ab; B2ab(ii,iii,v); C2a(i)"
1038;107382;Mentha × gracilis;ädelmynta;Art;2113;Jordbrukslandskap (J) - Stor betydelse, Urban miljö (U) - Har betydelse;EN;B2ab(i,ii,iii,v)
1082;107417;Nepeta cataria;kattmynta;Art;1938;Jordbrukslandskap (J) - Stor betydelse, Urban miljö (U) - Har betydelse;EN°;"B2ab(i,ii,iii,v); D1"
221784;107456;Prunella laciniata;flikbrunört;Art;103;Jordbrukslandskap (J) - Stor betydelse, Urban miljö (U) - Har betydelse;EN;B1ab(v)+2ab(v)
1432;107476;Salvia pratensis;ängssalvia;Art;734;Jordbrukslandskap (J) - Stor betydelse, Urban miljö (U) - Har betydelse;VU;D1
1433;107484;Salvia verticillata;kranssalvia;Art;803;Jordbrukslandskap (J) - Stor betydelse, Urban miljö (U) - Har betydelse;EN;B2ab(iii,v)
1473;107494;Scutellaria minor;småfrossört;Art;259;Jordbrukslandskap (J) - Stor betydelse, Havsstrand (H) - Har betydelse, Våtmark (V) - Har betydelse;EN;B1ab(iii)
1523;107506;Stachys arvensis;åkersyska;Art;2569;Jordbrukslandskap (J) - Stor betydelse, Urban miljö (U) - Har betydelse;VU;B2ab(i,ii,iii,iv)
1562;107533;Thymus pulegioides;stortimjan;Art;4568;Jordbrukslandskap (J) - Stor betydelse, Urban miljö (U) - Har betydelse;VU°;A2b
221849;107536;Thymus serpyllum;backtimjan;Art;29852;Jordbrukslandskap (J) - Stor betydelse, Skog (S) - Har betydelse, Urban miljö (U) - Har betydelse;NT;A4abc
626;107588;Euphrasia micrantha;ljungögontröst;Art;5431;Jordbrukslandskap (J) - Stor betydelse, Urban miljö (U) - Stor betydelse;EN;A2ab
221638;107590;Euphrasia officinalis;läkeögontröst;Art;5036;Jordbrukslandskap (J) - Stor betydelse, Våtmark (V) - Stor betydelse, Urban miljö (U) - Har betydelse;EN;"A2ab; B2ab(i,ii,iii,iv,v)"
628;107591;Euphrasia officinalis subsp. monticola;ängsögontröst;Underart;107;Jordbrukslandskap (J) - Stor betydelse;RE;
627;107592;Euphrasia officinalis subsp. officinalis;finnögontröst;Underart;3566;Jordbrukslandskap (J) - Stor betydelse, Urban miljö (U) - Har betydelse;EN;B2ab(i,ii,iii,iv,v)
629;107593;Euphrasia officinalis subsp. pratensis;stor ögontröst;Underart;1051;Jordbrukslandskap (J) - Stor betydelse, Våtmark (V) - Stor betydelse;EN;"A2ab; B2ab(i,ii,iii,iv,v)"
630;107599;Euphrasia salisburgensis subsp. schoenicola;brun ögontröst;Underart;522;Våtmark (V) - Stor betydelse;NT;B1a+2a
631;107600;Euphrasia scottica;skottlandsögontröst;Art;2;Havsstrand (H) - Stor betydelse, Jordbrukslandskap (J) - Stor betydelse;RE;
632;107605;Euphrasia stricta var. suecica;svensk ögontröst;Varietet;810;Jordbrukslandskap (J) - Stor betydelse;VU;B1ab(ii,iii,iv,v)+2ab(ii,iii,iv,v)
1897;107631;Melampyrum cristatum;korskovall;Art;8014;Jordbrukslandskap (J) - Stor betydelse, Urban miljö (U) - Har betydelse;NT;A2b
221735;107643;Odontites vernus;åkerrödtoppa;Art;3447;Jordbrukslandskap (J) - Stor betydelse, Urban miljö (U) - Har betydelse;NT;A2b
1124;107648;Orobanche alba;timjansnyltrot;Art;969;Jordbrukslandskap (J) - Stor betydelse;NT;B2ab(iii,v)
1125;107654;Orobanche elatior;klintsnyltrot;Art;1193;Jordbrukslandskap (J) - Stor betydelse;VU;D1
1128;107661;Orobanche purpurea;röllikesnyltrot;Art;0;Jordbrukslandskap (J) - Stor betydelse, Urban miljö (U) - Stor betydelse;CR;"C2a(i); D"
1129;107663;Orobanche reticulata;tistelsnyltrot;Art;989;Skog (S) - Stor betydelse, Jordbrukslandskap (J) - Har betydelse, Urban miljö (U) - Har betydelse, Våtmark (V) - Har betydelse;EN°;A2ab
1174;107683;Pedicularis sylvatica;granspira;Art;9583;Jordbrukslandskap (J) - Stor betydelse, Skog (S) - Har betydelse, Våtmark (V) - Har betydelse;NT°;A2abc
1373;107691;Rhinanthus angustifolius subsp. apterus;åkerskallra;Underart;231;Jordbrukslandskap (J) - Stor betydelse;EN;"B2ab(i,ii,iii,iv,v)c(iv); D"
249008;107699;Rhinanthus osiliensis;öselskallra;Art;235;Våtmark (V) - Stor betydelse, Jordbrukslandskap (J) - Har betydelse;NT;"B1a+2a; D2"
872;107709;Ilex aquifolium;järnek;Art;1730;Skog (S) - Stor betydelse, Urban miljö (U) - Har betydelse;CR;D
245;107727;Campanula cervicaria;skogsklocka;Art;13543;Jordbrukslandskap (J) - Stor betydelse, Skog (S) - Stor betydelse, Urban miljö (U) - Stor betydelse;NT;A2b
246;107754;Campanula rapunculus;rapunkelklocka;Art;555;Jordbrukslandskap (J) - Stor betydelse, Urban miljö (U) - Har betydelse;VU;D1
1854;107880;Antennaria alpina subsp. porsildii;grönkattfot;Underart;281;Fjäll (F) - Stor betydelse;NT;B2a
1855;107887;Anthemis arvensis;åkerkulla;Art;12223;Jordbrukslandskap (J) - Stor betydelse, Urban miljö (U) - Har betydelse;NT;A2bc
60;107891;Anthemis cotula;kamomillkulla;Art;859;Jordbrukslandskap (J) - Stor betydelse, Urban miljö (U) - Har betydelse;EN;"A2b; B1ab(ii,iii,iv,v)+2ab(ii,iii,iv,v)"
1861;107921;Arnica angustifolia;fjällarnika;Art;471;Fjäll (F) - Stor betydelse;VU;D1
219955;107927;Arnica montana;slåttergubbe;Art;34595;Jordbrukslandskap (J) - Stor betydelse, Urban miljö (U) - Har betydelse;VU;A2bc+4bc
89;107929;Arnoseris minima;klubbfibbla;Art;1263;Jordbrukslandskap (J) - Stor betydelse, Urban miljö (U) - Har betydelse;EN°;A2ab
6011214;107958;Artemisia tanacetifolia;brantmalört;Art;40;Skog (S) - Stor betydelse;VU;D2
1865;108014;Carduus acanthoides;piggtistel;Art;2610;Jordbrukslandskap (J) - Stor betydelse, Urban miljö (U) - Har betydelse;NT;"B2ab(ii,iii,v); C2a(i)"
264742;108081;Centaurea phrygia;ängsklint;Art;624;Jordbrukslandskap (J) - Stor betydelse, Urban miljö (U) - Stor betydelse;VU°;B2a
286;108082;Centaurea phrygia subsp. phrygia;finnklint;Underart;403;Jordbrukslandskap (J) - Stor betydelse, Urban miljö (U) - Stor betydelse;VU°;B2a
220079;108135;Cirsium acaule;jordtistel;Art;11757;Jordbrukslandskap (J) - Stor betydelse, Havsstrand (H) - Har betydelse, Urban miljö (U) - Har betydelse;NT;A2bc
351;108146;Cirsium rivulare;bäcktistel;Art;242;Jordbrukslandskap (J) - Stor betydelse, Våtmark (V) - Stor betydelse;RE;
220103;108213;Crepis praemorsa;klasefibbla;Art;10593;Jordbrukslandskap (J) - Stor betydelse;NT;A2bc+4abc
220107;108220;Crepis tectorum;klofibbla;Art;13431;Jordbrukslandskap (J) - Stor betydelse, Urban miljö (U) - Stor betydelse;NT;A2b
647;108326;Filago lutescens;gulgrå ullört;Art;52;Jordbrukslandskap (J) - Stor betydelse, Urban miljö (U) - Har betydelse;RE;
762;108406;Helichrysum arenarium;hedblomster;Art;7165;Jordbrukslandskap (J) - Stor betydelse, Urban miljö (U) - Har betydelse;VU;A2b
231480;108471;Hieracium acidotum;norsk fetfibbla;Art;401;Jordbrukslandskap (J) - Stor betydelse, Skog (S) - Stor betydelse;VU;"B2ab(ii,iii,iv,v); D1"
231481;108472;Hieracium acrogymnon;brunspetsad fibbla;Art;48;Jordbrukslandskap (J) - Stor betydelse, Skog (S) - Stor betydelse;EN;"B2ab(ii,iii,iv,v); C2a(i)"
231484;108473;Hieracium acudentulum;palmérfibbla;Art;27;Skog (S) - Stor betydelse;VU;B2ab(ii,iii,iv,v)
231494;108475;Hieracium albiduliforme;ågelsjöfibbla;Art;30;Skog (S) - Stor betydelse;VU;"B1ab(ii,iii,iv,v)+2ab(ii,iii,iv,v); D1"
231495;108476;Hieracium albidulum;blek tallfibbla;Art;102;Skog (S) - Stor betydelse;NT;B2ab(ii,iii,iv,v)
231502;108478;Hieracium ambigosum;tvekfibbla;Art;9;Skog (S) - Stor betydelse;EN;"B1ab(ii,iii,iv,v)+2ab(ii,iii,iv,v); D"
231518;108482;Hieracium anisotomum;puderfibbla;Art;12;Jordbrukslandskap (J) - Stor betydelse, Skog (S) - Stor betydelse;EN;"B2ab(ii,iii,iv,v); C2a(i)"
231521;108483;Hieracium apicum;spetsfibbla;Art;16;Jordbrukslandskap (J) - Stor betydelse, Skog (S) - Stor betydelse;EN;D
231523;108484;Hieracium aquiliceps;örnfibbla;Art;39;Jordbrukslandskap (J) - Stor betydelse, Skog (S) - Stor betydelse;EN;"B2ab(ii,iii,iv,v); C2a(i)"
231526;108485;Hieracium arcuaticuneatum;svängfibbla;Art;5;Jordbrukslandskap (J) - Stor betydelse, Skog (S) - Stor betydelse;EN;D
251276;108486;Hieracium argentarium;silverfibbla;Art;12;Jordbrukslandskap (J) - Stor betydelse, Skog (S) - Stor betydelse;VU;"B1ab(ii,iii,iv,v)+2ab(ii,iii,iv,v); D1"
231207;108488;Hieracium arrosiforme;gnagfibbla;Art;71;Jordbrukslandskap (J) - Stor betydelse, Skog (S) - Stor betydelse;NT;"B2a; D1"
231530;108489;Hieracium arrosum;;Art;9;Urban miljö (U) - Stor betydelse;NT;D1
231531;108490;Hieracium asemum;värmlandsfibbla;Art;18;Jordbrukslandskap (J) - Stor betydelse, Skog (S) - Stor betydelse;VU;B2ab(ii,iii,iv,v)
251277;108491;Hieracium askii;flikig tallfibbla;Art;40;Jordbrukslandskap (J) - Stor betydelse, Skog (S) - Stor betydelse;VU;B2ab(i,ii,iii,iv,v)
231548;108493;Hieracium bergstroemii;bergströmsfibbla;Art;18;Jordbrukslandskap (J) - Stor betydelse, Skog (S) - Stor betydelse;VU;"B1ab(ii,iii,iv,v)+2ab(ii,iii,iv,v); D1"
231550;108494;Hieracium bicurvum;kurvfibbla;Art;32;Jordbrukslandskap (J) - Stor betydelse, Skog (S) - Stor betydelse;VU;"B2ab(ii,iii,iv,v); D1"
231569;108503;Hieracium calliglaucum;norsk hällfibbla;Art;46;Skog (S) - Stor betydelse;VU;B2ab(ii,iii,iv,v)
231576;108504;Hieracium canitiosum;stoftfibbla;Art;176;Skog (S) - Stor betydelse;VU;B2ab(ii,iii,iv,v)
231231;108505;Hieracium carnosiceps;norrgårdafibbla;Art;36;Skog (S) - Stor betydelse;VU;"B1ab(ii,iii,iv,v)+2ab(ii,iii,iv,v); D1"
231585;108506;Hieracium centonale;lapptäckesfibbla;Art;5;Jordbrukslandskap (J) - Stor betydelse, Skog (S) - Stor betydelse;EN;D
231586;108507;Hieracium centrotum;björnbergsfibbla;Art;4;Jordbrukslandskap (J) - Stor betydelse, Skog (S) - Stor betydelse;EN;D
231599;108512;Hieracium cinereotectum;skäckfibbla;Art;70;Jordbrukslandskap (J) - Stor betydelse, Skog (S) - Stor betydelse;VU;B2ab(ii,iii,iv,v)
231602;108513;Hieracium coadunatum;vasstandad hällfibbla;Art;217;Jordbrukslandskap (J) - Stor betydelse, Skog (S) - Stor betydelse;NT;B2ab(ii,iii,iv,v)
231607;108514;Hieracium compitale;hög tallfibbla;Art;27;Jordbrukslandskap (J) - Stor betydelse, Skog (S) - Stor betydelse;EN;"B1ab(ii,iii,iv,v)+2ab(ii,iii,iv,v); C2a(i)"
231631;108517;Hieracium dalecarlicum;dalkarlsfibbla;Art;75;Jordbrukslandskap (J) - Stor betydelse, Skog (S) - Stor betydelse;VU;B1ab(ii,iii,iv,v)+2ab(ii,iii,iv,v)
231634;108518;Hieracium dasytomum;esaufibbla;Art;39;Jordbrukslandskap (J) - Stor betydelse, Skog (S) - Stor betydelse;VU;"B1ab(ii,iii,iv,v)+2ab(ii,iii,iv,v); D1"
231658;108520;Hieracium dyringii;dyringfibbla;Art;10;Skog (S) - Stor betydelse;EN;D
231266;108521;Hieracium ebenarium;kappelshamnsfibbla;Art;22;Skog (S) - Stor betydelse;VU;D1
251297;108522;Hieracium emblae;emblafibbla;Art;4;Jordbrukslandskap (J) - Stor betydelse, Skog (S) - Stor betydelse;EN;"B1ab(ii,iii,iv,v)+2ab(ii,iii,iv,v); C2a(i)"
231267;108523;Hieracium epicrocifolium;skifferfibbla;Art;27;Skog (S) - Stor betydelse;VU;D1
231677;108525;Hieracium farinaceum;mjölfibbla;Art;27;Jordbrukslandskap (J) - Stor betydelse, Skog (S) - Stor betydelse;VU;"B2ab(ii,iii,iv,v); D1"
231280;108526;Hieracium fraudulentum;smal blyfibbla;Art;37;Skog (S) - Stor betydelse;VU;D1
251462;108528;Hieracium gracilifrons;späd fetfibbla;Art;33;Jordbrukslandskap (J) - Stor betydelse, Skog (S) - Stor betydelse;VU;"B2ab(ii,iii,iv,v); D1"
231284;108529;Hieracium grophosiceps;;Art;3;Jordbrukslandskap (J) - Stor betydelse, Skog (S) - Stor betydelse;EN;D
231285;108530;Hieracium grophosum;grov stenfibbla;Art;75;Jordbrukslandskap (J) - Stor betydelse, Skog (S) - Stor betydelse;NT;B2a
231703;108531;Hieracium gymnocentrum;vass krattfibbla;Art;149;Jordbrukslandskap (J) - Stor betydelse, Skog (S) - Stor betydelse;NT;B2ab(ii,iii,iv,v)
251307;108532;Hieracium hangvarense;gotländsk tallfibbla;Art;11;Jordbrukslandskap (J) - Stor betydelse, Skog (S) - Stor betydelse;EN;"B1ab(ii,iii,iv,v); D"
251308;108534;Hieracium helenae;helenafibbla;Art;4;Jordbrukslandskap (J) - Stor betydelse, Skog (S) - Stor betydelse;EN;D
231737;108536;Hieracium itharophyton;nickelfibbla;Art;46;Jordbrukslandskap (J) - Stor betydelse, Skog (S) - Stor betydelse;VU;"B2ab(ii,iii,iv,v); D1"
231742;108537;Hieracium juelii;jueltallfibbla;Art;62;Jordbrukslandskap (J) - Stor betydelse, Skog (S) - Stor betydelse;VU;"B2ab(ii,iii,iv,v); D1"
266283;108545;Hieracium luculentorum;edstafibbla;Art;11;Jordbrukslandskap (J) - Stor betydelse;VU;D1
231780;108546;Hieracium maculosiforme;norsk fläckfibbla;Art;3;Skog (S) - Stor betydelse;EN;D
231789;108548;Hieracium manocolum;armfibbla;Art;9;Jordbrukslandskap (J) - Stor betydelse, Skog (S) - Stor betydelse;CR;"B1ab(ii,iii,iv,v)+2ab(ii,iii,iv,v); C2a(i)"
231790;108549;Hieracium manotrichum;klintefibbla;Art;35;Skog (S) - Stor betydelse;VU;"B1ab(ii,iii,iv,v)+2ab(ii,iii,iv,v); D1"
231796;108550;Hieracium mediiforme;malmefibbla;Art;74;Jordbrukslandskap (J) - Stor betydelse, Skog (S) - Stor betydelse;VU;B2ab(ii,iii,iv,v)
231339;108551;Hieracium metaliceps;metallfibbla;Art;71;Jordbrukslandskap (J) - Stor betydelse, Skog (S) - Stor betydelse;VU;D1
231826;108554;Hieracium nigricanticeps;mörk krattfibbla;Art;42;Jordbrukslandskap (J) - Stor betydelse, Skog (S) - Stor betydelse;VU;"B2ab(ii,iii,iv,v); D1"
231830;108555;Hieracium nigrofuscum;svartbrun fibbla;Art;13;Jordbrukslandskap (J) - Stor betydelse, Skog (S) - Stor betydelse;EN;D
251466;108557;Hieracium oligasterum;tvillingfibbla;Art;2;Jordbrukslandskap (J) - Stor betydelse, Skog (S) - Stor betydelse;EN;D
231864;108559;Hieracium opeatodontum;mångtandad hällfibbla;Art;107;Jordbrukslandskap (J) - Stor betydelse, Skog (S) - Stor betydelse;VU;B2ab(ii,iii,iv,v)
231874;108561;Hieracium pachycalamum;grovstjälkig fibbla;Art;10;Jordbrukslandskap (J) - Stor betydelse, Skog (S) - Stor betydelse;CR;B1ab(ii,iii,iv,v)
231888;108562;Hieracium penduliforme;mörk slokfibbla;Art;52;Skog (S) - Stor betydelse;EN;"B2ab(ii,iii,iv,v); C2a(i)"
231910;108566;Hieracium placibile;möfibbla;Art;7;Jordbrukslandskap (J) - Stor betydelse, Skog (S) - Stor betydelse;CR;"B1ab(ii,iii,iv,v)+2ab(ii,iii,iv,v); C2a(i)"
231920;108568;Hieracium plumuligerum;gunnarsnäsfibbla;Art;13;Jordbrukslandskap (J) - Stor betydelse, Skog (S) - Stor betydelse;EN;"B2ab(ii,iii,iv,v); D"
231382;108569;Hieracium polyschistomorphum;slitsfibbla;Art;20;Skog (S) - Stor betydelse;CR;B2ab(ii,iii,iv,v)
251811;108574;Hieracium praviforme;uppsalafibbla;Art;25;Jordbrukslandskap (J) - Stor betydelse, Skog (S) - Stor betydelse;VU;"B1ab(ii,iii,iv,v)+2ab(ii,iii,iv,v); D1"
231937;108575;Hieracium pravifrons;buckelfibbla;Art;54;Jordbrukslandskap (J) - Stor betydelse, Skog (S) - Stor betydelse;VU;B2ab(ii,iii,iv,v)
231944;108577;Hieracium proversum;vimpelfibbla;Art;38;Jordbrukslandskap (J) - Stor betydelse, Skog (S) - Stor betydelse;VU;"B1ab(ii,iii,iv,v)+2ab(ii,iii,iv,v); D1"
231951;108579;Hieracium pseudolaeticeps;indalsfibbla;Art;30;Jordbrukslandskap (J) - Stor betydelse, Skog (S) - Stor betydelse;VU;"B1ab(ii,iii,iv,v)+2ab(ii,iii,iv,v); D1"
231401;108587;Hieracium ravusculum;tennfibbla;Art;165;Skog (S) - Stor betydelse;NT;B2ab(ii,iii,iv,v)
231982;108588;Hieracium ringsellei;ringsellefibbla;Art;31;Jordbrukslandskap (J) - Stor betydelse, Skog (S) - Stor betydelse;VU;"B2ab(ii,iii,iv,v); D1"
231985;108589;Hieracium ruminosiforme;tjurfibbla;Art;47;Jordbrukslandskap (J) - Stor betydelse, Skog (S) - Stor betydelse;VU;"B1ab(ii,iii,iv,v)+2ab(ii,iii,iv,v); D1"
231986;108590;Hieracium ruminosum;tuggfibbla;Art;27;Jordbrukslandskap (J) - Stor betydelse, Skog (S) - Stor betydelse;EN;"B1ab(ii,iii,iv,v)+2ab(ii,iii,iv,v); C2a(i)"
231408;108592;Hieracium saurotoides;porfyrfibbla;Art;22;Jordbrukslandskap (J) - Stor betydelse, Skog (S) - Stor betydelse;EN;C2a(i)
232002;108595;Hieracium siliginellum;blek hällfibbla;Art;64;Jordbrukslandskap (J) - Stor betydelse, Skog (S) - Stor betydelse;VU;B2ab(ii,iii,iv,v)
232003;108596;Hieracium siliginosum;;Art;6;Urban miljö (U) - Stor betydelse;VU;D1
232004;108597;Hieracium siljense;dalafibbla;Art;153;Jordbrukslandskap (J) - Stor betydelse, Skog (S) - Stor betydelse;NT;B2ab(ii,iii,iv,v)
232008;108599;Hieracium solanum;gästrikefibbla;Art;21;Jordbrukslandskap (J) - Stor betydelse, Skog (S) - Stor betydelse;VU;"B2ab(ii,iii,iv,v); D1"
232017;108600;Hieracium speculare;spegelfibbla;Art;17;Jordbrukslandskap (J) - Stor betydelse, Skog (S) - Stor betydelse;EN;D
232040;108606;Hieracium stymnophytum;stymnofibbla;Art;29;Jordbrukslandskap (J) - Stor betydelse, Skog (S) - Stor betydelse;VU;"B2ab(ii,iii,iv,v); D1"
232041;108607;Hieracium subacuens;borgsjöfibbla;Art;27;Jordbrukslandskap (J) - Stor betydelse, Skog (S) - Stor betydelse;EN;"B1ab(ii,iii,iv,v)+2ab(ii,iii,iv,v); D"
232043;108608;Hieracium subchristianense;hårlös krattfibbla;Art;1;Jordbrukslandskap (J) - Stor betydelse, Skog (S) - Stor betydelse;EN;"B2ab(ii,iii,iv,v); D"
231434;108610;Hieracium subedentulum;ellipsfibbla;Art;27;Jordbrukslandskap (J) - Stor betydelse, Skog (S) - Stor betydelse;VU;D1
232052;108611;Hieracium sublividum;mörkstiftig hällfibbla;Art;120;Jordbrukslandskap (J) - Stor betydelse, Skog (S) - Stor betydelse;VU;B2ab(ii,iii,iv,v)
231440;108613;Hieracium subnaevosum;fleringefibbla;Art;35;Jordbrukslandskap (J) - Stor betydelse, Skog (S) - Har betydelse;EN;D
232056;108614;Hieracium subplumuligerum;marstrandsfibbla;Art;18;Jordbrukslandskap (J) - Stor betydelse, Skog (S) - Stor betydelse;VU;"B1ab(i,ii,iii,iv)+2ab(i,ii,iii,iv); D1"
232064;108615;Hieracium subulicuspis;narrtallfibbla;Art;33;Jordbrukslandskap (J) - Stor betydelse, Skog (S) - Stor betydelse;VU;"B2ab(ii,iii,iv,v); D1"
232071;108616;Hieracium tanaodeirum;mörkhårig hällfibbla;Art;15;Jordbrukslandskap (J) - Stor betydelse, Skog (S) - Stor betydelse;VU;"B1ab(ii,iii,iv,v)+2ab(ii,iii,iv,v); D1"
231463;108618;Hieracium verniferum;jungfrufibbla;Art;23;Jordbrukslandskap (J) - Stor betydelse, Skog (S) - Stor betydelse;VU;D1
232111;108619;Hieracium vinaceiforme;kvigfibbla;Art;38;Jordbrukslandskap (J) - Stor betydelse, Skog (S) - Stor betydelse;VU;B1ab(ii,iii,iv,v)+2ab(ii,iii,iv,v)
232112;108620;Hieracium vinaceum;vinfibbla;Art;23;Jordbrukslandskap (J) - Stor betydelse, Skog (S) - Stor betydelse;VU;"B1ab(ii,iii,iv,v)+2ab(ii,iii,iv,v); D1"
232118;108621;Hieracium xystophorum;viggfibbla;Art;83;Jordbrukslandskap (J) - Stor betydelse, Skog (S) - Stor betydelse;VU;B2ab(ii,iii,iv,v)
232120;108622;Hieracium zonulatiforme;druvfibbla;Art;41;Jordbrukslandskap (J) - Stor betydelse, Skog (S) - Stor betydelse;VU;"B1ab(ii,iii,iv,v)+2ab(ii,iii,iv,v); D1"
232121;108623;Hieracium zonulatum;zonfibbla;Art;30;Jordbrukslandskap (J) - Stor betydelse, Skog (S) - Stor betydelse;EN;"B1ab(i,ii,iii,iv)+2ab(i,ii,iii,iv); C2a(i)"
231477;108682;Hieracium abiegni;granlundsfibbla;Art;11;Skog (S) - Stor betydelse;CR;B1ab(ii,iii,iv,v)+2ab(ii,iii,iv,v)
231478;108683;Hieracium abrupticuspis;;Art;7;Skog (S) - Stor betydelse;EN;"B1ab(ii,iii,iv,v)+2ab(ii,iii,iv,v); C2a(i)"
231479;108684;Hieracium accrescens;;Art;16;Urban miljö (U) - Stor betydelse;VU;D1
231485;108688;Hieracium acuens;slipfibbla;Art;18;Skog (S) - Stor betydelse;EN;"B1ab(ii,iii,iv,v)+2ab(ii,iii,iv,v); C2a(i)"
231488;108691;Hieracium aemulans;;Art;9;Urban miljö (U) - Stor betydelse;EN;D
231489;108692;Hieracium aequialtum;;Art;91;Urban miljö (U) - Stor betydelse;NT;"B1a+2a; D1"
231490;108693;Hieracium aethalodes;;Art;18;Urban miljö (U) - Stor betydelse;VU;"B1ab(v)+2ab(v); D1"
231493;108696;Hieracium ageneium;;Art;9;Urban miljö (U) - Stor betydelse;EN;D
231497;108698;Hieracium albovittatum;vitbandad fibbla;Art;126;Skog (S) - Stor betydelse;VU;"B2ab(ii,iii,iv,v); C2a(i)"
266280;108699;Hieracium alces;älgfibbla;Art;34;Jordbrukslandskap (J) - Stor betydelse;VU;B2ab(iv,v)
231500;108702;Hieracium altipes;rävfibbla;Art;87;Skog (S) - Stor betydelse;EN;"B2ab(ii,iii,iv,v); C2a(i)"
231503;108704;Hieracium amblyglochin;svansfibbla;Art;40;Skog (S) - Stor betydelse;EN;"B2ab(ii,iii,iv,v); C2a(i)"
231505;108705;Hieracium amblyodontum;;Art;10;Urban miljö (U) - Stor betydelse;CR;B1ab(v)+2ab(v)
231507;108707;Hieracium amoenifrons;spolfibbla;Art;13;Jordbrukslandskap (J) - Stor betydelse, Skog (S) - Stor betydelse;CR;"B2ab(ii,iii,iv,v); C2a(i)"
231510;108710;Hieracium ancisum;hårlös rivfibbla;Art;16;Jordbrukslandskap (J) - Stor betydelse, Skog (S) - Stor betydelse;EN;"B2ab(ii,iii,iv,v); C2a(i)"
231513;108713;Hieracium angulosum;kantfibbla;Art;31;Jordbrukslandskap (J) - Stor betydelse, Skog (S) - Stor betydelse;EN;"B1ab(ii,iii,iv,v)+2ab(ii,iii,iv,v); C2a(i)"
231516;108715;Hieracium anisolepis;;Art;5;Urban miljö (U) - Stor betydelse;RE;
231517;108716;Hieracium anisolobum;;Art;6;Jordbrukslandskap (J) - Stor betydelse, Skog (S) - Stor betydelse;EN;"B1ab(ii,iii,iv,v); D"
231520;108718;Hieracium anthracostylum;;Art;14;Urban miljö (U) - Stor betydelse;EN;D
231522;108719;Hieracium appendiculatum;;Art;13;Urban miljö (U) - Stor betydelse;EN;"B1ab(v)+2ab(v); D"
231525;108721;Hieracium araeocladum;;Art;2;Urban miljö (U) - Stor betydelse;EN;D
231527;108722;Hieracium argentimontanum;silverbergsfibbla;Art;27;Jordbrukslandskap (J) - Stor betydelse, Skog (S) - Stor betydelse;EN;"B2ab(ii,iii,iv,v); C2a(i)"
231532;108724;Hieracium asteroloma;;Art;6;Urban miljö (U) - Stor betydelse;EN;B1ab(v)+2ab(v)
231533;108725;Hieracium aterrimum;;Art;65;Urban miljö (U) - Stor betydelse;EN;B1ab(v)
231534;108726;Hieracium atricolor;;Art;9;Jordbrukslandskap (J) - Stor betydelse, Skog (S) - Stor betydelse;NT;D1
231537;108728;Hieracium baliophyllum;;Art;65;Urban miljö (U) - Stor betydelse;VU;B2ab(v)
231538;108729;Hieracium baroniae;;Art;12;Urban miljö (U) - Stor betydelse;RE;
231541;108733;Hieracium basifalcatum;;Art;27;Jordbrukslandskap (J) - Stor betydelse, Skog (S) - Stor betydelse;NT;D1
231542;108734;Hieracium basilacinium;;Art;24;Jordbrukslandskap (J) - Stor betydelse, Skog (S) - Stor betydelse;NT;D1
231543;108735;Hieracium basilimbatum;;Art;4;Urban miljö (U) - Stor betydelse;EN;D
231546;108738;Hieracium bathymallum;;Art;56;Urban miljö (U) - Stor betydelse;NT;"B2a; D1"
231547;108739;Hieracium bembicophorum;;Art;26;Urban miljö (U) - Stor betydelse;EN;D
231549;108740;Hieracium betuletorum;;Art;9;Jordbrukslandskap (J) - Stor betydelse, Skog (S) - Stor betydelse;NT;D1
231553;108743;Hieracium brachycodon;;Art;17;Urban miljö (U) - Stor betydelse;EN;"B1ab(v); D"
231554;108744;Hieracium brachythysanum;;Art;44;Urban miljö (U) - Stor betydelse;VU;D1
231560;108748;Hieracium brevipilosum;snaggfibbla;Art;24;Urban miljö (U) - Stor betydelse;NT;D1
231568;108753;Hieracium caliginosum;lansettfibbla;Art;324;Skog (S) - Stor betydelse;VU;B2ab(ii,iii,iv,v)
231572;108757;Hieracium camurum;krumfibbla;Art;26;Jordbrukslandskap (J) - Stor betydelse, Skog (S) - Stor betydelse;EN;"B2ab(ii,iii,iv,v); C2a(i)"
231573;108758;Hieracium canipediforme;valpfibbla;Art;90;Jordbrukslandskap (J) - Stor betydelse, Skog (S) - Stor betydelse;EN;"B2ab(ii,iii,iv,v); C2a(i)"
231582;108765;Hieracium carcarophyllum;hajtandsfibbla;Art;20;Jordbrukslandskap (J) - Stor betydelse, Skog (S) - Stor betydelse;EN;"B1ab(ii,iii,iv,v)+2ab(ii,iii,iv,v); C2a(i)"
231590;108770;Hieracium chloeropis;gräsgrön fibbla;Art;31;Jordbrukslandskap (J) - Stor betydelse, Skog (S) - Stor betydelse;CR;C2a(i)
231592;108773;Hieracium chloromaurum;vesslefibbla;Art;62;Skog (S) - Stor betydelse;VU;D1
231596;108776;Hieracium ciliatiforme;tabergsfibbla;Art;21;Skog (S) - Stor betydelse;EN;"B2ab(ii,iii,iv,v); C2a(i)"
251278;108777;Hieracium cirrobractum;plymfibbla;Art;11;Jordbrukslandskap (J) - Stor betydelse, Skog (S) - Stor betydelse;EN;"B2ab(ii,iii,iv,v); C2a(i)"
231604;108781;Hieracium comanticeps;boafibbla;Art;32;Jordbrukslandskap (J) - Stor betydelse, Skog (S) - Stor betydelse;VU;"B2ab(ii,iii,iv,v); D1"
231605;108782;Hieracium comitans;;Art;20;Urban miljö (U) - Stor betydelse;CR;B1ab(v)
231608;108787;Hieracium contaminatum;;Art;83;Urban miljö (U) - Stor betydelse;NT;B2a
231611;108790;Hieracium convergentipes;;Art;40;Jordbrukslandskap (J) - Stor betydelse, Skog (S) - Stor betydelse;NT;D1
231613;108791;Hieracium corniculans;;Art;7;Jordbrukslandskap (J) - Stor betydelse, Skog (S) - Stor betydelse;EN;D
231614;108792;Hieracium corynodes;;Art;5;Jordbrukslandskap (J) - Stor betydelse, Skog (S) - Stor betydelse;NT;D1
231615;108793;Hieracium cosmiodontum;rönnfibbla;Art;90;Jordbrukslandskap (J) - Stor betydelse, Skog (S) - Stor betydelse;NT;B2ab(ii,iii,iv,v)
231616;108794;Hieracium crassiceps;storkorgsfibbla;Art;276;Jordbrukslandskap (J) - Stor betydelse, Skog (S) - Stor betydelse;EN;B2ab(ii,iii,iv,v)
231619;108797;Hieracium crenosum;;Art;24;Jordbrukslandskap (J) - Stor betydelse, Skog (S) - Stor betydelse;VU;D1
231621;108799;Hieracium crispatulum;;Art;12;Urban miljö (U) - Stor betydelse;EN;"B1ab(v)+2ab(v); D"
231624;108802;Hieracium cuprimontanum;kopparbergsfibbla;Art;53;Jordbrukslandskap (J) - Stor betydelse, Skog (S) - Stor betydelse;EN;"B2ab(ii,iii,iv,v); C2a(i)"
231626;108804;Hieracium cyclum;hjulfibbla;Art;25;Jordbrukslandskap (J) - Stor betydelse, Skog (S) - Stor betydelse;EN;"B2ab(ii,iii,iv,v); C2a(i)"
231628;108806;Hieracium cyrtocladum;;Art;67;Urban miljö (U) - Stor betydelse;VU;B2ab(v)
231630;108808;Hieracium dactylites;spatelfibbla;Art;82;Jordbrukslandskap (J) - Stor betydelse, Skog (S) - Stor betydelse;NT;D1
231632;108809;Hieracium daniciforme;;Art;22;Jordbrukslandskap (J) - Stor betydelse, Skog (S) - Stor betydelse;CR;C2a(i)
231636;108812;Hieracium decorans;;Art;13;Urban miljö (U) - Stor betydelse;VU;"B1ab(v)+2ab(v); D1"
231637;108813;Hieracium decurrentidens;;Art;38;Jordbrukslandskap (J) - Stor betydelse, Skog (S) - Stor betydelse;NT;D1
231638;108814;Hieracium delime;limafibbla;Art;22;Jordbrukslandskap (J) - Stor betydelse, Skog (S) - Stor betydelse;EN;"B2ab(ii,iii,iv,v); C2a(i)"
231640;108816;Hieracium densecomosum;östmarksfibbla;Art;5;Jordbrukslandskap (J) - Stor betydelse, Skog (S) - Stor betydelse;EN;"B1ab(ii,iii,iv,v)+2ab(ii,iii,iv,v); C2a(i)"
231643;108819;Hieracium densipellitum;;Art;4;Urban miljö (U) - Stor betydelse;EN;D
231645;108821;Hieracium dentifolium;växeltandsfibbla;Art;293;Jordbrukslandskap (J) - Stor betydelse, Skog (S) - Stor betydelse;VU;B2ab(ii,iii,iv,v)
231649;108825;Hieracium diphyllum;;Art;26;Urban miljö (U) - Stor betydelse;VU;D1
231650;108826;Hieracium distanticeps;;Art;12;Jordbrukslandskap (J) - Stor betydelse, Skog (S) - Stor betydelse;NT;D1
231651;108827;Hieracium distinctum;särfibbla;Art;56;Jordbrukslandskap (J) - Stor betydelse, Skog (S) - Stor betydelse;EN;"B2ab(ii,iii,iv,v); C2a(i)"
231653;108829;Hieracium distrudens;malungsfibbla;Art;8;Jordbrukslandskap (J) - Stor betydelse, Skog (S) - Stor betydelse;EN;D
231654;108830;Hieracium dolichophyllum;;Art;7;Urban miljö (U) - Stor betydelse;EN;"B1ab(iv,v)+2ab(iv,v); D"
231655;108831;Hieracium duderhultense;döderhultsfibbla;Art;52;Skog (S) - Stor betydelse;EN;"B1ab(ii,iii,iv,v)+2ab(ii,iii,iv,v); C2a(i)"
231657;108833;Hieracium durum;;Art;19;Urban miljö (U) - Stor betydelse;EN;B2ab(v)
231661;108837;Hieracium elvdalense;älvdalsfibba;Art;75;Jordbrukslandskap (J) - Stor betydelse, Skog (S) - Stor betydelse;EN;"B1ab(ii,iii,iv,v)+2ab(ii,iii,iv,v); C2a(i)"
231663;108839;Hieracium erioneurum;;Art;34;Urban miljö (U) - Stor betydelse;RE;
231664;108840;Hieracium erysibodes;luddfibbla;Art;45;Jordbrukslandskap (J) - Stor betydelse, Skog (S) - Stor betydelse;EN;"B2ab(ii,iii,iv,v); C2a(i)"
231665;108841;Hieracium ethologum;gycklarfibbla;Art;20;Jordbrukslandskap (J) - Stor betydelse, Skog (S) - Stor betydelse;EN;"B2ab(ii,iii,iv,v); C2a(i)"
231667;108843;Hieracium eudaedalum;bårdfibbla;Art;55;Jordbrukslandskap (J) - Stor betydelse, Skog (S) - Stor betydelse;EN;"B2ab(ii,iii,iv,v); C2a(i)"
231668;108844;Hieracium eumeces;skinkfibbla;Art;104;Jordbrukslandskap (J) - Stor betydelse, Skog (S) - Stor betydelse;VU;B2ab(ii,iii,iv,v)
231669;108845;Hieracium eurygonium;;Art;29;Jordbrukslandskap (J) - Stor betydelse, Skog (S) - Stor betydelse;EN;"B2ab(ii,iii,iv,v); C2a(i)"
231671;108847;Hieracium euthysanum;stickfibbla;Art;40;Jordbrukslandskap (J) - Stor betydelse, Skog (S) - Stor betydelse;EN;"B2ab(ii,iii,iv,v); C2a(i)"
231672;108848;Hieracium evae;evafibbla;Art;1;Urban miljö (U) - Stor betydelse;EN;D
231673;108849;Hieracium expallescens;blek trollfibbla;Art;72;Skog (S) - Stor betydelse;EN;"B2ab(ii,iii,iv,v); C2a(i)"
231681;108856;Hieracium flagriferum;kolmårdsfibbla;Art;165;Skog (S) - Stor betydelse;EN;"B1ab(ii,iii,iv,v)+2ab(ii,iii,iv,v); C2a(i)"
231683;108858;Hieracium fodinarium;;Art;9;Jordbrukslandskap (J) - Stor betydelse, Skog (S) - Stor betydelse;EN;D
231684;108859;Hieracium froederstroemii;;Art;12;Urban miljö (U) - Stor betydelse;EN;D
231685;108861;Hieracium funerale;trattfibbla;Art;46;Jordbrukslandskap (J) - Stor betydelse, Skog (S) - Stor betydelse;EN;"B2ab(ii,iii,iv,v); C2a(i)"
231690;108866;Hieracium gerontocephalum;;Art;13;Urban miljö (U) - Stor betydelse;VU;D1
231691;108867;Hieracium gilvocaniceps;gulgrå fibbla;Art;80;Jordbrukslandskap (J) - Stor betydelse, Skog (S) - Stor betydelse;EN;B2ab(ii,iii,iv,v)
231692;108868;Hieracium glandulosissimum;aspfibbla;Art;234;Jordbrukslandskap (J) - Stor betydelse, Skog (S) - Stor betydelse;VU;"B2ab(ii,iii,iv,v); C2a(i)"
231696;108872;Hieracium grandidentiforme;;Art;3;Urban miljö (U) - Stor betydelse;CR;B1ab(v)
231697;108873;Hieracium grandifoliatum;;Art;89;Urban miljö (U) - Stor betydelse;VU;D1
231698;108874;Hieracium grandiserratum;;Art;64;Urban miljö (U) - Stor betydelse;VU;B2ab(v)
231699;108875;Hieracium gripharium;gripfibbla;Art;63;Jordbrukslandskap (J) - Stor betydelse, Skog (S) - Stor betydelse;EN;"B2ab(ii,iii,iv,v); C2a(i)"
231702;108878;Hieracium guttatifrons;;Art;11;Urban miljö (U) - Stor betydelse;VU;"B1ab(v)+2ab(v); D1"
231705;108880;Hieracium haboënse;habofibbla;Art;26;Skog (S) - Stor betydelse;EN;"B1ab(ii,iii,iv,v)+2ab(ii,iii,iv,v); C2a(i)"
231706;108881;Hieracium haegerstroemii;hägerströmsfibbla;Art;173;Jordbrukslandskap (J) - Stor betydelse, Skog (S) - Stor betydelse;NT;B2ab(ii,iii,iv,v)
231708;108883;Hieracium hastato-ovatum;;Art;13;Jordbrukslandskap (J) - Stor betydelse, Skog (S) - Stor betydelse;EN;"B1ab(v)+2ab(v); D"
231710;108884;Hieracium hepaticolor;pilfibbla;Art;84;Jordbrukslandskap (J) - Stor betydelse, Skog (S) - Stor betydelse;EN;"B2ab(ii,iii,iv,v); C2a(i)"
231712;108886;Hieracium hjeltii;hjeltfibbla;Art;254;Jordbrukslandskap (J) - Stor betydelse, Skog (S) - Stor betydelse;NT;"B2ab(ii,iii,iv,v); C2a(i)"
231714;108888;Hieracium hortense;;Art;7;Urban miljö (U) - Stor betydelse;CR;B2ab(v)
231716;108890;Hieracium hyperlepideum;rosenfotad fibbla;Art;81;Jordbrukslandskap (J) - Stor betydelse, Skog (S) - Stor betydelse;EN;B2ab(ii,iii,iv,v)
231717;108891;Hieracium hypomallum;;Art;29;Urban miljö (U) - Stor betydelse;EN;B2ab(v)
231718;108892;Hieracium hypsilophum;;Art;80;Jordbrukslandskap (J) - Stor betydelse, Skog (S) - Stor betydelse;NT;D1
231719;108894;Hieracium imberbe;;Art;10;Urban miljö (U) - Stor betydelse;EN;"B1ab(v)+2ab(v); D"
231722;108897;Hieracium incrassans;kålfibbla;Art;174;Jordbrukslandskap (J) - Stor betydelse, Skog (S) - Stor betydelse;VU;"B2ab(ii,iii,iv,v); C2a(i)"
231725;108900;Hieracium inophyllum;småfibbla;Art;16;Jordbrukslandskap (J) - Stor betydelse, Skog (S) - Stor betydelse;EN;"B1ab(ii,iii,iv,v)+2ab(ii,iii,iv,v); C2a(i)"
231727;108902;Hieracium integratifrons;helfibbla;Art;107;Jordbrukslandskap (J) - Stor betydelse, Skog (S) - Stor betydelse;VU;"B2ab(ii,iii,iv,v); C2a(i)"
231729;108904;Hieracium intercalatum;korpfibbla;Art;59;Jordbrukslandskap (J) - Stor betydelse, Skog (S) - Stor betydelse;EN;"B1ab(ii,iii,iv,v)+2ab(ii,iii,iv,v); C2a(i)"
231730;108905;Hieracium intercedens;;Art;17;Urban miljö (U) - Stor betydelse;EN;B2ab(v)
231732;108906;Hieracium intermarginatum;kuggfibbla;Art;3;Jordbrukslandskap (J) - Stor betydelse, Skog (S) - Stor betydelse;CR;B1ab(ii,iii,iv,v)
251311;108909;Hieracium irmae;irmafibbla;Art;14;Jordbrukslandskap (J) - Stor betydelse, Skog (S) - Stor betydelse;EN;"B1ab(ii,iii,iv,v)+2ab(ii,iii,iv,v); C2a(i)"
231736;108911;Hieracium issenii;;Art;53;Urban miljö (U) - Stor betydelse;EN;"B1ab(v); D"
231738;108912;Hieracium ithytomum;tvåbladig fibbla;Art;61;Jordbrukslandskap (J) - Stor betydelse, Skog (S) - Stor betydelse;EN;"B2ab(ii,iii,iv,v); C2a(i)"
231739;108913;Hieracium jaedrense;jädraåsfibbla;Art;17;Urban miljö (U) - Stor betydelse;EN;D
231741;108915;Hieracium johanssonii;lövhultsfibbla;Art;49;Skog (S) - Stor betydelse;EN;"B1ab(ii,iii,iv,v)+2ab(ii,iii,iv,v); C2a(i)"
231743;108916;Hieracium juncinescens;småkorgig vargfibbla;Art;22;Jordbrukslandskap (J) - Stor betydelse, Skog (S) - Stor betydelse;EN;"B1ab(ii,iii,iv,v)+2ab(ii,iii,iv,v); C2a(i); D"
231745;108919;Hieracium koehleri;;Art;166;Urban miljö (U) - Stor betydelse;NT;B2a
231750;108922;Hieracium larssonii;larssonfibbla;Art;1;Urban miljö (U) - Stor betydelse;EN;D
231752;108924;Hieracium latidens;;Art;8;Jordbrukslandskap (J) - Stor betydelse, Skog (S) - Stor betydelse;VU;D1
231754;108927;Hieracium laxilimbatum;;Art;11;Urban miljö (U) - Stor betydelse;EN;"B1ab(v)+2ab(v); D"
231760;108932;Hieracium leurolonchum;;Art;14;Jordbrukslandskap (J) - Stor betydelse, Skog (S) - Stor betydelse;VU;D1
251314;108936;Hieracium limitaneum;ljus flikfibbla;Art;12;Jordbrukslandskap (J) - Stor betydelse, Skog (S) - Stor betydelse;EN;"B2ab(ii,iii,iv,v); C2a(i)"
231770;108941;Hieracium ludificans;clownfibbla;Art;14;Jordbrukslandskap (J) - Stor betydelse, Skog (S) - Stor betydelse;CR;C2a(i)
231771;108942;Hieracium luzuleti;;Art;15;Urban miljö (U) - Stor betydelse;EN;B2ab(v)
231774;108945;Hieracium machairodon;knivfibbla;Art;18;Jordbrukslandskap (J) - Stor betydelse, Skog (S) - Stor betydelse;EN;"B1ab(ii,iii,iv,v)+2ab(ii,iii,iv,v); C2a(i)"
231775;108946;Hieracium macradenium;tofsfibbla;Art;97;Skog (S) - Stor betydelse;EN;"B2ab(ii,iii,iv,v); C2a(i)"
231776;108947;Hieracium macrocoelium;långfjällig fibbla;Art;7;Urban miljö (U) - Stor betydelse;EN;D
231777;108948;Hieracium macromalloides;raggfibbla;Art;33;Jordbrukslandskap (J) - Stor betydelse, Skog (S) - Stor betydelse;EN;"B1ab(ii,iii,iv,v)+2ab(ii,iii,iv,v); C2a(i)"
231778;108949;Hieracium macromallum;tossåsfibbla;Art;67;Jordbrukslandskap (J) - Stor betydelse, Skog (S) - Stor betydelse;EN;B2ab(iv,v)
231779;108951;Hieracium macrurum;;Art;16;Urban miljö (U) - Stor betydelse;VU;D1
231785;108954;Hieracium malaxatum;mjukbladig fibbla;Art;33;Jordbrukslandskap (J) - Stor betydelse, Skog (S) - Stor betydelse;EN;"B1ab(ii,iii,iv,v)+2ab(ii,iii,iv,v); C2a(i)"
231333;108955;Hieracium mallophyllum;pälsfibbla;Art;74;Jordbrukslandskap (J) - Stor betydelse, Skog (S) - Stor betydelse;EN;"B1ab(ii,iii,iv,v)+2ab(ii,iii,iv,v); C2a(i)"
231786;108956;Hieracium mallopodoides;ljus tassfibbla;Art;11;Jordbrukslandskap (J) - Stor betydelse, Skog (S) - Stor betydelse;CR;"B1ab(ii,iii,iv,v)+2ab(ii,iii,iv,v); C2a(i)"
231787;108957;Hieracium mallopodum;tassfibbla;Art;116;Skog (S) - Stor betydelse;VU;"B2ab(ii,iii,iv,v); C2a(i)"
267089;108960;Hieracium marginelliceps;;Art;11;Jordbrukslandskap (J) - Stor betydelse;EN;D
231795;108962;Hieracium maurostylum;;Art;15;Urban miljö (U) - Stor betydelse;EN;B1ab(v)+2ab(v)
231799;108965;Hieracium membrosum;högfibbla;Art;49;Jordbrukslandskap (J) - Stor betydelse, Skog (S) - Stor betydelse;EN;"B2ab(ii,iii,iv,v); C2a(i)"
231802;108969;Hieracium microcodon;;Art;30;Urban miljö (U) - Stor betydelse;VU;D1
231805;108972;Hieracium mimeticum;;Art;25;Urban miljö (U) - Stor betydelse;EN;B2ab(v)
231807;108974;Hieracium molucratum;ärnäsfibbla;Art;9;Jordbrukslandskap (J) - Stor betydelse, Skog (S) - Stor betydelse;CR;"B1ab(ii,iii,iv,v)+2ab(ii,iii,iv,v); C2a(i)"
231810;108975;Hieracium monochroum;;Art;34;Jordbrukslandskap (J) - Stor betydelse, Skog (S) - Stor betydelse;NT;D1
231811;108977;Hieracium monstrosum;;Art;36;Urban miljö (U) - Stor betydelse;NT;"B2a; D1"
251316;108979;Hieracium mucrodentatum;snipfibbla;Art;4;Jordbrukslandskap (J) - Stor betydelse, Skog (S) - Stor betydelse;CR;"B2ab(ii,iii,iv,v); C2a(i)"
231813;108980;Hieracium mucroniferum;;Art;46;Urban miljö (U) - Stor betydelse;VU;D1
231814;108981;Hieracium multisigne;hårig triangelfibbla;Art;7;Jordbrukslandskap (J) - Stor betydelse, Skog (S) - Stor betydelse;CR;C2a(i)
231815;108984;Hieracium mundulum;nubbfibbla;Art;193;Skog (S) - Stor betydelse;NT;B2ab(ii,iii,iv,v)
231818;108987;Hieracium myrtillinum;blåbärsfibbla;Art;6;Jordbrukslandskap (J) - Stor betydelse, Skog (S) - Stor betydelse;VU;"B1ab(ii,iii,iv,v)+2ab(ii,iii,iv,v); D1"
231823;108992;Hieracium neoserratifrons;sågfibbla;Art;302;Jordbrukslandskap (J) - Stor betydelse, Skog (S) - Stor betydelse;VU;B2ab(ii,iii,iv,v)
231825;108994;Hieracium neritodon;smedfibbla;Art;21;Jordbrukslandskap (J) - Stor betydelse, Skog (S) - Stor betydelse;EN;"B2ab(ii,iii,iv,v); C2a(i)"
231827;108995;Hieracium nigrisquameum;;Art;20;Urban miljö (U) - Stor betydelse;EN;B2ab(v)
231829;108997;Hieracium nigrocyaneum;svartblå fibbla;Art;4;Jordbrukslandskap (J) - Stor betydelse, Skog (S) - Stor betydelse;EN;D
231837;109004;Hieracium nuoliense;;Art;46;Jordbrukslandskap (J) - Stor betydelse, Skog (S) - Stor betydelse;NT;D1
231840;109007;Hieracium obellipticum;;Art;31;Jordbrukslandskap (J) - Stor betydelse, Skog (S) - Stor betydelse;VU;D1
231841;109008;Hieracium oblanceolatum;rännebergsfibbla;Art;13;Jordbrukslandskap (J) - Stor betydelse, Skog (S) - Stor betydelse;EN;"B1ab(ii,iii,iv,v)+2ab(ii,iii,iv,v); C2a(i)"
231842;109009;Hieracium obliquifolium;vätterfibbla;Art;167;Skog (S) - Stor betydelse;EN;"B2ab(ii,iii,iv,v); C2a(i)"
231844;109010;Hieracium obovatifrons;ruskåsfibbla;Art;10;Jordbrukslandskap (J) - Stor betydelse, Skog (S) - Stor betydelse;EN;"B1ab(ii,iii,iv,v)+2ab(ii,iii,iv,v); C2a(i)"
231847;109013;Hieracium obtusius;;Art;44;Urban miljö (U) - Stor betydelse;NT;D1
231848;109014;Hieracium obtusoserratum;vågfibbla;Art;100;Jordbrukslandskap (J) - Stor betydelse, Skog (S) - Stor betydelse;VU;B2ab(ii,iii,iv,v)
231852;109019;Hieracium ocriophyllum;sälenfibbla;Art;25;Jordbrukslandskap (J) - Stor betydelse, Skog (S) - Stor betydelse;EN;"B1ab(ii,iii,iv,v)+2ab(ii,iii,iv,v); C2a(i)"
231854;109021;Hieracium offulgens;blixtfibbla;Art;32;Jordbrukslandskap (J) - Stor betydelse, Skog (S) - Stor betydelse;EN;"B1ab(ii,iii,iv,v)+2ab(ii,iii,iv,v); C2a(i)"
231855;109022;Hieracium ohlsenii;;Art;56;Urban miljö (U) - Stor betydelse;NT;"B2a; D1"
231856;109023;Hieracium oistophyllum;trollfibbla;Art;916;Jordbrukslandskap (J) - Stor betydelse, Skog (S) - Stor betydelse;NT;B2ab(ii,iii,iv,v)
231858;109025;Hieracium oligogonium;vinkeltandsfibbla;Art;15;Jordbrukslandskap (J) - Stor betydelse, Skog (S) - Stor betydelse;EN;"B2ab(ii,iii,iv,v); C2a(i)"
231859;109026;Hieracium oligolepium;fåfjällig fibbla;Art;17;Jordbrukslandskap (J) - Stor betydelse, Skog (S) - Stor betydelse;CR;C2a(i)
231860;109027;Hieracium oligopolium;;Art;29;Jordbrukslandskap (J) - Stor betydelse, Skog (S) - Stor betydelse;VU;D1
231861;109028;Hieracium oligozum;;Art;50;Jordbrukslandskap (J) - Stor betydelse, Skog (S) - Stor betydelse;NT;D1
231862;109029;Hieracium onychodontum;;Art;27;Urban miljö (U) - Stor betydelse;NT;"B2a; D1"
231871;109037;Hieracium osmundaceum;osmundsfibbla;Art;73;Jordbrukslandskap (J) - Stor betydelse, Skog (S) - Stor betydelse;EN;"B2ab(ii,iii,iv,v); C2a(i)"
231872;109038;Hieracium otophorum;;Art;71;Urban miljö (U) - Stor betydelse;EN;B2ab(v)
231879;109043;Hieracium parallelisquameum;;Art;30;Urban miljö (U) - Stor betydelse;NT;"B2a; D1"
231880;109044;Hieracium paramaurum;dysterfibbla;Art;99;Jordbrukslandskap (J) - Stor betydelse, Skog (S) - Stor betydelse;EN;B2ab(ii,iii,iv,v)
231881;109046;Hieracium parmiferum;sköldfibbla;Art;10;Jordbrukslandskap (J) - Stor betydelse, Skog (S) - Stor betydelse;CR;"B1ab(ii,iii,iv,v)+2ab(ii,iii,iv,v); C2a(i)"
231882;109047;Hieracium parmulatum;mörkhövdad fibbla;Art;39;Jordbrukslandskap (J) - Stor betydelse, Skog (S) - Stor betydelse;EN;"B2ab(ii,iii,iv,v); C2a(i)"
231883;109048;Hieracium parvulifrons;;Art;28;Jordbrukslandskap (J) - Stor betydelse, Skog (S) - Stor betydelse;NT;D1
231886;109051;Hieracium pectinatum;kamfibbla;Art;89;Jordbrukslandskap (J) - Stor betydelse, Skog (S) - Stor betydelse;EN;"B2ab(ii,iii,iv,v); C2a(i)"
231894;109056;Hieracium perelegans;smalfibbla;Art;19;Jordbrukslandskap (J) - Stor betydelse, Skog (S) - Stor betydelse;NT;D1
231895;109057;Hieracium perexpansum;;Art;20;Urban miljö (U) - Stor betydelse;EN;B2ab(v)
231896;109058;Hieracium perlaxum;grovtandad fibbla;Art;126;Jordbrukslandskap (J) - Stor betydelse, Skog (S) - Stor betydelse;EN;B2ab(ii,iii,iv,v)
231904;109065;Hieracium phaleratum;limbergsfibbla;Art;64;Jordbrukslandskap (J) - Stor betydelse, Skog (S) - Stor betydelse;CR;"B1ab(ii,iii,iv,v); C2a(i)"
231908;109069;Hieracium pilulicuspis;kulfibbla;Art;10;Jordbrukslandskap (J) - Stor betydelse, Skog (S) - Stor betydelse;EN;"B1ab(ii,iii,iv,v)+2ab(ii,iii,iv,v); C2a(i)"
231911;109071;Hieracium planifrons;arfibbla;Art;2;Jordbrukslandskap (J) - Stor betydelse, Skog (S) - Stor betydelse;EN;"B2ab(ii,iii,iv,v); D"
231913;109073;Hieracium platyanthelum;;Art;5;Urban miljö (U) - Stor betydelse;EN;B2ab(v)
231921;109080;Hieracium poliosteleum;;Art;16;Jordbrukslandskap (J) - Stor betydelse, Skog (S) - Stor betydelse;NT;D1
231923;109082;Hieracium polycritum;;Art;7;Jordbrukslandskap (J) - Stor betydelse, Skog (S) - Stor betydelse;VU;D1
231924;109083;Hieracium polycymum;krusfibbla;Art;4;Jordbrukslandskap (J) - Stor betydelse, Skog (S) - Stor betydelse;EN;"B1ab(ii,iii,iv,v)+2ab(ii,iii,iv,v); C2a(i)"
231928;109087;Hieracium polypelium;närkefibbla;Art;11;Jordbrukslandskap (J) - Stor betydelse, Skog (S) - Stor betydelse;EN;"B2ab(ii,iii,iv,v); C2a(i); D"
231929;109088;Hieracium porphyritifrons;;Art;58;Jordbrukslandskap (J) - Stor betydelse, Skog (S) - Stor betydelse;NT;D1
231930;109089;Hieracium porphyrostictum;;Art;13;Urban miljö (U) - Stor betydelse;VU;D1
231933;109091;Hieracium praetusum;nystfibbla;Art;17;Jordbrukslandskap (J) - Stor betydelse, Skog (S) - Stor betydelse;EN;"B1ab(ii,iii,iv,v)+2ab(ii,iii,iv,v); C2a(i)"
231942;109096;Hieracium protractifrons;;Art;38;Urban miljö (U) - Stor betydelse;EN;"B1ab(v)+2ab(v); D"
231950;109102;Hieracium pseudoincrassans;gunnarfibbla;Art;75;Jordbrukslandskap (J) - Stor betydelse, Skog (S) - Stor betydelse;EN;"B2ab(ii,iii,iv,v); C2a(i)"
231952;109103;Hieracium pseudopachyodon;;Art;43;Urban miljö (U) - Stor betydelse;EN;B2ab(v)
231953;109106;Hieracium pseudoringselense;;Art;8;Jordbrukslandskap (J) - Stor betydelse, Skog (S) - Stor betydelse;VU;D1
231955;109107;Hieracium pseudostenolepis;;Art;22;Jordbrukslandskap (J) - Stor betydelse, Skog (S) - Stor betydelse;NT;D1
231956;109108;Hieracium psiloloma;;Art;4;Urban miljö (U) - Stor betydelse;CR;"B2ab(v); D"
231957;109109;Hieracium psilurum;;Art;88;Urban miljö (U) - Stor betydelse;NT;B2a
231958;109110;Hieracium psittacinum;;Art;35;Urban miljö (U) - Stor betydelse;CR;"B2ab(iv,v); D"
231959;109111;Hieracium pteropodium;stegfibbla;Art;15;Jordbrukslandskap (J) - Stor betydelse, Skog (S) - Stor betydelse;EN;"B1ab(ii,iii,iv,v)+2ab(ii,iii,iv,v); C2a(i); D"
231961;109112;Hieracium ptilophorum;;Art;12;Urban miljö (U) - Stor betydelse;VU;D1
231962;109113;Hieracium pulchriceps;;Art;13;Urban miljö (U) - Stor betydelse;EN;B2ab(v)
231966;109118;Hieracium puricolor;stödefibbla;Art;48;Jordbrukslandskap (J) - Stor betydelse, Skog (S) - Stor betydelse;EN;"B1ab(ii,iii,iv,v)+2ab(ii,iii,iv,v); C2a(i); D"
231968;109120;Hieracium pycnodon;sydlig trollfibbla;Art;168;Skog (S) - Stor betydelse;EN;B2ab(ii,iii,iv,v)
231969;109121;Hieracium pycnotomum;nätfibbla;Art;12;Jordbrukslandskap (J) - Stor betydelse, Skog (S) - Stor betydelse;CR;C2a(i)
231970;109122;Hieracium quadridentatum;;Art;21;Urban miljö (U) - Stor betydelse;EN;D
231971;109124;Hieracium radiiflorum;;Art;12;Urban miljö (U) - Stor betydelse;EN;D
231972;109125;Hieracium radiodens;stråltandad fibbla;Art;18;Jordbrukslandskap (J) - Stor betydelse, Skog (S) - Har betydelse;EN;"B1ab(ii,iii,iv,v)+2ab(ii,iii,iv,v); C2a(i)"
231974;109127;Hieracium ramselense;;Art;33;Jordbrukslandskap (J) - Stor betydelse, Skog (S) - Stor betydelse;NT;D1
231976;109129;Hieracium regillatum;kungsfibbla;Art;20;Jordbrukslandskap (J) - Stor betydelse, Skog (S) - Stor betydelse;EN;"B2ab(ii,iii,iv,v); C2a(i); D"
231977;109130;Hieracium remanens;hårig granfibbla;Art;118;Jordbrukslandskap (J) - Stor betydelse, Skog (S) - Stor betydelse;VU;B2ab(ii,iii,iv,v)
231978;109131;Hieracium remanentiforme;mörkaklevsfibbla;Art;0;Urban miljö (U) - Stor betydelse;CR;B2ab(iv,v)
231981;109133;Hieracium ringselense;;Art;16;Jordbrukslandskap (J) - Stor betydelse, Skog (S) - Stor betydelse;VU;D1
231988;109135;Hieracium sarissatum;rivfibbla;Art;34;Jordbrukslandskap (J) - Stor betydelse, Skog (S) - Stor betydelse;EN;"B2ab(ii,iii,iv,v); C2a(i)"
231994;109139;Hieracium scotostylum;;Art;13;Urban miljö (U) - Stor betydelse;RE;
231995;109140;Hieracium semicanipes;bräckefibbla;Art;16;Jordbrukslandskap (J) - Stor betydelse;CR;"B1ab(ii,iii,iv,v)+2ab(ii,iii,iv,v); C2a(i)"
231998;109145;Hieracium seriflorum;;Art;30;Urban miljö (U) - Stor betydelse;EN;B1ab(v)+2ab(v)
231999;109146;Hieracium serratoellipticum;timmersågsfibbla;Art;7;Jordbrukslandskap (J) - Stor betydelse, Skog (S) - Stor betydelse;CR;"B1ab(ii,iii,iv,v)+2ab(ii,iii,iv,v); C2a(i)"
232001;109147;Hieracium silboënse;;Art;13;Jordbrukslandskap (J) - Stor betydelse, Skog (S) - Stor betydelse;VU;D1
232009;109150;Hieracium soleifolium;däldfibbla;Art;127;Jordbrukslandskap (J) - Stor betydelse, Skog (S) - Stor betydelse;NT;B2ab(ii,iii,iv,v)
232010;109151;Hieracium spaniotrichum;;Art;7;Urban miljö (U) - Stor betydelse;CR;"B1ab(v)+2ab(v); D"
232011;109152;Hieracium spanocomum;;Art;16;Jordbrukslandskap (J) - Stor betydelse, Skog (S) - Stor betydelse;VU;D1
232012;109153;Hieracium spargens;nordlig sågfibbla;Art;15;Jordbrukslandskap (J) - Stor betydelse, Skog (S) - Stor betydelse;EN;"B1ab(ii,iii,iv,v)+2ab(ii,iii,iv,v); C2a(i); D"
232013;109154;Hieracium sparsidens;spretfibbla;Art;543;Jordbrukslandskap (J) - Stor betydelse, Skog (S) - Stor betydelse;NT;B2ab(ii,iii,iv,v)
232014;109156;Hieracium sparsidentiforme;;Art;14;Jordbrukslandskap (J) - Stor betydelse, Skog (S) - Stor betydelse;NT;D1
232016;109158;Hieracium sparsiguttatum;;Art;46;Urban miljö (U) - Stor betydelse;VU;D1
232021;109162;Hieracium spodiocladum;;Art;30;Urban miljö (U) - Stor betydelse;CR;B1ab(v)
232022;109163;Hieracium spodiolepis;;Art;9;Urban miljö (U) - Stor betydelse;EN;D
232023;109164;Hieracium steenhoffii;grängesbergsfibbla;Art;4;Jordbrukslandskap (J) - Stor betydelse, Skog (S) - Stor betydelse;CR;"B1ab(ii,iii,iv,v)+2ab(ii,iii,iv,v); C2a(i)"
232026;109168;Hieracium stenocranoides;;Art;115;Urban miljö (U) - Stor betydelse;EN;B2ab(v)
232030;109171;Hieracium stenolomoides;rambutanfibbla;Art;80;Jordbrukslandskap (J) - Stor betydelse, Skog (S) - Stor betydelse;EN;"B1ab(ii,iii,iv,v)+2ab(ii,iii,iv,v); C2a(i)"
232038;109176;Hieracium strengnense;;Art;99;Urban miljö (U) - Stor betydelse;EN;B2ab(v)
232039;109177;Hieracium strictipes;;Art;7;Urban miljö (U) - Stor betydelse;EN;D
232044;109179;Hieracium subciliatum;höglandsfibbla;Art;103;Skog (S) - Stor betydelse;VU;"B2ab(ii,iii,iv,v); C2a(i)"
232046;109180;Hieracium subcrassiforme;järvfibbla;Art;21;Jordbrukslandskap (J) - Stor betydelse, Skog (S) - Stor betydelse;NT;D1
232047;109181;Hieracium subcrassum;mårdfibbla;Art;203;Jordbrukslandskap (J) - Stor betydelse, Skog (S) - Stor betydelse;VU;"B2ab(ii,iii,iv,v); C2a(i)"
232048;109183;Hieracium subhastatum;lillfjätsfibbla;Art;7;Jordbrukslandskap (J) - Stor betydelse, Skog (S) - Stor betydelse;EN;"B2ab(ii,iii,iv,v); D"
232049;109184;Hieracium subhorizontale;;Art;36;Urban miljö (U) - Stor betydelse;EN;B2ab(v)
232055;109188;Hieracium subplacerum;krusbärsfibbla;Art;47;Jordbrukslandskap (J) - Stor betydelse, Skog (S) - Stor betydelse;EN;"B2ab(ii,iii,iv,v); C2a(i)"
232060;109192;Hieracium subterscissum;lofibbla;Art;230;Jordbrukslandskap (J) - Stor betydelse, Skog (S) - Stor betydelse;VU;"B2ab(ii,iii,iv,v); C2a(i)"
232066;109197;Hieracium subviridans;isfibbla;Art;188;Jordbrukslandskap (J) - Stor betydelse, Skog (S) - Stor betydelse;EN;B2ab(iv,v)
232067;109198;Hieracium succulentifolium;tjockbladig fibbla;Art;12;Jordbrukslandskap (J) - Stor betydelse, Skog (S) - Stor betydelse;CR;C2a(i)
232068;109199;Hieracium sudermannicum;sörmlandsfibbla;Art;75;Jordbrukslandskap (J) - Stor betydelse, Skog (S) - Stor betydelse;VU;B2ab(ii,iii,iv,v)
232073;109204;Hieracium tenebricosum;långfibbla;Art;394;Jordbrukslandskap (J) - Stor betydelse, Skog (S) - Stor betydelse;NT;B2ab(ii,iii,iv,v)
232080;109211;Hieracium tincticuspis;rödtoppad fibbla;Art;31;Jordbrukslandskap (J) - Stor betydelse, Skog (S) - Stor betydelse;EN;"B2ab(ii,iii,iv,v); C2a(i)"
232081;109212;Hieracium tinctinervum;rödnervig fibbla;Art;14;Urban miljö (U) - Stor betydelse;VU;D1
251900;109216;Hieracium transtrandense;transtrandsfibbla;Art;23;Jordbrukslandskap (J) - Stor betydelse, Skog (S) - Stor betydelse;EN;"B1ab(ii,iii,iv,v)+2ab(ii,iii,iv,v); C2a(i)"
232085;109219;Hieracium tripes;;Art;18;Jordbrukslandskap (J) - Stor betydelse, Skog (S) - Stor betydelse;NT;D1
232086;109220;Hieracium tristiceps;;Art;27;Jordbrukslandskap (J) - Stor betydelse, Skog (S) - Stor betydelse;NT;D1
232088;109221;Hieracium tubaticeps;trumpetfibbla;Art;52;Jordbrukslandskap (J) - Stor betydelse, Skog (S) - Stor betydelse;EN;"B2ab(ii,iii,iv,v); C2a(i)"
232096;109228;Hieracium unctiusculum;stubbfibbla;Art;88;Skog (S) - Stor betydelse;EN;B2ab(ii,iii,iv,v)
232098;109230;Hieracium unguiculatum;;Art;21;Urban miljö (U) - Stor betydelse;VU;D1
232099;109231;Hieracium unguiferum;;Art;5;Urban miljö (U) - Stor betydelse;VU;D1
232104;109235;Hieracium valentius;starkfibbla;Art;158;Jordbrukslandskap (J) - Stor betydelse, Skog (S) - Stor betydelse;VU;B2ab(ii,iii,iv,v)
232105;109236;Hieracium valgescens;;Art;48;Jordbrukslandskap (J) - Stor betydelse, Skog (S) - Stor betydelse;NT;D1
232109;109240;Hieracium wendelianum;;Art;4;Urban miljö (U) - Stor betydelse;CR;B1ab(v)+2ab(v)
232110;109242;Hieracium venetifolium;ljus veckfibbla;Art;15;Jordbrukslandskap (J) - Stor betydelse, Skog (S) - Stor betydelse;EN;"B1ab(ii,iii,iv,v)+2ab(ii,iii,iv,v); C2a(i)"
266287;109243;Hieracium vexillatum;flaggfibbla;Art;34;Jordbrukslandskap (J) - Stor betydelse;VU;B2ab(iv,v)
232113;109244;Hieracium viriatum;kraftfibbla;Art;17;Jordbrukslandskap (J) - Stor betydelse, Skog (S) - Stor betydelse;EN;"B1ab(ii,iii,iv,v)+2ab(ii,iii,iv,v); C2a(i)"
232115;109246;Hieracium vitreicuspis;;Art;28;Jordbrukslandskap (J) - Stor betydelse, Skog (S) - Stor betydelse;NT;D1
232119;109249;Hieracium yxnerumense;;Art;32;Urban miljö (U) - Stor betydelse;VU;D1
232122;109250;Hieracium zygophorum;;Art;24;Urban miljö (U) - Stor betydelse;EN;"B1ab(v)+2ab(v); D"
266117;109256;Hieracium eulasium;kejsarfibbla;Art;100;Jordbrukslandskap (J) - Stor betydelse, Skog (S) - Stor betydelse;NT;"B1ab(ii,iii,iv,v)+2ab(ii,iii,iv,v); D1"
266118;109258;Hieracium praecellans;furstefibbla;Art;34;Jordbrukslandskap (J) - Stor betydelse, Skog (S) - Stor betydelse;VU;D1
266140;109260;Hieracium diodontum;tvåtandad fibbla;Art;29;Jordbrukslandskap (J) - Stor betydelse, Skog (S) - Har betydelse;VU;D1
266138;109261;Hieracium hispidosum;hallonfibbla;Art;19;Jordbrukslandskap (J) - Stor betydelse, Skog (S) - Har betydelse;EN;D
266137;109265;Hieracium norvegicum;västkustfibbla;Art;98;Jordbrukslandskap (J) - Stor betydelse, Skog (S) - Har betydelse;NT;D1
266136;109267;Hieracium rufescens;ostkustfibbla;Art;158;Jordbrukslandskap (J) - Stor betydelse, Skog (S) - Har betydelse;NT;B2a
266134;109269;Hieracium onosmoides;åsnefibbla;Art;17;Jordbrukslandskap (J) - Stor betydelse, Skog (S) - Stor betydelse;EN;"B2ab(iv,v); C2a(i)"
266133;109270;Hieracium pseudonosmoides;getfibbla;Art;0;Jordbrukslandskap (J) - Stor betydelse, Skog (S) - Stor betydelse;EN;D
266130;109275;Hieracium falcifolium;sabelfibbla;Art;16;Jordbrukslandskap (J) - Stor betydelse, Havsstrand (H) - Har betydelse, Skog (S) - Har betydelse;VU;D1
266121;109276;Hieracium gigantocybe;grov klippfibbla;Art;147;Jordbrukslandskap (J) - Stor betydelse, Skog (S) - Har betydelse;EN;"B2ab(iv,v); C2a(i)"
266128;109278;Hieracium hilare;hurtfibbla;Art;30;Skog (S) - Stor betydelse, Fjäll (F) - Har betydelse, Jordbrukslandskap (J) - Har betydelse;VU;D1
266122;109282;Hieracium oreades;uppländsk klippfibbla;Art;101;Jordbrukslandskap (J) - Stor betydelse, Skog (S) - Har betydelse;EN;"B2ab(i,ii,iii,iv,v); C2a(i)"
266126;109283;Hieracium saxifragum;flikig klippfibbla;Art;352;Jordbrukslandskap (J) - Stor betydelse, Skog (S) - Har betydelse;NT;B2ab(ii,iii,iv,v)
266120;109284;Hieracium svanlundii;svanlundsfibbla;Art;72;Jordbrukslandskap (J) - Stor betydelse, Skog (S) - Har betydelse;CR;C2a(i)
266125;109285;Hieracium victoriae;victoriafibbla;Art;45;Jordbrukslandskap (J) - Stor betydelse, Havsstrand (H) - Har betydelse;EN;"B2ab(ii,iii,iv,v); C2a(i)"
266115;109287;Hieracium crinellum;hammarfibbla;Art;34;Skog (S) - Stor betydelse, Jordbrukslandskap (J) - Har betydelse;NT;"B2a; D1"
266116;109288;Hieracium marinum;havsfibbla;Art;34;Havsstrand (H) - Stor betydelse, Jordbrukslandskap (J) - Stor betydelse, Skog (S) - Har betydelse;NT;D1
6033367;109314;Hieracium depilatiforme;mörk glattfibbla;Art;7;Fjäll (F) - Stor betydelse, Våtmark (V) - Har betydelse;VU;"B1ab(ii,iv,v)+2ab(ii,iv,v); D1"
6033368;109315;Hieracium depilatum;glattfibbla;Art;203;Fjäll (F) - Stor betydelse, Jordbrukslandskap (J) - Har betydelse, Skog (S) - Har betydelse, Våtmark (V) - Har betydelse;NT;B2ab(ii,iv,v)
231185;109539;Hieracium acriserratum;;Art;32;Urban miljö (U) - Stor betydelse;EN;"B1ab(v)+2ab(v); D"
231189;109542;Hieracium acutellum;roslagsfibbla;Art;48;Skog (S) - Stor betydelse;EN;"B2ab(ii,iii,iv,v); D"
231190;109543;Hieracium adampliatum;östgötafibbla;Art;88;Skog (S) - Stor betydelse;VU;B2ab(ii,iii,iv,v)
231191;109544;Hieracium adiposum;vistfibbla;Art;49;Skog (S) - Stor betydelse;VU;D1
231196;109548;Hieracium ahlfvengrenii;;Art;101;Urban miljö (U) - Stor betydelse;NT;"B1a+2a; D1"
231200;109552;Hieracium amphicentrum;;Art;5;Jordbrukslandskap (J) - Stor betydelse, Skog (S) - Stor betydelse;EN;"B1ab(ii,iii,iv,v); D"
231204;109556;Hieracium angricum;;Art;41;Jordbrukslandskap (J) - Stor betydelse, Skog (S) - Stor betydelse;NT;D1
251279;109557;Hieracium arnoldii;arnoldfibbla;Art;51;Jordbrukslandskap (J) - Stor betydelse, Skog (S) - Stor betydelse;VU;B2ab(i,ii,iii,iv)
231206;109558;Hieracium arrogans;sturskfibbla;Art;13;Jordbrukslandskap (J) - Stor betydelse, Skog (S) - Stor betydelse;EN;D
231208;109559;Hieracium atrocaeruleum;;Art;25;Urban miljö (U) - Stor betydelse;EN;D
231210;109561;Hieracium austriniforme;lindfibbla;Art;65;Jordbrukslandskap (J) - Stor betydelse, Skog (S) - Stor betydelse;EN;D
231211;109562;Hieracium austrinum;sydfibbla;Art;228;Skog (S) - Stor betydelse;NT;B2ab(ii,iii,iv,v)
231214;109565;Hieracium badiicolor;;Art;15;Urban miljö (U) - Stor betydelse;RE;
231216;109567;Hieracium barrimum;elefantfibbla;Art;91;Jordbrukslandskap (J) - Stor betydelse, Skog (S) - Stor betydelse;VU;B2ab(ii,iii,iv,v)
231220;109570;Hieracium basiserratum;piggfibbla;Art;26;Jordbrukslandskap (J) - Stor betydelse, Skog (S) - Stor betydelse;EN;"B2ab(ii,iii,iv,v); D"
231221;109571;Hieracium bogense;bogefibbla;Art;52;Jordbrukslandskap (J) - Stor betydelse, Skog (S) - Stor betydelse;VU;D1
231222;109572;Hieracium cacuminatum;uddfibbla;Art;40;Skog (S) - Stor betydelse;EN;"B2ab(ii,iii,iv,v); C2a(i)"
231226;109574;Hieracium caespiticola;finsk vägfibbla;Art;5;Jordbrukslandskap (J) - Stor betydelse, Skog (S) - Stor betydelse;VU;D1
231228;109575;Hieracium campylodon;krokfibbla;Art;104;Jordbrukslandskap (J) - Stor betydelse, Skog (S) - Stor betydelse;VU;B2ab(ii,iii,iv,v)
231230;109577;Hieracium canovittatum;;Art;54;Urban miljö (U) - Stor betydelse;VU;D1
231232;109579;Hieracium causiatum;brättesfibbla;Art;41;Jordbrukslandskap (J) - Stor betydelse, Skog (S) - Stor betydelse;VU;"B1ab(ii,iii,iv,v)+2ab(ii,iii,iv,v); D1"
231234;109582;Hieracium chloocranum;grönholkig fibbla;Art;27;Jordbrukslandskap (J) - Stor betydelse, Skog (S) - Stor betydelse;VU;"B2ab(ii,iii,iv,v); D1"
231235;109583;Hieracium chlorodes;narrklibbfibbla;Art;184;Jordbrukslandskap (J) - Stor betydelse, Skog (S) - Stor betydelse;NT;B2ab(ii,iii,iv,v)
231236;109584;Hieracium chloroleucum;;Art;20;Jordbrukslandskap (J) - Stor betydelse, Skog (S) - Stor betydelse;VU;"B2ab(ii,iii,iv,v); D1"
231238;109586;Hieracium chrysophorum;kycklingfibbla;Art;38;Jordbrukslandskap (J) - Stor betydelse, Skog (S) - Stor betydelse;VU;"B2ab(ii,iii,iv,v); D1"
6010619;109587;Hieracium chrysoprasium;krysoprasfibbla;Art;36;Jordbrukslandskap (J) - Stor betydelse;NT;D1
231239;109588;Hieracium complexum;ljus violfibbla;Art;43;Jordbrukslandskap (J) - Stor betydelse, Skog (S) - Stor betydelse;VU;B2ab(ii,iii,iv,v)
231240;109589;Hieracium concinnatum;;Art;38;Urban miljö (U) - Stor betydelse;EN;"B1ab(v)+2ab(v); D"
231243;109592;Hieracium coniceps;kottefibbla;Art;59;Jordbrukslandskap (J) - Stor betydelse, Skog (S) - Stor betydelse;VU;B2ab(ii,iii,iv,v)
231245;109593;Hieracium conspectum;;Art;47;Jordbrukslandskap (J) - Stor betydelse, Skog (S) - Stor betydelse;VU;D1
231177;109598;Hieracium continuum;ålandsfibbla;Art;20;Jordbrukslandskap (J) - Stor betydelse, Skog (S) - Stor betydelse;EN;D
231247;109599;Hieracium coriarium;skinnfibbla;Art;31;Jordbrukslandskap (J) - Stor betydelse, Skog (S) - Stor betydelse;NT;D1
231249;109602;Hieracium ctenophyllum;;Art;21;Urban miljö (U) - Stor betydelse;CR;B1ab(i,ii,iv,v)+2ab(i,ii,iv,v)
231250;109603;Hieracium cunctans;senfibbla;Art;119;Jordbrukslandskap (J) - Stor betydelse, Skog (S) - Stor betydelse;VU;B2ab(ii,iii,iv,v)
231251;109604;Hieracium cuneolatum;kilfibbla;Art;38;Jordbrukslandskap (J) - Stor betydelse, Skog (S) - Stor betydelse;NT;B2ab(ii,iii,iv,v)
231253;109606;Hieracium daedalolepium;vängefibbla;Art;29;Skog (S) - Stor betydelse;EN;D
231256;109609;Hieracium denigrans;välenfibbla;Art;22;Jordbrukslandskap (J) - Stor betydelse, Skog (S) - Stor betydelse;CR;"B2ab(ii,iii,iv,v); C2a(i)"
231264;109616;Hieracium dolichorhachis;drasutfibbla;Art;56;Jordbrukslandskap (J) - Stor betydelse, Skog (S) - Stor betydelse;VU;B2ab(ii,iii,iv,v)
267051;109617;Hieracium drimyodon;;Art;18;Jordbrukslandskap (J) - Stor betydelse;VU;D1
251296;109619;Hieracium elongatifrons;smal gnejsfibbla;Art;28;Jordbrukslandskap (J) - Stor betydelse, Skog (S) - Stor betydelse;NT;"B2a; D1"
231269;109621;Hieracium erithallum;blygfibbla;Art;25;Jordbrukslandskap (J) - Stor betydelse, Skog (S) - Stor betydelse;VU;"B2ab(ii,iii,iv,v); D1"
231274;109626;Hieracium exsulans;;Art;25;Urban miljö (U) - Stor betydelse;VU;D1
231275;109627;Hieracium externum;;Art;29;Urban miljö (U) - Stor betydelse;CR;B1ab(v)+2ab(v)
231278;109630;Hieracium femsioënse;femsjöfibbla;Art;1;Urban miljö (U) - Stor betydelse;CR;D
231288;109638;Hieracium hemidiaphanum;spetsfjällig glandelfibbla;Art;91;Jordbrukslandskap (J) - Stor betydelse, Skog (S) - Stor betydelse;VU;B2ab(ii,iii,iv,v)
6021640;109639;Hieracium hemimaculatum;franskartfibbla;Art;10;Skog (S) - Stor betydelse, Jordbrukslandskap (J) - Har betydelse;VU;D1
231289;109640;Hieracium hepaticiforme;blek leverfibbla;Art;31;Jordbrukslandskap (J) - Stor betydelse, Skog (S) - Stor betydelse;EN;"B1ab(ii,iii,iv,v)+2ab(ii,iii,iv,v); C2a(i)"
251309;109641;Hieracium hepaticum;leverfibbla;Art;57;Jordbrukslandskap (J) - Stor betydelse, Skog (S) - Stor betydelse;NT;B2ab(ii,iii,iv,v)
231290;109642;Hieracium hispidiceps;strävfibbla;Art;58;Jordbrukslandskap (J) - Stor betydelse, Skog (S) - Stor betydelse;NT;D1
231291;109643;Hieracium hypoprasinum;lökfibbla;Art;23;Jordbrukslandskap (J) - Stor betydelse, Skog (S) - Stor betydelse;VU;"B1ab(ii,iii,iv,v)+2ab(ii,iii,iv,v); D1"
231293;109646;Hieracium imbricatiforme;järpfibbla;Art;30;Jordbrukslandskap (J) - Stor betydelse, Skog (S) - Stor betydelse;EN;D
251310;109647;Hieracium imbricatum;rundfjällig rufsfibbla;Art;0;Jordbrukslandskap (J) - Stor betydelse, Skog (S) - Stor betydelse;EN;"B2ab(ii,iii,iv,v); C2a(i)"
231294;109648;Hieracium impressiforme;villandsfibbla;Art;108;Skog (S) - Stor betydelse;NT;B2ab(ii,iii,iv,v)
231295;109649;Hieracium incurrens;grå backfibbla;Art;359;Jordbrukslandskap (J) - Stor betydelse, Skog (S) - Stor betydelse;NT;B2ab(ii,iii,iv,v)
231297;109651;Hieracium inquilinum;;Art;86;Urban miljö (U) - Stor betydelse;VU;B2ab(v)
231298;109652;Hieracium insertum;;Art;48;Urban miljö (U) - Stor betydelse;EN;B2ab(v)
231302;109656;Hieracium isonomoum;ullaredsfibbla;Art;10;Urban miljö (U) - Stor betydelse;VU;D1
231306;109661;Hieracium kemiticum;finsk stänkfibbla;Art;2;Urban miljö (U) - Stor betydelse;VU;D1
231307;109662;Hieracium koepingense;köpingfibbla;Art;32;Jordbrukslandskap (J) - Stor betydelse, Skog (S) - Stor betydelse;VU;"B1ab(ii,iii,iv,v)+2ab(ii,iii,iv,v); D1"
231312;109666;Hieracium leiocranum;slätfibbla;Art;33;Jordbrukslandskap (J) - Stor betydelse, Skog (S) - Stor betydelse;VU;"B1ab(ii,iii,iv,v)+2ab(ii,iii,iv,v); D1"
251313;109668;Hieracium lepidiforme;smal rödbetsfibbla;Art;71;Jordbrukslandskap (J) - Stor betydelse, Skog (S) - Stor betydelse;NT;B2ab(ii,iii,iv,v)
231324;109679;Hieracium ludoviciense;ludvikafibbla;Art;39;Jordbrukslandskap (J) - Stor betydelse, Skog (S) - Stor betydelse;VU;B2ab(ii,iii,iv)
231325;109680;Hieracium luebeckii;lübecksfibbla;Art;125;Jordbrukslandskap (J) - Stor betydelse, Skog (S) - Stor betydelse;NT;B2ab(ii,iii,iv,v)
231326;109681;Hieracium lugubre;sorgfibbla;Art;216;Jordbrukslandskap (J) - Stor betydelse, Skog (S) - Stor betydelse;VU;B2ab(ii,iii,iv,v)
231327;109682;Hieracium maciatum;;Art;25;Urban miljö (U) - Stor betydelse;EN;D
231328;109683;Hieracium macrocentrum;hög randfibbla;Art;120;Jordbrukslandskap (J) - Stor betydelse, Skog (S) - Stor betydelse;NT;B2ab(ii,iii,iv,v)
6021641;109684;Hieracium maculato-ornatum;hårig kartfibbla;Art;17;Urban miljö (U) - Stor betydelse;VU;D1
231329;109685;Hieracium maculatum;;Art;34;Urban miljö (U) - Stor betydelse;NT;"B2a; D1"
231332;109688;Hieracium malacophyllum;;Art;27;Urban miljö (U) - Stor betydelse;EN;B1ab(v)+2ab(v)
231335;109690;Hieracium mataeum;vålåsfibbla;Art;5;Jordbrukslandskap (J) - Stor betydelse, Skog (S) - Stor betydelse;EN;"B2ab(ii,iii,iv,v); D"
231337;109692;Hieracium megavulgatum;stor hagfibbla;Art;665;Jordbrukslandskap (J) - Stor betydelse, Skog (S) - Stor betydelse;NT;B2ab(ii,iii,iv,v)
231338;109693;Hieracium mesopoliotrichum;;Art;11;Urban miljö (U) - Stor betydelse;EN;D
231341;109695;Hieracium microcymon;bläckfibbla;Art;118;Jordbrukslandskap (J) - Stor betydelse, Skog (S) - Stor betydelse;NT;B1ab(ii,iii,iv,v)+2ab(ii,iii,iv,v)
231345;109699;Hieracium naevosiforme;fläckig vägfibbla;Art;36;Jordbrukslandskap (J) - Stor betydelse, Skog (S) - Stor betydelse;VU;"B1ab(ii,iii,iv,v)+2ab(ii,iii,iv,v); D1"
231350;109704;Hieracium obrigens;mörkbladig fibbla;Art;13;Jordbrukslandskap (J) - Stor betydelse, Skog (S) - Stor betydelse;VU;"B2ab(ii,iii,iv,v); D1"
251464;109705;Hieracium oestmanii;östmanfibbla;Art;21;Jordbrukslandskap (J) - Stor betydelse, Skog (S) - Stor betydelse;VU;"B2ab(ii,iii,iv,v); D1"
231352;109706;Hieracium oinopolepis;sveafibbla;Art;101;Jordbrukslandskap (J) - Stor betydelse, Skog (S) - Stor betydelse;VU;B2ab(ii,iii,iv,v)
231359;109713;Hieracium opochlorum;trubbfibbla;Art;23;Jordbrukslandskap (J) - Stor betydelse, Skog (S) - Stor betydelse;VU;"B2ab(ii,iii,iv,v); D1"
231360;109715;Hieracium ornatiforme;hårig smyckefibbla;Art;83;Jordbrukslandskap (J) - Stor betydelse, Skog (S) - Stor betydelse;NT;B2ab(ii,iii,iv,v)
231361;109716;Hieracium ornatum;smyckefibbla;Art;193;Jordbrukslandskap (J) - Stor betydelse, Skog (S) - Stor betydelse;NT;"B2ab(ii,iii,iv,v); C2a(i)"
231363;109718;Hieracium orsense;orsafibbla;Art;28;Jordbrukslandskap (J) - Stor betydelse, Skog (S) - Stor betydelse;VU;"B2ab(ii,iii,iv,v); D1"
231364;109719;Hieracium orthocolon;rodnande fibbla;Art;47;Jordbrukslandskap (J) - Stor betydelse, Skog (S) - Stor betydelse;VU;B2ab(ii,iii,iv,v)
231365;109720;Hieracium paeminosum;ljus klibbfibbla;Art;61;Jordbrukslandskap (J) - Stor betydelse, Skog (S) - Stor betydelse;VU;B2ab(ii,iii,iv,v)
231366;109721;Hieracium paralium;aspelandsfibbla;Art;189;Jordbrukslandskap (J) - Stor betydelse, Skog (S) - Stor betydelse;NT;B2a
231370;109725;Hieracium pexum;liten klapperfibbla;Art;76;Skog (S) - Stor betydelse;VU;D1
231371;109726;Hieracium phaedrophyllum;vippfibbla;Art;69;Jordbrukslandskap (J) - Stor betydelse, Skog (S) - Stor betydelse;VU;B2ab(ii,iii,iv,v)
231372;109727;Hieracium phaeodermum;;Art;15;Jordbrukslandskap (J) - Stor betydelse, Skog (S) - Stor betydelse;VU;"B2ab(ii,iii,iv,v); D1"
231373;109728;Hieracium phaeopsis;hög klibbfibbla;Art;13;Jordbrukslandskap (J) - Stor betydelse, Skog (S) - Stor betydelse;EN;D
231374;109729;Hieracium phaliotrichum;hårfibbla;Art;23;Jordbrukslandskap (J) - Stor betydelse, Skog (S) - Stor betydelse;VU;B2ab(ii,iii,iv,v)
231375;109730;Hieracium pholidotum;vingfibbla;Art;31;Jordbrukslandskap (J) - Stor betydelse, Skog (S) - Stor betydelse;VU;B2ab(ii,iii,iv,v)
231376;109731;Hieracium phrygionium;hetserydsfibbla;Art;16;Skog (S) - Stor betydelse;VU;"B2ab(ii,iii,iv,v); D1"
231383;109736;Hieracium polystilbum;;Art;29;Jordbrukslandskap (J) - Stor betydelse, Skog (S) - Stor betydelse;EN;B1ab(iv,v)+2ab(iv,v)
231386;109738;Hieracium praepilulatum;korthårig fibbla;Art;105;Jordbrukslandskap (J) - Stor betydelse, Skog (S) - Stor betydelse;VU;"B2ab(ii,iii,iv,v); C2a(i)"
231387;109739;Hieracium praeviride;silkesfibbla;Art;30;Jordbrukslandskap (J) - Stor betydelse, Skog (S) - Stor betydelse;VU;B2ab(ii,iii,iv,v)
231390;109743;Hieracium prolatatum;väskindefibbla;Art;22;Skog (S) - Stor betydelse;EN;D
231391;109744;Hieracium prolatescens;oskarshamnsfibbla;Art;38;Skog (S) - Stor betydelse;VU;B2ab(ii,iii,iv,v)
231392;109745;Hieracium prolinguatum;värmdöfibbla;Art;24;Jordbrukslandskap (J) - Stor betydelse, Skog (S) - Stor betydelse;EN;D
231394;109748;Hieracium pseudoplicatum;hög rufsfibbla;Art;27;Jordbrukslandskap (J) - Stor betydelse, Skog (S) - Stor betydelse;VU;B2ab(ii,iii,iv,v)
231396;109749;Hieracium pubicuspis;huskvarnafibbla;Art;157;Jordbrukslandskap (J) - Stor betydelse, Skog (S) - Stor betydelse;NT;B2ab(ii,iii,iv,v)
231397;109750;Hieracium pumicatifolium;gutefibbla;Art;45;Jordbrukslandskap (J) - Stor betydelse, Skog (S) - Stor betydelse;EN;"B1ab(ii,iii,iv,v)+2ab(ii,iii,iv,v); C2a(i)"
231406;109758;Hieracium retusulum;;Art;9;Urban miljö (U) - Stor betydelse;VU;"B1ab(v)+2ab(v); D1"
231407;109759;Hieracium rhomboides;rombfibbla;Art;43;Jordbrukslandskap (J) - Stor betydelse, Skog (S) - Stor betydelse;VU;"B2ab(ii,iii,iv,v); D1"
231409;109760;Hieracium saurotum;ödlefibbla;Art;16;Jordbrukslandskap (J) - Stor betydelse, Skog (S) - Stor betydelse;VU;"B2ab(ii,iii,iv,v); D1"
231413;109764;Hieracium scotocranum;mörkfibbla;Art;48;Jordbrukslandskap (J) - Stor betydelse, Skog (S) - Stor betydelse;VU;"B1ab(ii,iii,iv,v)+2ab(ii,iii,iv,v); D1"
231414;109765;Hieracium scytophyllum;skytfibbla;Art;96;Jordbrukslandskap (J) - Stor betydelse, Skog (S) - Stor betydelse;VU;B2ab(ii,iii,iv,v)
231416;109768;Hieracium semiornatum;;Art;32;Urban miljö (U) - Stor betydelse;CR;B2ab(v)
231417;109769;Hieracium separ;värmländsk violfibbla;Art;56;Jordbrukslandskap (J) - Stor betydelse, Skog (S) - Stor betydelse;EN;"B1ab(ii,iii,iv,v)+2ab(ii,iii,iv,v); C2a(i)"
231421;109773;Hieracium spodoleucum;ydrefibbla;Art;65;Skog (S) - Stor betydelse;VU;"B2ab(ii,iii,iv,v); D1"
231423;109775;Hieracium stenocoloides;grovtandad glandelfibbla;Art;13;Jordbrukslandskap (J) - Stor betydelse, Skog (S) - Stor betydelse;EN;D
231425;109778;Hieracium stibeophyllum;mörk gnejsfibbla;Art;48;Skog (S) - Stor betydelse;VU;B2ab(ii,iii,iv,v)
231427;109782;Hieracium striatisquameum;;Art;74;Urban miljö (U) - Stor betydelse;NT;"B1a+2a; D1"
231430;109785;Hieracium subanfractum;söderhamnsfibbla;Art;54;Jordbrukslandskap (J) - Stor betydelse, Skog (S) - Stor betydelse;VU;"B1ab(ii,iii,iv,v)+2ab(ii,iii,iv,v); D1"
267059;109788;Hieracium subaustrinum;;Art;4;Skog (S) - Stor betydelse;VU;D1
231433;109789;Hieracium subedentatum;;Art;6;Urban miljö (U) - Stor betydelse;RE;
231435;109791;Hieracium subglaucovirens;styv glandelfibbla;Art;165;Jordbrukslandskap (J) - Stor betydelse, Skog (S) - Stor betydelse;VU;"B2ab(ii,iii,iv,v); C2a(i)"
231436;109792;Hieracium subinquilinum;;Art;71;Urban miljö (U) - Stor betydelse;VU;D1
231441;109796;Hieracium subnitidum;åbyfibbla;Art;103;Jordbrukslandskap (J) - Stor betydelse, Skog (S) - Stor betydelse;EN;"B2ab(ii,iii,iv,v); D"
231444;109799;Hieracium subpunctillatum;smal guldkornsfibbla;Art;215;Skog (S) - Stor betydelse;NT;B2ab(ii,iii,iv,v)
251899;109801;Hieracium subramosum;småländsk rufsfibbla;Art;66;Jordbrukslandskap (J) - Stor betydelse, Skog (S) - Stor betydelse;VU;"B2ab(ii,iii,iv,v); D1"
231446;109804;Hieracium subterdentatum;hallandsfibbla;Art;58;Skog (S) - Stor betydelse;VU;"B2ab(ii,iii,iv,v); D1"
231449;109807;Hieracium suriforme;;Art;31;Jordbrukslandskap (J) - Stor betydelse, Skog (S) - Stor betydelse;VU;"B2ab(ii,iii,iv,v); D1"
231450;109808;Hieracium symmetricum;;Art;6;Urban miljö (U) - Stor betydelse;EN;"B1ab(v)+2ab(v); D"
231451;109809;Hieracium taeniifolium;bandklibbfibbla;Art;58;Jordbrukslandskap (J) - Stor betydelse, Skog (S) - Stor betydelse;VU;B2ab(ii,iii,iv,v)
231453;109811;Hieracium tjaelderense;tjälderfibbla;Art;10;Urban miljö (U) - Stor betydelse;EN;D
231454;109812;Hieracium toerense;salemfibbla;Art;9;Jordbrukslandskap (J) - Stor betydelse, Skog (S) - Stor betydelse;CR;"B2ab(ii,iii,iv,v); C2a(i)"
231456;109814;Hieracium trachlosimum;kalfibbla;Art;32;Jordbrukslandskap (J) - Stor betydelse, Skog (S) - Stor betydelse;VU;"B1ab(ii,iii,iv,v)+2ab(ii,iii,iv,v); D1"
231458;109818;Hieracium turbiniceps;snurrfibbla;Art;153;Jordbrukslandskap (J) - Stor betydelse, Skog (S) - Stor betydelse;NT;B2ab(ii,iii,iv,v)
231459;109820;Hieracium variabile;klapperfibbla;Art;95;Skog (S) - Stor betydelse;EN;"B1ab(iv,v)+2ab(iv,v); C2a(i)"
231460;109821;Hieracium varianifolium;östergarnsfibbla;Art;13;Jordbrukslandskap (J) - Stor betydelse, Skog (S) - Stor betydelse;EN;D
231461;109822;Hieracium varianum;brokfibbla;Art;114;Jordbrukslandskap (J) - Stor betydelse, Skog (S) - Stor betydelse;VU;"B1ab(ii,iii,iv,v)+2ab(ii,iii,iv,v); D1"
231468;109828;Hieracium xerampelinum;torrfibbla;Art;22;Jordbrukslandskap (J) - Stor betydelse, Skog (S) - Stor betydelse;VU;"B2ab(ii,iii,iv,v); D1"
853;109833;Hypochaeris glabra;åkerfibbla;Art;1783;Jordbrukslandskap (J) - Stor betydelse, Urban miljö (U) - Har betydelse;EN°;A2ab
220204;109834;Hypochaeris maculata;slåtterfibbla;Art;21705;Jordbrukslandskap (J) - Stor betydelse, Skog (S) - Har betydelse;NT;A2b
1935;109846;Jacobaea aquatica;vattenstånds;Art;1741;Jordbrukslandskap (J) - Stor betydelse, Våtmark (V) - Stor betydelse, Sötvatten (L) - Har betydelse;VU°;A2ab
1487;109850;Jacobaea erucifolia;flikstånds;Art;556;Jordbrukslandskap (J) - Stor betydelse, Urban miljö (U) - Stor betydelse;EN;"A2a; B1ab(i,ii,iii,v)+2ab(i,ii,iii,v)"
1490;109852;Jacobaea paludosa;gullstånds;Art;870;Sötvatten (L) - Stor betydelse, Våtmark (V) - Stor betydelse, Jordbrukslandskap (J) - Har betydelse;VU°;"A2ab; B1ab(iii,iv,v)+2ab(iii,iv,v)"
911;109867;Lactuca quercina;karlsösallat;Art;266;Jordbrukslandskap (J) - Stor betydelse, Skog (S) - Har betydelse;EN;B1ab(v)
220228;109885;Leontodon hispidus;sommarfibbla;Art;11237;Jordbrukslandskap (J) - Stor betydelse, Urban miljö (U) - Har betydelse;NT;A2bc+4abc
220207;109950;Pentanema conyzae;brunkrissla;Art;68;Jordbrukslandskap (J) - Stor betydelse, Urban miljö (U) - Har betydelse;CR (PRE);"B1ab(v)+2ab(v); C2a(i,ii); D"
886;109951;Pentanema ensifolium;svärdkrissla;Art;1123;Jordbrukslandskap (J) - Stor betydelse;NT;B1ab(iii,v)+2ab(iii,v)
266012;109978;Pilosella aurantiaca var. blyttiana;eldfibbla;Varietet;19;Jordbrukslandskap (J) - Stor betydelse;VU;"B1ab(ii,iii,iv,v)+2ab(ii,iii,iv,v); D1+2"
220275;109994;Pilosella dichotoma;gaffelfibbla;Art;1200;Jordbrukslandskap (J) - Stor betydelse, Våtmark (V) - Har betydelse;VU;B2ab(iii,v)
220280;110005;Pilosella sphaerocephala;nickfibbla;Art;99;Jordbrukslandskap (J) - Stor betydelse;EN;"B2ab(ii,iii,v); C2a(i)"
719;110052;Pseudognaphalium luteoalbum;vitnoppa;Art;613;Jordbrukslandskap (J) - Stor betydelse, Urban miljö (U) - Stor betydelse;EN°;A2ab
1329;110058;Pulicaria vulgaris;loppört;Art;233;Jordbrukslandskap (J) - Stor betydelse, Urban miljö (U) - Stor betydelse;RE;
220299;110097;Scorzonera humilis;svinrot;Art;43262;Jordbrukslandskap (J) - Stor betydelse, Skog (S) - Har betydelse, Urban miljö (U) - Har betydelse, Våtmark (V) - Har betydelse;NT;A2b
220320;110136;Serratula tinctoria;ängsskära;Art;9416;Jordbrukslandskap (J) - Stor betydelse, Skog (S) - Har betydelse;NT;A2bc+4abc
230712;110230;Taraxacum biformatum;toppmaskros;Art;173;Jordbrukslandskap (J) - Stor betydelse, Urban miljö (U) - Har betydelse;EN;C2a(i)
230562;110237;Taraxacum canaliculatum;sorgmaskros;Art;184;Jordbrukslandskap (J) - Stor betydelse, Urban miljö (U) - Stor betydelse;EN;C2a(i)
230567;110249;Taraxacum guttulatum;droppmaskros;Art;15;Jordbrukslandskap (J) - Stor betydelse, Urban miljö (U) - Har betydelse;EN;D
230571;110252;Taraxacum laceratum;parvelmaskros;Art;188;Urban miljö (U) - Stor betydelse, Jordbrukslandskap (J) - Har betydelse;VU;D1
1757;110253;Taraxacum litorale;liten kärrmaskros;Art;1571;Havsstrand (H) - Stor betydelse, Jordbrukslandskap (J) - Stor betydelse, Våtmark (V) - Stor betydelse;NT;"B2ab(ii,iii,iv,v); C2a(i)"
230581;110273;Taraxacum remotilobum;gluggmaskros;Art;178;Jordbrukslandskap (J) - Stor betydelse, Urban miljö (U) - Stor betydelse;EN;C2a(i)
230584;110277;Taraxacum rubidipes;auroramaskros;Art;38;Jordbrukslandskap (J) - Stor betydelse, Urban miljö (U) - Stor betydelse;CR;C2a(i)
230588;110283;Taraxacum subintegrum;filtmaskros;Art;162;Jordbrukslandskap (J) - Stor betydelse, Urban miljö (U) - Stor betydelse;CR;"C2a(i); D"
1953;110300;Taraxacum tornense;lapplandsmaskros;Art;216;Jordbrukslandskap (J) - Stor betydelse, Fjäll (F) - Har betydelse, Urban miljö (U) - Har betydelse;NT;"B2ab(ii,iii,iv,v); D1"
230607;110318;Taraxacum rubrolineatum;randmaskros;Art;35;Jordbrukslandskap (J) - Stor betydelse, Skog (S) - Har betydelse;CR;C2a(i)
1752;110328;Taraxacum duplidentifrons;svarttandad maskros;Art;632;Jordbrukslandskap (J) - Stor betydelse, Urban miljö (U) - Har betydelse;NT°;
244090;110333;Taraxacum prionum;nabbmaskros;Art;62;Jordbrukslandskap (J) - Stor betydelse, Urban miljö (U) - Har betydelse;VU;D1
230614;110399;Taraxacum abietifolium;bohusmaskros;Art;85;Jordbrukslandskap (J) - Stor betydelse, Havsstrand (H) - Har betydelse;VU;D1
235021;110404;Taraxacum dahlii;Dahls maskros;Art;14;Jordbrukslandskap (J) - Stor betydelse, Urban miljö (U) - Har betydelse;EN;D
1947;110409;Taraxacum discretum;glappmaskros;Art;96;Jordbrukslandskap (J) - Stor betydelse, Havsstrand (H) - Har betydelse, Urban miljö (U) - Har betydelse;EN;C2a(i)
230623;110411;Taraxacum dissimile;solmaskros;Art;91;Jordbrukslandskap (J) - Stor betydelse, Havsstrand (H) - Har betydelse;CR;C2a(i)
230629;110420;Taraxacum isthmicola;karelsk maskros;Art;154;Jordbrukslandskap (J) - Stor betydelse;EN;D
230635;110429;Taraxacum linguatifrons;slickmaskros;Art;72;Jordbrukslandskap (J) - Stor betydelse;EN;D
230638;110433;Taraxacum microlobum;pyttemaskros;Art;124;Jordbrukslandskap (J) - Stor betydelse;CR;C2a(i)
230640;110437;Taraxacum plumbeum;blymaskros;Art;80;Jordbrukslandskap (J) - Stor betydelse, Urban miljö (U) - Stor betydelse;CR;"C2a(i); D"
230644;110444;Taraxacum retroversum;fårmaskros;Art;75;Havsstrand (H) - Stor betydelse, Jordbrukslandskap (J) - Stor betydelse;VU;D1
1950;110445;Taraxacum ruberulum;skevmaskros;Art;65;Jordbrukslandskap (J) - Stor betydelse, Urban miljö (U) - Stor betydelse;CR;"C2a(i); D"
230647;110447;Taraxacum saphycraspedum;lärkmaskros;Art;49;Jordbrukslandskap (J) - Stor betydelse;EN;D
6329096;110450;Taraxacum sectum;ullig sandmaskros;Art;46;Jordbrukslandskap (J) - Stor betydelse;VU;D1
1952;110452;Taraxacum stellare;österlensmaskros;Art;1;Jordbrukslandskap (J) - Stor betydelse;RE;
6007526;110459;Taraxacum wendtii;Wendts maskros;Art;67;Jordbrukslandskap (J) - Stor betydelse;EN;D
230656;110461;Taraxacum xerophilum;stenmaskros;Art;164;Jordbrukslandskap (J) - Stor betydelse;VU;D1
230659;110467;Taraxacum fusciflorum;mörk ängsmaskros;Art;28;Jordbrukslandskap (J) - Stor betydelse, Urban miljö (U) - Stor betydelse;VU;D1
230663;110472;Taraxacum lamprophyllum;stor ängsmaskros;Art;131;Jordbrukslandskap (J) - Stor betydelse, Urban miljö (U) - Stor betydelse;VU°;"B2ab(ii,iii,v); D1"
230665;110474;Taraxacum pruinatum;pudermaskros;Art;1;Jordbrukslandskap (J) - Stor betydelse;RE;
6005232;110478;Taraxacum subericinum;drentemaskros;Art;5;Jordbrukslandskap (J) - Stor betydelse;CR;D
6007530;110490;Taraxacum conspersum;plumpmaskros;Art;32;Jordbrukslandskap (J) - Stor betydelse;EN;D
230675;110491;Taraxacum dilutisquameum;brokmaskros;Art;10;Fjäll (F) - Stor betydelse, Jordbrukslandskap (J) - Stor betydelse, Urban miljö (U) - Stor betydelse;CR;D
1754;110492;Taraxacum euryphyllum;bredskaftad fläckmaskros;Art;378;Jordbrukslandskap (J) - Stor betydelse, Havsstrand (H) - Har betydelse;EN;C2a(i)
230676;110493;Taraxacum excellens;habomaskros;Art;63;Urban miljö (U) - Stor betydelse;EN;"B2ab(iii,v); C2a(i)"
6007531;110498;Taraxacum lentiginosum;smal fläckmaskros;Art;42;Jordbrukslandskap (J) - Stor betydelse;CR;"C2a(i); D"
1758;110499;Taraxacum maculigerum;fläckmaskros;Art;1295;Jordbrukslandskap (J) - Stor betydelse, Havsstrand (H) - Har betydelse, Skog (S) - Har betydelse, Våtmark (V) - Har betydelse;VU;C2a(i)
230679;110501;Taraxacum naevosiforme;sickelmaskros;Art;38;Jordbrukslandskap (J) - Stor betydelse, Urban miljö (U) - Stor betydelse, Våtmark (V) - Stor betydelse;VU;D1
1760;110504;Taraxacum praestans;kvällsmaskros;Art;953;Jordbrukslandskap (J) - Stor betydelse, Skog (S) - Har betydelse, Våtmark (V) - Har betydelse;VU;C2a(i)
6051124;110507;Taraxacum stictophyllum;fjordmaskros;Art;0;Fjäll (F) - Stor betydelse;CR;D
6005233;110508;Taraxacum subnaevosum;skottlandsmaskros;Art;0;Havsstrand (H) - Stor betydelse, Jordbrukslandskap (J) - Har betydelse;RE;
1734;110514;Taraxacum austrinum;sydmaskros;Art;67;Jordbrukslandskap (J) - Stor betydelse, Våtmark (V) - Stor betydelse;EN;D
266268;110516;Taraxacum bavaricum;bayersk maskros;Art;1;Havsstrand (H) - Stor betydelse;CR;D
1545;110519;Taraxacum crocodes;jämtlandsmaskros;Art;2109;Våtmark (V) - Stor betydelse, Jordbrukslandskap (J) - Har betydelse;NT;B2ab(ii,iii,iv,v)
1753;110522;Taraxacum egregium;smalfjällig strandmaskros;Art;213;Havsstrand (H) - Stor betydelse, Jordbrukslandskap (J) - Stor betydelse, Våtmark (V) - Har betydelse;NT;B2ab(ii,iii,iv,v)
1948;110527;Taraxacum lissocarpum;slätmaskros;Art;36;Jordbrukslandskap (J) - Stor betydelse, Våtmark (V) - Har betydelse;CR;C2a(i)
1949;110529;Taraxacum pseudosuecicum;sankmaskros;Art;174;Havsstrand (H) - Stor betydelse, Jordbrukslandskap (J) - Stor betydelse, Våtmark (V) - Har betydelse;EN;C2a(i)
230688;110530;Taraxacum subalpinum;flottmaskros;Art;53;Jordbrukslandskap (J) - Stor betydelse, Våtmark (V) - Har betydelse;CR;D
1750;110533;Taraxacum vestrogothicum;västgötamaskros;Art;77;Jordbrukslandskap (J) - Stor betydelse, Våtmark (V) - Stor betydelse;CR;"C2a(i); D"
230971;110537;Taraxacum eximium;tröndelagsmaskros;Art;36;Jordbrukslandskap (J) - Stor betydelse, Våtmark (V) - Har betydelse;EN;D
230972;110538;Taraxacum faeroeënse;färömaskros;Art;2;Jordbrukslandskap (J) - Stor betydelse, Urban miljö (U) - Stor betydelse;CR;D
230798;110709;Taraxacum kjellmanii;Kjellmans maskros;Art;582;Urban miljö (U) - Stor betydelse, Havsstrand (H) - Har betydelse, Jordbrukslandskap (J) - Har betydelse;EN;"B2ab(i,ii,iv,v); C2a(i)"
244151;110727;Taraxacum lepidum;hagmaskros;Art;18;Jordbrukslandskap (J) - Stor betydelse, Havsstrand (H) - Har betydelse;CR;D
230841;110761;Taraxacum molybdolepis;kopparmaskros;Art;147;Jordbrukslandskap (J) - Stor betydelse, Urban miljö (U) - Stor betydelse;CR;"C2a(i); D"
230851;110776;Taraxacum obtusilobum;fetmaskros;Art;46;Urban miljö (U) - Stor betydelse;CR (PE);"B1ab(iii,v)+2ab(iii,v); C2a(i,ii); D"
230859;110785;Taraxacum onychodontum;sländmaskros;Art;75;Urban miljö (U) - Stor betydelse;EN;C2a(i)
230868;110797;Taraxacum pannulatum;rännmaskros;Art;59;Urban miljö (U) - Stor betydelse;CR;C2a(i)
230874;110803;Taraxacum persimile;honungsmaskros;Art;10;Jordbrukslandskap (J) - Stor betydelse, Urban miljö (U) - Stor betydelse;CR;D
230886;110822;Taraxacum praticola;slåttermaskros;Art;30;Jordbrukslandskap (J) - Stor betydelse, Urban miljö (U) - Har betydelse;CR (PE);D
230898;110836;Taraxacum pycnolobum;puckelmaskros;Art;84;Urban miljö (U) - Stor betydelse;CR;"C2a(i); D"
230908;110848;Taraxacum rubrisquameum;saltmaskros;Art;29;Havsstrand (H) - Stor betydelse, Jordbrukslandskap (J) - Stor betydelse, Våtmark (V) - Stor betydelse;CR;C2a(i)
230948;110905;Taraxacum sundbergii;Sundbergs maskros;Art;76;Jordbrukslandskap (J) - Stor betydelse, Urban miljö (U) - Stor betydelse;CR;D
1724;110939;Tephroseris integrifolia;fältnocka;Art;543;Jordbrukslandskap (J) - Stor betydelse;CR;A2a
1723;110943;Tephroseris palustris;kärrnocka;Art;415;Våtmark (V) - Stor betydelse, Jordbrukslandskap (J) - Har betydelse, Sötvatten (L) - Har betydelse;CR;"C2a(i,ii); D"
1575;110955;Tragopogon crocifolius;gotländsk haverrot;Art;585;Jordbrukslandskap (J) - Stor betydelse, Urban miljö (U) - Stor betydelse;VU;B1ab(iii,v)+2ab(iii,v)
222776;111038;Adoxa moschatellina;desmeknopp;Art;9862;Skog (S) - Stor betydelse, Jordbrukslandskap (J) - Har betydelse;NT;A2bc+4abc
1450;111132;Scabiosa canescens;luktvädd;Art;814;Jordbrukslandskap (J) - Stor betydelse, Urban miljö (U) - Har betydelse;VU;B1ab(iii)+2ab(iii)
221049;111148;Valeriana dioica;småvänderot;Art;7646;Jordbrukslandskap (J) - Stor betydelse, Skog (S) - Stor betydelse, Våtmark (V) - Stor betydelse;VU;A2b
1644;111163;Valerianella dentata;sommarklynne;Art;2030;Jordbrukslandskap (J) - Stor betydelse;VU°;
78;111234;Apium graveolens;selleri;Art;311;Havsstrand (H) - Stor betydelse, Urban miljö (U) - Har betydelse;CR;D
317;111278;Chaerophyllum prescottii;rysskörvel;Art;259;Jordbrukslandskap (J) - Stor betydelse, Urban miljö (U) - Har betydelse;VU;"B1ab(i,ii,iii,iv)+2ab(i,ii,iii,iv); C2a(i)"
406;111290;Conopodium majus;nötkörvel;Art;140;Jordbrukslandskap (J) - Stor betydelse, Skog (S) - Stor betydelse;VU;D2
624;111319;Eryngium maritimum;martorn;Art;3804;Havsstrand (H) - Stor betydelse;NT°;
640;111324;Falcaria vulgaris;skärblad;Art;1493;Jordbrukslandskap (J) - Stor betydelse, Urban miljö (U) - Har betydelse;EN;A2ab
79;111330;Helosciadium inundatum;krypfloka;Art;2201;Jordbrukslandskap (J) - Stor betydelse, Sötvatten (L) - Stor betydelse, Våtmark (V) - Har betydelse;VU°;A2ab
1098;111372;Oenanthe fistulosa;pipstäkra;Art;935;Jordbrukslandskap (J) - Stor betydelse, Sötvatten (L) - Stor betydelse, Våtmark (V) - Stor betydelse;EN;A2b
1099;111375;Oenanthe lachenalii;smalstäkra;Art;335;Havsstrand (H) - Stor betydelse, Brackvatten (B) - Har betydelse;VU;D2
1188;111389;Peucedanum oreoselinum;backsilja;Art;1567;Jordbrukslandskap (J) - Stor betydelse;NT;B2a
1242;111396;Pimpinella major;stor bockrot;Art;1318;Jordbrukslandskap (J) - Stor betydelse, Skog (S) - Stor betydelse, Urban miljö (U) - Har betydelse;EN;B2ab(iii,v)
1243;111399;Pimpinella saxifraga subsp. nigra;sammetsbockrot;Underart;930;Jordbrukslandskap (J) - Stor betydelse, Urban miljö (U) - Har betydelse;VU;"B2ab(ii,iii,v); C2a(i)"
1253;111403;Pleurospermum austriacum;piploka;Art;1162;Jordbrukslandskap (J) - Stor betydelse, Skog (S) - Stor betydelse, Urban miljö (U) - Har betydelse;EN;A2a
219711;111409;Sanicula europaea;sårläka;Art;12368;Skog (S) - Stor betydelse;NT°;A2ab
1451;111413;Scandix pecten-veneris;nålkörvel;Art;1301;Jordbrukslandskap (J) - Stor betydelse, Urban miljö (U) - Har betydelse;EN;B2ab(ii,iii,iv,v)c(iv)
219716;111418;Selinum carvifolia;krusfrö;Art;7071;Jordbrukslandskap (J) - Stor betydelse, Skog (S) - Har betydelse, Våtmark (V) - Har betydelse;NT;A2b
219719;111424;Seseli libanotis;säfferot;Art;4035;Jordbrukslandskap (J) - Stor betydelse, Urban miljö (U) - Har betydelse;NT;A2b
1492;111428;Silaum silaus;ängssilja;Art;286;Jordbrukslandskap (J) - Stor betydelse, Urban miljö (U) - Har betydelse;CR;"B1ab(v)+2ab(v); C2a(i,ii); D"
323;111477;Chara baueri;bauersträfse;Art;1;Sötvatten (L) - Stor betydelse, Jordbrukslandskap (J) - Har betydelse, Våtmark (V) - Har betydelse;RE;
324;111478;Chara braunii;barklöst sträfse;Art;429;Brackvatten (B) - Stor betydelse, Sötvatten (L) - Stor betydelse;NT;B2ab(ii,iii,iv,v)
326;111480;Chara connivens;tuvsträfse;Art;55;Brackvatten (B) - Stor betydelse, Sötvatten (L) - Har betydelse;NT;B2a
327;111483;Chara filiformis;trådsträfse;Art;52;Sötvatten (L) - Stor betydelse;CR;B1ab(ii,iii,v)+2ab(ii,iii,v)
329;111487;Chara horrida;raggsträfse;Art;1439;Brackvatten (B) - Stor betydelse;NT;B2ab(ii,iii,iv,v)
333;111489;Chara strigosa;skäggsträfse;Art;32;Sötvatten (L) - Stor betydelse;NT;B2b(i,ii,iii,iv,v)
332;111490;Chara subspinosa;spretsträfse;Art;236;Sötvatten (L) - Stor betydelse, Våtmark (V) - Har betydelse;VU;B2ab(ii,iii,iv,v)
913;111497;Lamprothamnium papulosum;axsträfse;Art;142;Marin miljö (M) - Stor betydelse, Brackvatten (B) - Har betydelse;EN;B1b(i,ii,iii,iv,v)c(iv)+2b(i,ii,iii,iv,v)c(iv)
1087;111499;Nitella capillaris;vårslinke;Art;154;Sötvatten (L) - Stor betydelse, Våtmark (V) - Har betydelse;EN;B1ac(iii,iv)
1086;111500;Nitella confervacea;dvärgslinke;Art;125;Sötvatten (L) - Stor betydelse;NT;B2ab(i,ii,iii,iv,v)
1088;111502;Nitella gracilis;spädslinke;Art;395;Sötvatten (L) - Stor betydelse, Brackvatten (B) - Har betydelse, Våtmark (V) - Har betydelse;NT;B2b(ii,iii,iv,v)
1089;111504;Nitella mucronata;uddslinke;Art;1339;Sötvatten (L) - Stor betydelse, Våtmark (V) - Har betydelse;NT;B2b(ii,iii,iv,v)
1090;111506;Nitella syncarpa;höstslinke;Art;193;Sötvatten (L) - Stor betydelse, Våtmark (V) - Har betydelse;EN;B1ab(i,ii,iii,iv,v)+2ab(i,ii,iii,iv,v)
1091;111507;Nitella tenuissima;pärlslinke;Art;26;Sötvatten (L) - Stor betydelse, Våtmark (V) - Har betydelse;RE;
1092;111508;Nitella translucens;grovslinke;Art;145;Sötvatten (L) - Stor betydelse, Våtmark (V) - Har betydelse;VU;B2ab(ii,iii,iv)
1564;111512;Tolypella glomerata;trubbrufse;Art;81;Sötvatten (L) - Stor betydelse, Våtmark (V) - Har betydelse;VU;"B1ac(ii,iii,iv)+2ac(ii,iii,iv); D2"
1565;111513;Tolypella intricata;uddrufse;Art;174;Sötvatten (L) - Stor betydelse, Våtmark (V) - Har betydelse;VU;B2ac(ii,iii,iv)
1730;111515;Tolypella canadensis;fjällrufse;Art;215;Sötvatten (L) - Stor betydelse, Fjäll (F) - Har betydelse;NT;B1ab(i,ii,iii,iv,v)+2ab(i,ii,iii,iv,v)
1093;111520;Nitellopsis obtusa;stjärnslinke;Art;1060;Sötvatten (L) - Stor betydelse, Våtmark (V) - Har betydelse;VU;B2ab(ii,iii,v)
