Taxon id;Global sorteringsordning;Vetenskapligt namn;Svenskt namn;Kategori;Observationer;Landskapstyp;RedListCategory;Rödlistningskriterium
6021655;1137;Laonome xeprovala;;Art;7;Brackvatten (B) - Stor betydelse;NA;
227636;1180;Ficopomatus enigmaticus;australisk kalkrörsmask;Art;75;Brackvatten (B) - Stor betydelse, Marin miljö (M) - Har betydelse;NA;
227301;1308;Boccardiella ligerica;;Art;5;Brackvatten (B) - Stor betydelse, Marin miljö (M) - Stor betydelse;NA;
261342;1333;Marenzelleria arctia;;Art;8;Brackvatten (B) - Stor betydelse, Marin miljö (M) - Stor betydelse;NA;
247778;1334;Marenzelleria neglecta;;Art;1018;Brackvatten (B) - Stor betydelse, Marin miljö (M) - Stor betydelse;NA;
227313;1335;Marenzelleria viridis;;Art;2538;Marin miljö (M) - Stor betydelse, Brackvatten (B) - Har betydelse;NA;
227331;1349;Polydora websteri;;Art;9;Marin miljö (M) - Stor betydelse;NA;
225590;2170;Dichogaster bolaui;;Art;0;;NA;
225591;2171;Dichogaster saliens;;Art;0;;NA;
6007714;2181;Aporrectodea trapezoides;;Art;1;;NA;
6007888;2185;Bimastos parvus;;Art;0;;NA;
225578;2193;Dendrobaena hortensis;;Art;0;;NA;
6007690;2223;Amynthas corticis;;Art;0;;NA;
225623;2552;Branchiura sowerbyi;;Art;15;Sötvatten (L) - Stor betydelse;NA;
6008077;2588;Limnodrilus cervix;;Art;0;Sötvatten (L) - Stor betydelse, Brackvatten (B) - Har betydelse;NA;
225600;2601;Potamothrix bavaricus;;Art;1;Sötvatten (L) - Stor betydelse;NA;
225601;2602;Potamothrix bedoti;;Art;13;Sötvatten (L) - Stor betydelse;NA;
225602;2603;Potamothrix heuscheri;;Art;2;Sötvatten (L) - Stor betydelse;NA;
225603;2604;Potamothrix moldaviensis;;Art;11;Sötvatten (L) - Stor betydelse;NA;
225604;2605;Potamothrix vejdovskyi;;Art;9;Sötvatten (L) - Stor betydelse;NA;
6035057;2716;Orthochordeumella pallida;större spinndubbelfoting;Art;6;;NA;
200853;2725;Brachychaeteuma bradeae;snaggfoting;Art;48;Urban miljö (U) - Stor betydelse;NA;
6002651;2731;Chondrodesmus riparius;palmbandfoting;Art;21;;NA;
200896;2735;Oxidus gracilis;orangerifoting;Art;184;Urban miljö (U) - Stor betydelse;NA;
6002654;2741;Cylindrodesmus hirsutus;hårig bandfoting;Art;62;;NA;
200895;2746;Ophiodesmus albonanus;slät spökfoting;Art;0;Jordbrukslandskap (J) - Stor betydelse, Urban miljö (U) - Stor betydelse;NA;
200893;2749;Amphitomeus attemsi;kulfoting;Art;59;;NA;
200891;2759;Propolydesmus testaceus;stenplattfoting;Art;16;Jordbrukslandskap (J) - Stor betydelse, Urban miljö (U) - Stor betydelse;NA;
200892;2762;Poratia digitata;fingerfoting;Art;17;Urban miljö (U) - Stor betydelse;NA;
200869;2796;Kryphioiulus occultus;svanskejsarfoting;Art;1;Urban miljö (U) - Stor betydelse;NA;
200870;2798;Cylindroiulus vulnerarius;blindkejsarfoting;Art;8;Urban miljö (U) - Stor betydelse;NA;
200874;2802;Cylindroiulus britannicus;parkkejsarfoting;Art;123;Urban miljö (U) - Stor betydelse;NA;
200876;2804;Cylindroiulus truncorum;borstkejsarfoting;Art;17;Urban miljö (U) - Stor betydelse;NA;
200877;2806;Enantiulus nanus;kronkejsarfoting;Art;0;Urban miljö (U) - Stor betydelse;NA;
6008403;2828;Leptogoniulus sorornus;;Art;18;;NA;
200856;2831;Paraspirobolus lucifugus;slitsfoting;Art;64;Urban miljö (U) - Stor betydelse;NA;
249393;2848;Stenotaenia linearis;trådjordkrypare;Art;37;Urban miljö (U) - Stor betydelse;NA;
232141;2868;Orphnaeus brevilabiatus;kamjordkrypare;Art;0;;NA;
6006801;2873;Tygarrup javanicus;;Art;14;;NA;
232906;2876;Himantarium caldarium;;Art;0;;;
6006802;2880;Cryptops anomalans;;Art;6;;NA;
6021500;2881;Cryptops doriae;;Art;3;;NA;
200913;2882;Cryptops hortensis;parkskolopender;Art;72;Urban miljö (U) - Stor betydelse, Skog (S) - Har betydelse;NA;
200914;2883;Cryptops parisi;växthusskolopender;Art;20;Urban miljö (U) - Stor betydelse;NA;
200931;2911;Lamyctes coeculus;blindstenkrypare;Art;32;Urban miljö (U) - Stor betydelse;NA;
200932;2916;Scutigera coleoptrata;husspindelfoting;Art;12;Urban miljö (U) - Stor betydelse;NA;
6037583;3254;Bilobella braunerae;;Art;18;;NA;
234520;3547;Rhyparobia maderae;;Art;0;;NA;
6002600;3550;Panchlora camerunensis;;Art;0;;NA;
6002601;3551;Panchlora exoleta;;Art;0;;NA;
6002602;3552;Panchlora nivea;kubansk banankackerlacka;Art;0;;NA;
6002605;3555;Pycnoscelus surinamensis;växthuskackerlacka;Art;90;;NA;
234516;3571;Periplaneta brunnea;;Art;2;;NA;
234517;3572;Periplaneta australasiae;australisk kackerlacka;Art;77;;NA;
234518;3573;Periplaneta americana;amerikansk kackerlacka;Art;11;;NA;
6002597;3576;Supella longipalpa;brunbandad kackerlacka;Art;2;;NA;
103304;3611;Carabus auratus;gyllenlöpare;Art;3;;NA;
261055;3612;Carabus auronitens;praktlöpare;Art;44;Skog (S) - Har betydelse;NA;
103547;3793;Calodromius bifasciatus;;Art;0;;NA;
103551;3794;Calodromius putzeysi;;Art;0;;NA;
103558;3822;Microlestes corticalis;;Art;0;;NA;
103552;3834;Philorhizus vectensis;;Art;0;;NA;
103530;3870;Perigona nigriceps;kompostlöpare;Art;75;Urban miljö (U) - Stor betydelse;NA;
103341;4290;Trechus cuniculorum;;Art;0;;NA;
105289;4629;Bostrychoplites cornutus;;Art;1;;NA;
105285;4631;Heterobostrychus aequalis;;Art;3;;NA;
105286;4632;Heterobostrychus brunneus;;Art;1;;NA;
105287;4633;Heterobostrychus hamatipennis;;Art;4;;NA;
6053466;4634;Heterobostrychus pileatus;;Art;0;;NA;
105290;4637;Sinoxylon anale;;Art;0;;NA;
105291;4638;Sinoxylon ceratoniae;;Art;0;;NA;
105292;4639;Sinoxylon crassum;;Art;0;;NA;
105293;4646;Xylion adustus;;Art;0;;NA;
105288;4650;Xylothrips flavipes;;Art;0;;NA;
105284;4653;Dinoderus bifoveolatus;;Art;0;;NA;
105281;4654;Dinoderus brevis;;Art;0;;NA;
105280;4655;Dinoderus japonicus;;Art;0;;NA;
105283;4656;Dinoderus minutus;;Art;3;;NA;
105282;4657;Dinoderus ocellaris;;Art;0;;NA;
105279;4659;Rhyzopertha dominica;kapucinerbagge;Art;17;;NA;
105278;4662;Stephanopachys quadricollis;;Art;0;;NA;
211345;4667;Lyctus africanus;;Art;1;;NA;
105274;4668;Lyctus brunneus;;Art;1;Urban miljö (U) - Stor betydelse;NA;
105275;4669;Lyctus carbonarius;;Art;0;;NA;
105276;4673;Minthea rugicollis;;Art;0;;NA;
105277;4676;Trogoxylon impressum;;Art;0;;NA;
105257;4685;Attagenus gobicola;;Art;0;;NA;
105254;4689;Attagenus smirnovi;;Art;449;Urban miljö (U) - Stor betydelse;NA;
105253;4691;Attagenus unicolor;;Art;22;Urban miljö (U) - Stor betydelse;NA;
105256;4692;Attagenus woodroffei;vågbandad pälsänger;Art;206;Urban miljö (U) - Stor betydelse;NA;
105249;4698;Dermestes ater;;Art;6;Urban miljö (U) - Stor betydelse;NA;
105244;4699;Dermestes carnivorus;;Art;0;Urban miljö (U) - Stor betydelse;NA;
105245;4700;Dermestes dimidiatus;;Art;0;Urban miljö (U) - Stor betydelse;NA;
105250;4704;Dermestes haemorrhoidalis;;Art;59;Urban miljö (U) - Stor betydelse;NA;
105241;4708;Dermestes maculatus;rävänger;Art;8;Urban miljö (U) - Stor betydelse;NA;
105251;4712;Dermestes peruvianus;;Art;7;Urban miljö (U) - Stor betydelse;NA;
105270;4722;Anthrenus olgae;;Art;28;Urban miljö (U) - Stor betydelse;NA;
105266;4723;Anthrenus pimpinellae;;Art;21;Urban miljö (U) - Stor betydelse;NA;
105268;4726;Anthrenus verbasci;;Art;229;Jordbrukslandskap (J) - Har betydelse, Urban miljö (U) - Har betydelse;NA;
105263;4739;Reesa vespulae;;Art;280;Urban miljö (U) - Stor betydelse;NA;
105259;4741;Trogoderma angustum;;Art;179;Urban miljö (U) - Stor betydelse;NA;
105261;4743;Trogoderma granarium;khaprabagge;Art;18;Urban miljö (U) - Stor betydelse;NA;
105262;4745;Trogoderma megatomoides;;Art;1;Urban miljö (U) - Stor betydelse;NA;
105258;4746;Trogoderma variabile;;Art;2;Urban miljö (U) - Stor betydelse;NA;
105260;4747;Trogoderma versicolor;;Art;3;Urban miljö (U) - Stor betydelse;NA;
105273;4751;Thorictodes heydeni;;Art;1;Urban miljö (U) - Stor betydelse;NA;
105272;4757;Thylodrias contractus;;Art;0;;NA;
105294;4860;Gibbium psylloides;;Art;0;;NA;
105295;4864;Mezium sulcatum;;Art;0;;NA;
101643;4881;Pseudeurostus hilleri;;Art;34;Jordbrukslandskap (J) - Stor betydelse, Urban miljö (U) - Stor betydelse;NA;
105310;4883;Ptinus bidens;;Art;0;;NA;
105300;4899;Ptinus tectus;australisk tjuvbagge;Art;48;Urban miljö (U) - Stor betydelse;NA;
105297;4905;Sphaericus pinguis;;Art;0;;NA;
105296;4907;Trigonogenius globosus;;Art;1;;NA;
105330;4912;Lasioderma serricorne;;Art;33;Urban miljö (U) - Stor betydelse;NA;
6051276;4955;Agrilus ribesi;vinbärspraktbagge;Art;247;Urban miljö (U) - Stor betydelse;NA;
105023;5162;Ptilodactyla exotica;;Art;11;;NA;
212476;5176;Callidiellum rufipenne;cypressbock;Art;28;Skog (S) - Stor betydelse, Urban miljö (U) - Stor betydelse;NA;
6053472;5210;Chlorophorus annularis;;Art;1;;NA;
6009723;5211;Chlorophorus diadema;;Art;1;;NA;
105936;5213;Chlorophorus glabromaculatus;;Art;3;;NA;
105923;5240;Gracilia minuta;pilbock;Art;25;;NA;
212458;5243;Stromatium barbatum;;Art;0;;NA;
105924;5244;Stromatium auratum;;Art;0;;NA;
6330657;5246;Trichoferus campestris;;Art;0;;NA;
105922;5260;Phoracantha semipunctata;;Art;0;;NA;
105925;5263;Nathrius brevipennis;dvärgkortvingebock;Art;7;;NA;
105928;5266;Chenoderus testaceus;;Art;0;;NA;
6051273;5271;Stenopterus rufus;;Art;6;;NA;
6053471;5301;Zotalemimon ciliatum;;Art;0;;NA;
105942;5304;Neocolobura alboplagiata;;Art;0;;NA;
6053469;5358;Niphona furcata;;Art;0;;NA;
212857;5579;Crepidodera aurea;;Art;13;;NA;
106137;5583;Crepidodera plutus;;Art;0;;NA;
101658;5711;Psylliodes attenuata;humlejordloppa;Art;0;Jordbrukslandskap (J) - Stor betydelse, Urban miljö (U) - Har betydelse;NA;
105964;5737;Acanthoscelides obtectus;bönbagge;Art;35;Urban miljö (U) - Stor betydelse;NA;
6040188;5746;Bruchidius varius;klöverfröbagge;Art;19;Urban miljö (U) - Stor betydelse;NA;
105968;5749;Callosobruchus analis;;Art;1;;NA;
105966;5750;Callosobruchus chinensis;kinesisk bönbagge;Art;10;;NA;
105967;5751;Callosobruchus maculatus;mungbönsbagge;Art;16;;NA;
105959;5763;Bruchus dentipes;;Art;7;;NA;
6002930;5764;Bruchus ervi;;Art;1;;NA;
105963;5767;Bruchus lentis;linsbagge;Art;0;;NA;
105962;5771;Bruchus pisorum;ärtsmyg;Art;11;;NA;
105960;5772;Bruchus rufimanus;bönsmyg;Art;292;Jordbrukslandskap (J) - Stor betydelse, Urban miljö (U) - Stor betydelse;NA;
105955;5777;Caryedon serratus;jordnötsbagge;Art;5;;NA;
212685;5818;Chrysolina americana;rosmarinbagge;Art;88;Urban miljö (U) - Har betydelse;NA;
212669;5824;Chrysolina coerulans;blå myntebagge;Art;31;;NA;
106020;5883;Labidomera clivicollis;;Art;0;;NA;
106021;5885;Leptinotarsa decemlineata;koloradobagge;Art;32;;NA;
233775;5922;Zygogramma piceicollis;;Art;0;;NA;
101976;6103;Xanthogaleruca luteola;almlövbagge;Art;0;Skog (S) - Stor betydelse, Jordbrukslandskap (J) - Har betydelse;NA;
212748;6111;Diabrotica undecimpunctata;;Art;0;;NA;
106073;6112;Diabrotica undecimpunctata howardi;;Underart;0;;NA;
105340;6149;Allonyx quadrimaculatus;;Art;0;;NA;
105343;6156;Thanasimus pectoralis;;Art;0;;;
105344;6163;Enoplium serraticorne;;Art;0;;NA;
105345;6177;Tarsostenus univittatus;;Art;0;;NA;
100796;6185;Danacea nigritarsis;;Art;0;Skog (S) - Stor betydelse, Jordbrukslandskap (J) - Har betydelse;NA;
211515;6237;Anthocomus equestris;;Art;14;Urban miljö (U) - Stor betydelse;NA;
105337;6271;Lophocateres pusillus;;Art;1;;NA;
105619;6349;Cryptolaemus montrouzieri;mindre växthuspiga;Art;69;Urban miljö (U) - Stor betydelse;NA;
211964;6396;Harmonia axyridis;harlekinpiga;Art;6304;Urban miljö (U) - Stor betydelse, Jordbrukslandskap (J) - Har betydelse;NA;
105664;6401;Hippodamia convergens;större växthuspiga;Art;1;;NA;
105629;6462;Scymnus impexus;silvergransdvärgpiga;Art;22;Skog (S) - Stor betydelse;NA;
105684;6494;Orthoperus atomarius;;Art;7;Urban miljö (U) - Stor betydelse, Jordbrukslandskap (J) - Har betydelse;NA;
105544;6526;Atomaria lewisi;;Art;385;Jordbrukslandskap (J) - Stor betydelse, Skog (S) - Stor betydelse, Urban miljö (U) - Har betydelse;NA;
105518;6628;Cryptophagus obsoletus;;Art;5;Skog (S) - Har betydelse, Urban miljö (U) - Har betydelse;NA;
105496;6649;Henoticus californicus;;Art;0;;NA;
105613;6692;Holoparamecus depressus;;Art;0;;NA;
232382;6712;Cryptophilus propinquus;;Art;98;Urban miljö (U) - Stor betydelse;NA;
105585;6723;Dacne picta;;Art;1;Skog (S) - Stor betydelse;NA;
105482;6763;Cryptolestes ferrugineus;;Art;164;Urban miljö (U) - Stor betydelse, Skog (S) - Har betydelse;NA;
105486;6764;Cryptolestes fractipennis;;Art;0;Urban miljö (U) - Har betydelse;NA;
105488;6765;Cryptolestes pusilloides;;Art;1;Urban miljö (U) - Har betydelse;NA;
105487;6766;Cryptolestes pusillus;;Art;11;Urban miljö (U) - Har betydelse;NA;
105485;6767;Cryptolestes spartii;;Art;0;Urban miljö (U) - Har betydelse;NA;
105489;6768;Cryptolestes turcicus;;Art;6;Urban miljö (U) - Har betydelse;NA;
105481;6780;Placonotus testaceus;;Art;4;;NA;
105746;6822;Corticarina curta;;Art;0;;NA;
105748;6834;Melanophthalma seminigra;;Art;0;;NA;
212059;6838;Migneauxia lederi;;Art;54;Urban miljö (U) - Stor betydelse, Skog (S) - Har betydelse;NA;
105704;6845;Adistemia watsoni;;Art;3;Urban miljö (U) - Stor betydelse;NA;
100400;6847;Cartodere bifasciata;;Art;90;Urban miljö (U) - Stor betydelse;NA;
105712;6849;Cartodere nodifer;;Art;2533;Skog (S) - Stor betydelse, Urban miljö (U) - Har betydelse;NA;
105713;6851;Cartodere subfasciata;;Art;2;;NA;
105714;6852;Cartodere vannidecki;;Art;0;;NA;
105703;6858;Dienerella elegans;;Art;1;;NA;
211659;6933;Rhizophagus puncticollis;;Art;2;;NA;
105379;6938;Carpophilus dimidiatus;;Art;5;;NA;
105381;6939;Carpophilus hemipterus;;Art;74;Jordbrukslandskap (J) - Stor betydelse, Urban miljö (U) - Stor betydelse;NA;
105378;6940;Carpophilus ligneus;;Art;2;;NA;
105380;6941;Carpophilus marginellus;;Art;844;Skog (S) - Stor betydelse, Urban miljö (U) - Stor betydelse, Jordbrukslandskap (J) - Har betydelse;NA;
105382;6942;Carpophilus mutilatus;;Art;0;;NA;
211531;6944;Carpophilus obsoletus;;Art;0;;NA;
6047665;6948;Urophorus humeralis;;Art;1;;NA;
232378;6960;Glischrochilus quadrisignatus;;Art;89;Skog (S) - Stor betydelse, Urban miljö (U) - Stor betydelse, Jordbrukslandskap (J) - Har betydelse;NA;
6052987;7017;Meligethes ater;;Art;1;;NA;
232376;7040;Meligethes incanus;;Art;37;Urban miljö (U) - Stor betydelse;NA;
101294;7045;Meligethes maurus;;Art;0;Jordbrukslandskap (J) - Har betydelse;NA;
105479;7146;Cryptamorpha desjardinsii;;Art;6;;NA;
105474;7152;Ahasverus advena;;Art;149;Urban miljö (U) - Stor betydelse;NA;
105473;7159;Nausibius clavicornis;;Art;0;;NA;
105476;7161;Oryzaephilus mercator;;Art;47;Urban miljö (U) - Har betydelse;NA;
105475;7162;Oryzaephilus surinamensis;sågtandad plattbagge;Art;166;Urban miljö (U) - Har betydelse;NA;
251905;7169;Silvanus recticollis;;Art;12;Urban miljö (U) - Stor betydelse;NA;
105455;7174;Aspidiphorus lareyniei;;Art;0;;NA;
101933;7205;Tropideres albirostris;ekplattnos;Art;15;Jordbrukslandskap (J) - Har betydelse, Skog (S) - Har betydelse;NA;
106174;7214;Araecerus fasciculatus;kaffevivel;Art;4;;NA;
6021715;7313;Rhopalapion longirostre;stockrosspetsvivel;Art;148;Urban miljö (U) - Stor betydelse;NA;
106468;7450;Orchidophilus aterrimus;orkidévivel;Art;2;;NA;
213499;7591;Mononychus punctumalbum;svärdsliljevivel;Art;78;Våtmark (V) - Stor betydelse;NA;
213429;7660;Euophryum confine;källarvedvivel;Art;6;Urban miljö (U) - Stor betydelse;NA;
106460;7695;Sternochetus mangiferae;mangovivel;Art;13;;NA;
6332166;7698;Gasterocercus depressirostris;;Art;0;Skog (S) - Stor betydelse;NA;
101943;7908;Tychius parallelus;ginstbaljvivel;Art;0;Jordbrukslandskap (J) - Har betydelse;NA;
106241;7933;Brachycerus undatus;;Art;0;;NA;
106296;7959;Naupactus cervinus;;Art;21;;NA;
256759;7967;Dodecastichus inflatus;ruderatöronvivel;Art;97;Urban miljö (U) - Stor betydelse;NA;
106263;7968;Dodecastichus mastix;asköronvivel;Art;22;Urban miljö (U) - Stor betydelse;NA;
106243;7971;Otiorhynchus armadillo;bältöronvivel;Art;107;Urban miljö (U) - Stor betydelse;NA;
106254;7972;Otiorhynchus armatus;;Art;18;Urban miljö (U) - Har betydelse;NA;
251911;7974;Otiorhynchus aurifer;;Art;19;Urban miljö (U) - Stor betydelse;NA;
106244;7977;Otiorhynchus clavipes;syrenöronvivel;Art;61;Urban miljö (U) - Stor betydelse;NA;
213086;7979;Otiorhynchus corruptor;druvöronvivel;Art;2;;NA;
213094;7980;Otiorhynchus crataegi;parköronvivel;Art;67;Urban miljö (U) - Stor betydelse;NA;
260597;7981;Otiorhynchus cribricollis;;Art;25;Urban miljö (U) - Har betydelse;NA;
106262;7990;Otiorhynchus indefinitus;;Art;5;Urban miljö (U) - Har betydelse;NA;
6003097;7998;Otiorhynchus norici;;Art;8;Urban miljö (U) - Stor betydelse;NA;
106248;8005;Otiorhynchus porcatus;stumpöronvivel;Art;303;Urban miljö (U) - Stor betydelse, Jordbrukslandskap (J) - Har betydelse, Skog (S) - Har betydelse;NA;
106242;8007;Otiorhynchus pseudonothus;trädgårdsöronvivel;Art;23;Urban miljö (U) - Har betydelse;NA;
106257;8016;Otiorhynchus smreczynskii;häcköronvivel;Art;197;Urban miljö (U) - Stor betydelse;NA;
262174;8035;Parascythopus intrusus;tujalövvivel;Art;0;Urban miljö (U) - Stor betydelse;NA;
6011487;8062;Pachyrhinus lethierryi;tujavivel;Art;38;Urban miljö (U) - Stor betydelse;NA;
6053065;8072;Polydrusus inustus;;Art;6;Urban miljö (U) - Stor betydelse;NA;
213142;8075;Polydrusus picus;pärlglansvivel;Art;1;Urban miljö (U) - Stor betydelse;NA;
6021709;8077;Polydrusus planifrons;grönbent glansvivel;Art;6;Urban miljö (U) - Stor betydelse;NA;
233781;8083;Psallidium maxillosum;;Art;0;;NA;
106294;8092;Exomias araneiformis;kal trögvivel;Art;1;;NA;
106290;8093;Exomias chevrolati;tandtrögvivel;Art;0;;NA;
213172;8134;Chlorophanus viridis;;Art;8;Urban miljö (U) - Stor betydelse;NA;
106305;8138;Diaprepes abbreviatus;;Art;0;;NA;
106318;8230;Lixus pulverulentus;;Art;0;;NA;
106451;8251;Anchonidium unguiculare;;Art;0;;NA;
106595;8286;Gnathotrichus materiarius;amerikansk vedborre;Art;0;;NA;
213712;8302;Cryphalus piceae;ädelgranborre;Art;4;Jordbrukslandskap (J) - Stor betydelse;NA;
6332564;8310;Hypothenemus eruditus;;Art;0;;NA;
6328526;8332;Coccotrypes cyperi;;Art;1;;NA;
106569;8385;Ips cembrae;lärkbarkborre;Art;25;Skog (S) - Stor betydelse, Jordbrukslandskap (J) - Har betydelse;NA;
106565;8391;Orthotomicus erosus;;Art;2;;NA;
261618;8464;Cyclorhipidion bodoanum;tvåfärgad ekvedborre;Art;16;Jordbrukslandskap (J) - Stor betydelse, Skog (S) - Stor betydelse;NA;
233245;8468;Xyleborinus attenuatus;alvedborre;Art;52;Skog (S) - Stor betydelse, Jordbrukslandskap (J) - Har betydelse, Urban miljö (U) - Har betydelse;NA;
106584;8472;Xyleborus eurygraphus;;Art;0;;NA;
106585;8475;Xylosandrus germanus;apelvedborre;Art;11;Skog (S) - Stor betydelse;NA;
106529;8517;Sitophilus granarius;kornvivel;Art;112;Urban miljö (U) - Stor betydelse, Jordbrukslandskap (J) - Har betydelse;NA;
106530;8519;Sitophilus oryzae;risvivel;Art;80;Jordbrukslandskap (J) - Stor betydelse, Urban miljö (U) - Har betydelse;NA;
106531;8520;Sitophilus zeamais;majsvivel;Art;21;Jordbrukslandskap (J) - Stor betydelse, Urban miljö (U) - Har betydelse;NA;
105146;8732;Lacon punctatus;;Art;0;;NA;
105200;8742;Cardiophorus bipunctatus;;Art;0;;NA;
100544;8746;Cardiophorus rufipes;rödbent hjärtknäppare;Art;0;;NA;
101285;8915;Melanotus punctolineatus;gräsrotsknäppare;Art;1;Jordbrukslandskap (J) - Har betydelse;NA;
211210;8947;Otho sphondyloides;;Art;1;;NA;
6007558;9027;Trixagus gracilis;;Art;13;Urban miljö (U) - Stor betydelse;NA;
232302;9099;Acritus komai;ministumpbagge;Art;28;Urban miljö (U) - Stor betydelse;NA;
103789;9110;Plegaderus otti;;Art;0;;NA;
103804;9127;Carcinops pumilio;kompoststumpbagge;Art;315;Skog (S) - Stor betydelse, Urban miljö (U) - Stor betydelse, Jordbrukslandskap (J) - Har betydelse;NA;
209115;9132;Platylomalus complanatus;plattstumpbagge;Art;8;;NA;
103756;9317;Cercyon laminatus;;Art;45;Jordbrukslandskap (J) - Stor betydelse, Urban miljö (U) - Stor betydelse;NA;
103778;9336;Cryptopleurum subtile;;Art;64;Jordbrukslandskap (J) - Stor betydelse, Urban miljö (U) - Stor betydelse;NA;
210965;9579;Oxythyrea funesta;målarguldbagge;Art;88;Jordbrukslandskap (J) - Stor betydelse;NA;
105072;9588;Tropinota hirta;luden guldbagge;Art;0;;NA;
105007;9726;Clambus simsoni;;Art;51;Jordbrukslandskap (J) - Stor betydelse, Skog (S) - Har betydelse, Urban miljö (U) - Har betydelse;NA;
103967;9888;Nargus nikitanus;;Art;0;;NA;
103879;10032;Acrotrichis cognata;;Art;223;Skog (S) - Stor betydelse, Våtmark (V) - Har betydelse;NA;
209248;10037;Acrotrichis henrici;;Art;34;Våtmark (V) - Stor betydelse, Havsstrand (H) - Har betydelse, Skog (S) - Har betydelse;NA;
103880;10038;Acrotrichis insularis;;Art;1476;Skog (S) - Stor betydelse, Havsstrand (H) - Har betydelse, Jordbrukslandskap (J) - Har betydelse, Urban miljö (U) - Har betydelse, Våtmark (V) - Har betydelse;NA;
236325;10048;Acrotrichis sanctaehelenae;;Art;26;Urban miljö (U) - Stor betydelse, Skog (S) - Har betydelse;NA;
103867;10061;Baeocrara japonica;;Art;64;Jordbrukslandskap (J) - Stor betydelse, Urban miljö (U) - Stor betydelse, Skog (S) - Har betydelse;NA;
236324;10091;Bambara contorta;;Art;7;Urban miljö (U) - Stor betydelse;NA;
104903;10242;Acrotona pseudotenera;;Art;130;Jordbrukslandskap (J) - Stor betydelse, Skog (S) - Har betydelse, Urban miljö (U) - Har betydelse;NA;
104890;10532;Trichiusa robustula;;Art;197;Jordbrukslandskap (J) - Stor betydelse, Urban miljö (U) - Stor betydelse;NA;
104922;10555;Bohemiellina flavipennis;;Art;38;Jordbrukslandskap (J) - Stor betydelse, Urban miljö (U) - Stor betydelse;NA;
104924;10566;Myrmecocephalus concinnus;;Art;61;Skog (S) - Stor betydelse, Urban miljö (U) - Stor betydelse;NA;
104962;10670;Thecturota tenuissima;;Art;50;Urban miljö (U) - Stor betydelse, Jordbrukslandskap (J) - Har betydelse;NA;
104978;10699;Oligota parva;;Art;94;Jordbrukslandskap (J) - Stor betydelse, Urban miljö (U) - Stor betydelse, Skog (S) - Har betydelse;NA;
104981;10702;Oligota punctulata;;Art;0;Jordbrukslandskap (J) - Har betydelse, Skog (S) - Har betydelse;NA;
104684;10786;Hylota ochracea;;Art;257;Jordbrukslandskap (J) - Stor betydelse, Skog (S) - Stor betydelse, Urban miljö (U) - Stor betydelse;NA;
104382;11087;Dropephylla devillei;;Art;0;;NA;
101042;11093;Dropephylla vilis;;Art;30;Skog (S) - Stor betydelse;NA;
104383;11094;Dropephylla palpalis;;Art;0;;;
258487;11124;Paraphloeostiba gayndahensis;;Art;2;;NA;
6007262;11126;Phloeonomus minimus;;Art;1;;NA;
104478;11197;Oxytelus migrator;;Art;50;Jordbrukslandskap (J) - Stor betydelse, Urban miljö (U) - Har betydelse;NA;
104466;11301;Carpelimus zealandicus;;Art;6;Urban miljö (U) - Har betydelse, Våtmark (V) - Har betydelse;NA;
104223;11360;Lithocharis nigriceps;;Art;384;Jordbrukslandskap (J) - Stor betydelse, Urban miljö (U) - Stor betydelse, Skog (S) - Har betydelse;NA;
104219;11365;Luzea nigritula;;Art;0;;NA;
104356;11452;Proteinus ovalis;;Art;0;;NA;
6010631;11620;Euconnus campestris;;Art;3;Urban miljö (U) - Stor betydelse;NA;
104077;11683;Bisnius parcus;;Art;57;Jordbrukslandskap (J) - Stor betydelse, Urban miljö (U) - Stor betydelse, Skog (S) - Har betydelse;NA;
232339;11725;Gabronthus sulcifrons;;Art;44;Jordbrukslandskap (J) - Stor betydelse, Urban miljö (U) - Stor betydelse;NA;
104051;11726;Gabronthus thermarum;;Art;77;Jordbrukslandskap (J) - Stor betydelse, Urban miljö (U) - Stor betydelse;NA;
104054;11801;Philonthus rectangulus;;Art;256;Jordbrukslandskap (J) - Stor betydelse, Urban miljö (U) - Stor betydelse;NA;
104069;11807;Philonthus spinipes;;Art;25;Jordbrukslandskap (J) - Stor betydelse, Urban miljö (U) - Stor betydelse;NA;
6005531;11936;Phacophallus pallidipennis;;Art;5;Urban miljö (U) - Stor betydelse, Jordbrukslandskap (J) - Har betydelse;NA;
104194;11943;Xantholinus gallicus;;Art;0;;NA;
102525;12133;Coproporus colchicus;;Art;3;Skog (S) - Stor betydelse, Urban miljö (U) - Stor betydelse;NA;
236238;12134;Coproporus immigrans;;Art;15;Skog (S) - Stor betydelse, Jordbrukslandskap (J) - Har betydelse, Urban miljö (U) - Har betydelse;NA;
105811;12243;Anthicus tristis;smalbandad kvickbagge;Art;0;;NA;
105818;12264;Stricticomus tobias;spenslig kvickbagge;Art;65;Jordbrukslandskap (J) - Stor betydelse, Urban miljö (U) - Har betydelse;NA;
102711;12323;Orthocis reflexicollis;;Art;2;;NA;
105780;12487;Litargus balteatus;;Art;0;;NA;
105779;12488;Litargus coloratus;;Art;0;;NA;
212122;12500;Mycetophagus salicis;;Art;12;;NA;
105783;12501;Mycetophagus tschitscherini;;Art;1;;NA;
105785;12508;Typhaea haagi;;Art;45;Urban miljö (U) - Stor betydelse;NA;
105790;12535;Anogcodes ustulatus;skånsk blombagge;Art;1;Skog (S) - Har betydelse;NA;
105793;12546;Oedemera podagrariae;;Art;1;;NA;
102162;12680;Alphitophagus bifasciatus;;Art;118;Skog (S) - Stor betydelse, Urban miljö (U) - Stor betydelse;NA;
105841;12682;Cynaeus angustus;frösvartbagge;Art;111;Skog (S) - Stor betydelse, Urban miljö (U) - Stor betydelse, Jordbrukslandskap (J) - Har betydelse;NA;
105840;12687;Gnatocerus cornutus;;Art;14;Urban miljö (U) - Stor betydelse;NA;
105851;12704;Corticeus pini;;Art;1;;NA;
105829;12727;Clamoris crenata;;Art;0;;NA;
105846;12757;Zophobas atratus;;Art;7;;NA;
105837;12761;Alphitobius diaperinus;;Art;64;Skog (S) - Stor betydelse, Urban miljö (U) - Stor betydelse;NA;
105838;12762;Alphitobius laevigatus;;Art;7;;NA;
102200;12770;Blaps mucronata;packhusdödsbud;Art;3;Urban miljö (U) - Stor betydelse;NA;
105824;12771;Blaps plana;;Art;0;;NA;
105849;12787;Nalassus alpigradus;;Art;0;;NA;
102222;12789;Nalassus dermestoides;sydlig vedsvartbagge;Art;1;Jordbrukslandskap (J) - Har betydelse, Skog (S) - Har betydelse;NA;
105848;12790;Nalassus laevioctostriatus;;Art;42;Skog (S) - Stor betydelse;NA;
105832;12804;Palorus ratzeburgii;;Art;1;;NA;
101886;12822;Tenebrio obscurus;loftmjölbagge;Art;2;Urban miljö (U) - Stor betydelse;NA;
105843;12826;Latheticus oryzae;;Art;3;;NA;
105834;12828;Tribolium castaneum;;Art;139;Urban miljö (U) - Stor betydelse;NA;
105836;12829;Tribolium confusum;rismjölbagge;Art;35;Urban miljö (U) - Stor betydelse;NA;
105835;12830;Tribolium destructor;svartbrun mjölbagge;Art;104;Urban miljö (U) - Stor betydelse;NA;
105833;12831;Tribolium madens;;Art;7;Urban miljö (U) - Stor betydelse;NA;
105839;12834;Ulomoides dermestoides;;Art;4;;NA;
6332565;12838;Uloma retusa;;Art;0;;NA;
105773;12858;Aulonium ruficorne;;Art;1;;NA;
6006738;12898;Euborellia annulipes;sydlig tvestjärt;Art;23;;NA;
6004594;13406;Desmometopa varipalpis;;Art;6;;NA;
6000093;14563;Chymomyza amoena;;Art;30;Urban miljö (U) - Stor betydelse;NA;
240447;14572;Drosophila busckii;;Art;30;;NA;
240453;14577;Drosophila hydei;;Art;42;;NA;
240452;14578;Drosophila immigrans;;Art;19;Urban miljö (U) - Stor betydelse;NA;
240458;14584;Drosophila melanogaster;;Art;299;Urban miljö (U) - Stor betydelse;NA;
250216;14589;Drosophila repleta;;Art;10;;NA;
240463;14590;Drosophila simulans;;Art;0;Urban miljö (U) - Stor betydelse;NA;
6005095;14594;Drosophila suzukii;fläckvingad daggfluga;Art;70;Urban miljö (U) - Stor betydelse;NA;
6037463;16226;Cordylobia anthropophaga;tumbufluga;Art;0;;NA;
241454;17388;Liriomyza trifolii;;Art;1;;NA;
240694;17955;Megaselia gregaria;;Art;12;;NA;
242226;18797;Thoracochaeta seticosta;;Art;3;;NA;
6033130;18864;Hermetia illucens;;Art;3;;NA;
200660;19054;Merodon equestris;bred narcissblomfluga;Art;1767;Urban miljö (U) - Stor betydelse;NA;
241104;19882;Ceratitis capitata;medelhavsfruktfluga;Art;58;;NA;
241129;19928;Plioreocepta poeciloptera;;Art;3;;NA;
241076;20007;Myennis octopunctata;;Art;1;;NA;
236135;21461;Telmatogeton japonicus;;Art;6;Sötvatten (L) - Stor betydelse, Våtmark (V) - Stor betydelse;NA;
6010134;21640;Aedes albopictus;asiatisk tigermygga;Art;2;Sötvatten (L) - Stor betydelse, Våtmark (V) - Stor betydelse;NA;
6330805;21720;Clogmia albipunctata;;Art;203;;NE;
6003904;21984;Contarinia acerplicans;lönngallmygga;Art;3;;NA;
6004213;22015;Contarinia liliacea;;Art;0;;NA;
6005148;22057;Cupressatia siskiyou;;Art;22;;NA;
6003913;22068;Dasineura alpestris;;Art;31;;NA;
6004503;22088;Dasineura gleditchiae;;Art;1;;NA;
6004247;22106;Dasineura mali;;Art;40;;NA;
6003929;22283;Monarthropalpus flavus;buxbomgallmygga;Art;144;;NA;
6004502;22296;Obolodiplosis robiniae;;Art;40;;NA;
6004185;22322;Prodiplosis violicola;violgallmygga;Art;0;;NA;
6005185;22354;Resseliella piceae;;Art;0;;NA;
6003944;22362;Rhopalomyia chrysanthemi;;Art;0;;NA;
6033008;23151;Proceroplatus trinidadensis;;Art;2;;NA;
263862;24096;Bradysia impatiens;;Art;14;;NA;
6046592;24723;Atypophthalmus umbratus;;Art;4;;NE;
6333390;25223;Cicada orni;;Art;3;;;
250411;25262;Graphocephala fennahi;;Art;796;Urban miljö (U) - Stor betydelse;NA;
6331656;25270;Evacanthus ogumae;;Art;19;Urban miljö (U) - Stor betydelse;NA;
6033238;25607;Igutettix oculatus;;Art;98;Urban miljö (U) - Stor betydelse, Jordbrukslandskap (J) - Har betydelse;NA;
6043358;25713;Eupteryx melissae;;Art;41;Urban miljö (U) - Stor betydelse;NA;
6045557;25930;Issus coleoptratus;;Art;52;Jordbrukslandskap (J) - Stor betydelse, Urban miljö (U) - Stor betydelse, Skog (S) - Har betydelse;NA;
6332649;25934;Pochazia shantungensis;;Art;0;Urban miljö (U) - Stor betydelse;NA;
226646;25945;Anthocoris butleri;;Art;49;Urban miljö (U) - Stor betydelse;NA;
261303;25949;Anthocoris minki;;Art;63;Urban miljö (U) - Stor betydelse;NA;
6051282;25959;Cardiastethus fasciiventris;;Art;25;Skog (S) - Stor betydelse, Urban miljö (U) - Stor betydelse;NA;
6028314;25993;Cimex hemipterus;tropisk vägglus;Art;1;Urban miljö (U) - Stor betydelse;NA;
6038772;26021;Dicyphus annulatus;;Art;40;Urban miljö (U) - Stor betydelse, Jordbrukslandskap (J) - Har betydelse;NA;
6004755;26036;Tupiocoris rhododendri;;Art;106;Urban miljö (U) - Stor betydelse;NA;
249163;26044;Deraeocoris flavilinea;;Art;225;Skog (S) - Stor betydelse;NA;
6332964;26084;Closterotomus trivialis;;Art;2;;;
226235;26139;Phytocoris reuteri;;Art;70;Skog (S) - Stor betydelse;NA;
6331518;26184;Tropidosteptes pacificus;;Art;15;Jordbrukslandskap (J) - Stor betydelse, Skog (S) - Stor betydelse;NA;
6008388;26248;Reuteria marqueti;;Art;14;Urban miljö (U) - Stor betydelse;NA;
6043359;26360;Psallus pseudoplatani;;Art;4;Urban miljö (U) - Stor betydelse, Jordbrukslandskap (J) - Har betydelse, Skog (S) - Har betydelse;NA;
6332614;26373;Tuponia mixticolor;;Art;8;;NA;
6012058;26411;Stephanitis pyrioides;;Art;4;Urban miljö (U) - Stor betydelse;NA;
6033176;26413;Stephanitis takeyai;;Art;3;Urban miljö (U) - Stor betydelse;NA;
266198;26675;Leptoglossus occidentalis;;Art;578;Skog (S) - Stor betydelse;NA;
6037354;26760;Orsillus depressus;;Art;31;Urban miljö (U) - Stor betydelse, Jordbrukslandskap (J) - Har betydelse;NA;
6009763;26943;Halyomorpha halys;brunmarmorerad bärfis;Art;34;Urban miljö (U) - Stor betydelse;NA;
6033355;26947;Nezara viridula;;Art;8;Urban miljö (U) - Stor betydelse;NA;
256749;27014;Dialeurodes chittendeni;;Art;35;;NA;
6330986;27021;Siphoninus phillyreae;;Art;4;;NA;
6007233;27025;Trialeurodes vaporariorum;;Art;18;;NA;
258296;27045;Acyrthosiphon caraganae;;Art;3;;NA;
258297;27046;Acyrthosiphon ignotum;;Art;0;;NA;
245875;27099;Aphis gossypii;;Art;3;;NA;
245876;27102;Aphis hederae;;Art;5;;NA;
245905;27142;Aphis spiraephaga;;Art;2;;NA;
6011747;27158;Appendiseta robiniae;;Art;13;;NA;
245963;27185;Brachycaudus rumexicolens;;Art;1;;NA;
245959;27186;Brachycaudus schwartzi;;Art;0;;NA;
245962;27188;Brachycaudus spiraeae;;Art;44;Urban miljö (U) - Stor betydelse;NA;
245976;27201;Capitophorus pakansus;;Art;0;;NA;
246034;27228;Coloradoa rufomaculata;;Art;1;;NA;
258349;27269;Dysaphis tulipae;;Art;0;;NA;
246201;27297;Idiopterus nephrelepidis;;Art;3;;NA;
258462;27299;Illinoia azaleae;;Art;1;Urban miljö (U) - Stor betydelse;NA;
6011748;27300;Illinoia lambersi;;Art;2;Urban miljö (U) - Stor betydelse;NA;
258453;27302;Impatientinum asiaticum;;Art;32;;NA;
246223;27332;Macrosiphoniella sanborni;;Art;0;Urban miljö (U) - Stor betydelse;NA;
6332067;27339;Macrosiphum hellebori;;Art;3;;NA;
246231;27340;Macrosiphum albifrons;;Art;7;;NA;
246234;27345;Macrosiphum euphorbiae;;Art;27;;NA;
246258;27384;Myzaphis rosarum;;Art;9;;NA;
246259;27385;Myzaphis turanica;;Art;0;;NA;
246260;27388;Myzocallis castanicola;;Art;7;Urban miljö (U) - Stor betydelse;NA;
6331696;27391;Myzocallis walshii;;Art;12;;NA;
246270;27398;Myzus ascalonicus;;Art;11;;NA;
246267;27404;Myzus lythri;;Art;1;;NA;
246268;27406;Myzus ornatus;;Art;1;;NA;
246274;27408;Myzus persicae;;Art;26;;NA;
245951;27418;Neomyzus circumflexus;;Art;4;;NA;
258447;27423;Ovatomyzus stachyos;;Art;0;;NA;
6012017;27430;Panaphis juglandis;;Art;16;Urban miljö (U) - Stor betydelse;NA;
246363;27453;Rhodobium porosum;;Art;0;;NA;
258450;27459;Rhopalosiphoninus staphyleae;;Art;0;;NA;
246367;27468;Rhopalosiphum maidis;;Art;0;;NA;
246461;27509;Uroleucon erigeronense;;Art;0;Jordbrukslandskap (J) - Stor betydelse, Urban miljö (U) - Stor betydelse;NA;
6009293;27645;Tinocallis nevskyi;;Art;9;;NA;
6330921;27648;Tinocallis takachihoensis;;Art;14;;NA;
245984;27655;Cerataphis orchidearum;;Art;0;Urban miljö (U) - Stor betydelse;NA;
258332;27666;Cinara brauni;;Art;0;Urban miljö (U) - Stor betydelse;NA;
246177;27721;Eriosoma lanigerum;;Art;4;;NA;
246249;27737;Melaphis rhois;;Art;0;Skog (S) - Stor betydelse;NA;
6008534;27782;Coccus hesperidum;;Art;9;;NA;
6332059;27784;Coccus longulus;;Art;2;;NA;
6332058;27785;Coccus pseudomagnoliarum;;Art;3;;NA;
6008542;27791;Eucalymnatus tessellatus;;Art;0;;NA;
256723;27813;Parthenolecanium pomeranicum;;Art;9;;NA;
6008530;27816;Physokermes inopinatus;;Art;3;;NA;
256725;27817;Physokermes piceae;;Art;1;;NA;
6008532;27821;Pulvinaria regalis;;Art;19;;NA;
6008545;27824;Saissetia coffeae;;Art;20;;NA;
6330982;27832;Pseudaulacaspis pentagona;;Art;0;;NA;
6330985;27834;Aspidiotus hedericola;;Art;6;;NA;
6008569;27835;Aspidiotus nerii;;Art;0;;NA;
6008604;27850;Diaspis boisduvalii;;Art;0;;NA;
6008574;27851;Diaspis bromeliae;;Art;0;;NA;
6008576;27857;Furchadaspis zamiae;;Art;0;;NA;
6008581;27859;Howardia biclavis;;Art;0;;NA;
6008583;27861;Ischnaspis longirostris;;Art;0;;NA;
6008589;27863;Lepidosaphes gloverii;;Art;0;;NA;
6008591;27870;Lindingaspis rossi;;Art;0;;NA;
6008593;27874;Pseudoparlatoria parlatorioides;;Art;0;;NA;
6008462;27906;Icerya purchasi;;Art;8;;NA;
6021737;27953;Planococcus citri;;Art;7;;NA;
6021736;27956;Pseudococcus longispinus;;Art;24;;NA;
6008497;27957;Pseudococcus viburni;;Art;16;;NA;
6008498;27972;Rhizoecus cacticans;;Art;0;;NA;
245928;27987;Adelges pectinatae;;Art;1;;NA;
245930;27993;Adelges nordmannianae;silvergranlus;Art;3;;NA;
6007225;27995;Adelges prelli;;Art;0;;NA;
245932;27997;Adelges cooleyi;douglasgranlus;Art;4;;NA;
6007227;28007;Pineus strobi;;Art;0;;NA;
6330915;28074;Acizzia acaciaebaileyanae;;Art;9;;NA;
258597;28123;Psylla buxi;;Art;178;;NA;
6008439;28126;Spanioneura fonscolombii;;Art;46;;NA;
258658;28144;Dyspersa apicalis;morotsbladloppa;Art;14;;NA;
236144;28289;Urocerus augur;;Art;0;Skog (S) - Stor betydelse;NA;
263754;28562;Eurhadinoceraea ventralis;klematisbladstekel;Art;83;Urban miljö (U) - Stor betydelse;NA;
6006739;28874;Euura tibialis;;Art;11;;NA;
6008406;29076;Pristiphora rufipes;aklejabladstekel;Art;60;;NA;
6003772;29221;Macrophya teutona;;Art;31;;NA;
103283;29413;Apis mellifera;honungsbi;Art;13102;Jordbrukslandskap (J) - Stor betydelse, Skog (S) - Stor betydelse, Urban miljö (U) - Stor betydelse;NA;
248786;29414;Apis mellifera mellifera;nordiskt honungsbi;Underart;221;;NA;
248787;29415;Apis mellifera ligustica;italienskt honungsbi;Underart;81;;NA;
248788;29416;Apis mellifera carnica;krainerbi;Underart;1;;NA;
248789;29417;Apis mellifera X;buckfastbi;Underart;14;;NA;
6034843;29532;Xylocopa valga;storsnickarbi;Art;3;Skog (S) - Stor betydelse, Urban miljö (U) - Stor betydelse, Jordbrukslandskap (J) - Har betydelse;NA;
102658;29570;Hylaeus sinuatus;;Art;0;Jordbrukslandskap (J) - Stor betydelse, Skog (S) - Har betydelse, Urban miljö (U) - Har betydelse;NA;
6050999;30053;Laelius pedatus;;Art;6;;NA;
200976;30223;Linepithema humile;invasionsmyra;Art;1;Urban miljö (U) - Stor betydelse;NA;
200978;30225;Tapinoma melanocephalum;mindre husmyra;Art;6;Urban miljö (U) - Stor betydelse;NA;
249184;30228;Technomyrmex albipes;vitfotsmyra;Art;56;Urban miljö (U) - Stor betydelse;NA;
6002711;30229;Technomyrmex difficilis;växthusmyra;Art;15;Urban miljö (U) - Stor betydelse;NA;
6006744;30230;Technomyrmex vitiensis;;Art;4;Urban miljö (U) - Stor betydelse;NA;
6032679;30236;Camponotus lateralis;;Art;9;;NA;
6032680;30239;Camponotus thoracicus;;Art;0;;NA;
6032677;30240;Camponotus truncatus;;Art;0;;NA;
6032682;30263;Formica candida;;Art;0;;NA;
6032683;30292;Lasius emarginatus;;Art;1;;NA;
6032688;30300;Oecophylla smaragdina;;Art;0;;NA;
6032685;30303;Lepisiota frauenfeldi;;Art;0;;NA;
200983;30305;Nylanderia vividula;hårig växthusmyra;Art;0;Urban miljö (U) - Stor betydelse;NA;
200984;30307;Paratrechina longicornis;slank växthusmyra;Art;22;Urban miljö (U) - Stor betydelse;NA;
6032690;30309;Plagiolepis alluaudi;;Art;15;Urban miljö (U) - Stor betydelse;NA;
6032691;30310;Plagiolepis pygmea;;Art;11;Urban miljö (U) - Stor betydelse;NA;
6032693;30314;Crematogaster scutellaris;;Art;2;;NA;
200958;30326;Monomorium floricola;mörk faraomyra;Art;1;;NA;
200957;30327;Monomorium pharaonis;faraomyra;Art;11;Urban miljö (U) - Stor betydelse;NA;
6032696;30331;Myrmica bessarabica;;Art;0;;NA;
6032698;30349;Pheidole anastasii;;Art;0;Urban miljö (U) - Stor betydelse;NA;
6032699;30350;Pheidole megacephala;;Art;1;Urban miljö (U) - Stor betydelse;NA;
6032700;30351;Pheidole pallidula;;Art;0;Urban miljö (U) - Stor betydelse;NA;
6040090;30362;Strumigenys rogeri;;Art;5;;NA;
6032701;30372;Temnothorax unifasciatus;;Art;0;;NA;
6032702;30375;Tetramorium bicarinatum;;Art;18;;NA;
6032703;30378;Tetramorium simillimum;;Art;0;;NA;
6032694;30380;Trichomyrmex destructor;;Art;0;;NA;
6040088;30392;Hypoponera ergatandria;;Art;0;Urban miljö (U) - Stor betydelse;NA;
6032705;30397;Ponera coarctata;;Art;0;;NA;
234174;30588;Polistes dominula;huspappersgeting;Art;33;Urban miljö (U) - Stor betydelse, Jordbrukslandskap (J) - Har betydelse;NA;
206522;30744;Aphelinus mali;;Art;0;;NA;
250727;30776;Encarsia citrina;;Art;0;;NA;
206536;30777;Encarsia formosa;;Art;0;;NA;
250888;31051;Metaphycus helvolus;;Art;1;;NA;
251145;31195;Leptomastix dactylopii;;Art;0;;NA;
6330926;33371;Andricus grossulariae;;Art;1;;NA;
252338;33406;Plagiotrochus amenti;;Art;1;;NA;
251345;34115;Evania appendigaster;större hungerstekel;Art;2;;NA;
252897;34488;Aphidius colemani;;Art;1;;NA;
6040015;35493;Aleiodes apicalis;;Art;0;;NA;
6040025;35539;Aleiodes testaceus;;Art;1;;NA;
6332049;38043;Mesochorus lilioceriphilus;;Art;18;;NE;
216339;40197;Actias selene;långsvansad påfågelspinnare;Art;0;;NA;
250442;40201;Saturnia pyri;större påfågelspinnare;Art;0;;NA;
6332810;40249;Choreutis nemorana;;Art;2;;NA;
6021732;40263;Paysandisia archon;palmfjäril;Art;0;;NA;
214573;40405;Blastobasis lacticolella;madeiraförnamal;Art;0;Jordbrukslandskap (J) - Har betydelse, Urban miljö (U) - Har betydelse;NA;
6329887;40406;Blastobasis glandulella;ekförnamal;Art;8;;NA;
214501;40496;Coleophora laricella;sydlig lärksäckmal;Art;231;Skog (S) - Stor betydelse, Jordbrukslandskap (J) - Har betydelse;NA;
6009796;40595;Cosmopterix pulchrimella;väggörtsfransmal;Art;0;;NA;
216324;40902;Sitotroga cerealella;majsmal;Art;11;Jordbrukslandskap (J) - Har betydelse, Urban miljö (U) - Har betydelse;NA;
216323;41020;Phthorimaea operculella;potatisstävmal;Art;0;Jordbrukslandskap (J) - Har betydelse, Urban miljö (U) - Har betydelse;NA;
6010215;41075;Tuta absoluta;tomatmal;Art;8;;NA;
6003440;41134;Denisia luticiliella;parkpraktmal;Art;8;;NA;
233647;41144;Eratophyes amasiella;storfläckspraktmal;Art;3;Jordbrukslandskap (J) - Har betydelse, Skog (S) - Har betydelse;NA;
251246;41146;Esperia sulphurella;svavelmal;Art;1;Jordbrukslandskap (J) - Har betydelse, Skog (S) - Har betydelse;NA;
216343;41771;Idaea inquinata;hölövmätare;Art;5;;NA;
216321;41833;Caloptilia azaleella;azaleastyltmal;Art;11;Urban miljö (U) - Stor betydelse;NA;
214084;41921;Phyllonorycter leucographellus;eldtornsguldmal;Art;244;Jordbrukslandskap (J) - Stor betydelse, Urban miljö (U) - Stor betydelse;NA;
214115;41930;Phyllonorycter platani;platanguldmal;Art;108;Jordbrukslandskap (J) - Stor betydelse, Urban miljö (U) - Stor betydelse;NA;
201292;42250;Antichloris viridis;bananglansvinge;Art;6;;NA;
6331683;42389;Acontia candefacta;;Art;3;;NA;
6009734;42907;Spodoptera dolichos;större bomullsfly;Art;0;;NA;
216344;43048;Chrysodeixis acuta;kanariemetallfly;Art;0;;NA;
251247;43050;Chrysodeixis eriosoma;fikonmetallfly;Art;1;;NA;
6009738;43051;Chrysodeixis keili;orkidémetallfly;Art;0;;NA;
250440;43277;Cacyreus marshalli;trädgårdsblåvinge;Art;4;;NA;
216340;43296;Lampides boeticus;långsvansad blåvinge;Art;14;;NA;
6009793;43343;Charaxes jasius;pascha;Art;0;;NA;
216341;43348;Opsiphanes tamarindi;tamarindfjäril;Art;0;;NA;
250441;43460;Kirinia roxelana;större gräsfjäril;Art;0;;NA;
201035;43512;Iphiclides podalirius;segelfjäril;Art;13;;NA;
6021729;43515;Papilio memnon;mångformig riddarfjäril;Art;0;;NA;
216337;43668;Parapoynx bilinealis;rödbrämat akvariemott;Art;1;Urban miljö (U) - Stor betydelse;NA;
6010351;43837;Cydalima perspectalis;buxbomsmott;Art;739;;NA;
6011700;43843;Diplopseustis perieresalis;guldpalmsmott;Art;6;;NA;
216338;43847;Duponchelia fovealis;tandsydmott;Art;81;Jordbrukslandskap (J) - Har betydelse, Urban miljö (U) - Har betydelse;NA;
250427;43849;Herpetogramma licarsisalis;golfbanemott;Art;0;Jordbrukslandskap (J) - Har betydelse, Urban miljö (U) - Har betydelse;NA;
6009786;43857;Parotis marinata;smaragdmott;Art;0;;NA;
216332;43887;Corcyra cephalonica;korintmott;Art;1;Urban miljö (U) - Stor betydelse;NA;
216331;43891;Paralipsa gularis;kakaomott;Art;1;Urban miljö (U) - Stor betydelse;NA;
216334;43909;Apomyelois ceratoniae;karatmott;Art;0;Urban miljö (U) - Stor betydelse;NA;
216336;43913;Cadra calidella;russinmott;Art;0;Urban miljö (U) - Stor betydelse;NA;
215377;43914;Cadra cautella;kortvingat fruktmott;Art;26;Urban miljö (U) - Stor betydelse;NA;
216335;43915;Cadra figulilella;smalvingat fruktmott;Art;1;Urban miljö (U) - Stor betydelse;NA;
216333;43922;Cryptoblabes gnidiella;citrusmott;Art;0;Urban miljö (U) - Stor betydelse;NA;
215371;44016;Vitula serratilineella;humlebomott;Art;216;Jordbrukslandskap (J) - Har betydelse, Urban miljö (U) - Har betydelse;NA;
6007786;44055;Dryadaula caucasica;kaukasisk vedmal;Art;3;;NA;
6331775;44115;Luffia lapidella;hornsäckspinnare;Art;29;;NA;
233282;44127;Bankesia conspurcatella;fläckig säckspinnare;Art;143;;NA;
249456;44135;Oinophila v-flava;murlavsmal;Art;44;;NA;
216320;44137;Opogona omoscopa;sockerrörsmal;Art;1;Jordbrukslandskap (J) - Har betydelse, Urban miljö (U) - Har betydelse;NA;
216319;44138;Opogona sacchari;bananmal;Art;12;Jordbrukslandskap (J) - Har betydelse, Urban miljö (U) - Har betydelse;NA;
6003459;44161;Neurothaumasia ankerella;schacksvampmal;Art;1;;NA;
213973;44206;Tinea pallescentella;silomal;Art;8;Urban miljö (U) - Stor betydelse;NA;
216329;44326;Cydia deshaisiana;hoppande böna;Art;0;Jordbrukslandskap (J) - Har betydelse, Urban miljö (U) - Har betydelse;NA;
6010319;44475;Grapholita injectiva;bredbandsvecklare;Art;0;;NA;
216328;44480;Grapholita molesta;aprikosvecklare;Art;4;Jordbrukslandskap (J) - Har betydelse, Urban miljö (U) - Har betydelse;NA;
216327;44505;Lobesia botrana;vinskottvecklare;Art;1;Jordbrukslandskap (J) - Har betydelse;NA;
216326;44591;Selania leplastriana;kålvecklare;Art;1;Jordbrukslandskap (J) - Har betydelse;NA;
216330;44603;Thaumatotibia leucotreta;knätofsvecklare;Art;3;;NA;
6009870;44688;Cacoecimorpha pronubana;tropikbredvecklare;Art;47;;NA;
6003438;44760;Epiphyas postvittana;blek fruktvecklare;Art;0;;NA;
6050994;44813;Platynota stultana;paprikavecklare;Art;0;;NA;
214156;44874;Argyresthia laevigatella;lärkskottmal;Art;14;Skog (S) - Stor betydelse, Jordbrukslandskap (J) - Har betydelse;NA;
214161;44877;Argyresthia trifasciata;trädgårdsmal;Art;320;Urban miljö (U) - Stor betydelse, Jordbrukslandskap (J) - Har betydelse;NA;
216322;44992;Zelleria oleastrella;olivspinnmal;Art;11;Jordbrukslandskap (J) - Har betydelse, Urban miljö (U) - Har betydelse;NA;
6009808;45022;Acharia stimulea;arekasnigelspinnare;Art;0;;NA;
216325;45028;Phobetron hipparchia;banansnigelspinnare;Art;0;;NA;
6331784;45324;Anacridium aegyptium;;Art;0;;NA;
6021588;45382;Gryllus bimaculatus;;Art;9;;NA;
200013;45383;Gryllus campestris;fältsyrsa;Art;86;Urban miljö (U) - Har betydelse;NA;
200012;45392;Tachycines asynamorus;växthusvårtbitare;Art;123;Urban miljö (U) - Har betydelse;NA;
6331856;45410;Meconema meridionale;kortvingad ekvårtbitare;Art;44;;NA;
6043342;45510;Menacanthus phasiani;;Art;3;;NA;
6005588;45559;Haematopinus apri;;Art;0;;NA;
6045457;45889;Struthiolipeurus struthionis;;Art;0;;NA;
6330918;46013;Ectopsocus meridionalis;;Art;2;;NA;
234473;46014;Ectopsocus briggsi;småfläckig rektangelstövslända;Art;61;;NA;
245057;46041;Mesopsocus fuscifrons;svartpannad kalvingeslända;Art;23;;NA;
234479;46096;Trichopsocus clarus;brunryggad hårstövslända;Art;1;;NA;
245056;46097;Trichopsocus dalii;blekryggad hårstövslända;Art;8;;NA;
234133;46101;Liposcelis bostrychophila;husboklus;Art;35;;NA;
234134;46102;Liposcelis brunnea;gaffelboklus;Art;6;;NA;
234139;46107;Liposcelis pearmani;tvillingboklus;Art;0;;NA;
234141;46112;Badonnelia titei;skölddammlus;Art;19;;NA;
234127;46119;Lepinotus inquilinus;bostövlus;Art;0;;NA;
234128;46120;Lepinotus patruelis;streckstövlus;Art;85;;NA;
234129;46121;Lepinotus reticulatus;nätstövlus;Art;13;;NA;
234131;46126;Dorypteryx domestica;kilvingad styltlus;Art;50;;NA;
234132;46128;Psyllipsocus ramburii;rundvingad styltlus;Art;12;;NA;
6000823;46202;Dasypsyllus gallinulae gallinulae;;Underart;0;;NA;
6000918;46313;Ctenocephalides felis;kattloppa;Art;16;;NA;
6000919;46314;Ctenocephalides felis felis;;Underart;0;;NA;
6000923;46323;Spilopsyllus cuniculi;;Art;5;;NA;
6000905;46326;Xenopsylla cheopis;pestloppa;Art;0;;NA;
6012019;46393;Franklinothrips vespiformis;;Art;0;;NA;
264258;46468;Hoplothrips unicolor;;Art;0;Skog (S) - Stor betydelse;NA;
264184;46507;Heliothrips haemorrhoidalis;;Art;12;;NA;
264185;46510;Hercinothrips femoralis;;Art;18;;NA;
264201;46512;Parthenothrips dracaenae;;Art;33;;NA;
264161;46524;Anaphothrips obscurus;;Art;110;;NA;
264162;46526;Apterothrips secticornis;;Art;29;;NA;
6008750;46532;Aurantothrips orchidaceus;;Art;0;;NA;
6008145;46546;Bradinothrips musae;;Art;0;;NA;
264170;46550;Chaetanaphothrips orchidii;;Art;1;;NA;
264177;46563;Echinothrips americanus;;Art;0;;NA;
264181;46569;Frankliniella occidentalis;;Art;5;;NA;
6008751;46581;Limothrips angulicornis;;Art;0;;NA;
264203;46608;Pteridothrips pteridicola;;Art;0;;NA;
264208;46612;Scirtothrips longipennis;;Art;2;;NA;
6008657;46649;Thrips origani;;Art;10;;NA;
264226;46650;Thrips palmi;;Art;0;;NA;
6008753;46659;Thrips simplex;;Art;0;;NA;
264229;46660;Thrips tabaci;;Art;126;;NA;
6327409;47042;Ctenolepisma lineata;linjerad silverfisk;Art;14;;NA;
6003469;47043;Ctenolepisma longicaudata;långsprötad silverfisk;Art;811;;NA;
234719;47045;Thermobia domestica;ugnssmyg;Art;6;;NA;
246641;47246;Cercopagis pengoi;;Art;65;Brackvatten (B) - Stor betydelse, Marin miljö (M) - Har betydelse, Sötvatten (L) - Har betydelse;NA;
262088;47249;Cornigerius maeoticus;;Art;0;Brackvatten (B) - Stor betydelse;NA;
6009220;47250;Cornigerius maeoticus maeoticus;;Underart;0;;NA;
261344;47254;Evadne anonyx;;Art;9;Brackvatten (B) - Stor betydelse, Sötvatten (L) - Stor betydelse;NA;
233375;47288;Acartia tonsa;;Art;471;Brackvatten (B) - Stor betydelse, Marin miljö (M) - Har betydelse;NA;
233833;48723;Pacifastacus leniusculus;signalkräfta;Art;11706;Sötvatten (L) - Stor betydelse;NA;
6007840;48742;Procambarus clarkii;röd sumpkräfta;Art;0;Sötvatten (L) - Stor betydelse;NA;
6006869;48744;Procambarus virginalis;marmorkräfta;Art;0;Sötvatten (L) - Stor betydelse;NA;
6006870;48745;Procambarus fallax f. virginalis;marmorkräfta;Morfotyp;0;Sötvatten (L) - Stor betydelse;;
102827;48749;Homarus americanus;amerikansk hummer;Art;36;Marin miljö (M) - Stor betydelse;NA;
6011911;48787;Cancer irroratus;stenkrabba;Art;1;Marin miljö (M) - Stor betydelse;NA;
245305;48864;Necora puber;rödögd simkrabba;Art;14;Marin miljö (M) - Stor betydelse;NA;
245282;48894;Rhithropanopeus harrisii;vitfingrad brackvattenskrabba;Art;135;Brackvatten (B) - Stor betydelse, Marin miljö (M) - Har betydelse, Sötvatten (L) - Har betydelse;NA;
217771;48925;Eriocheir sinensis;kinesisk ullhandskrabba;Art;279;Brackvatten (B) - Stor betydelse, Sötvatten (L) - Stor betydelse, Marin miljö (M) - Har betydelse;NA;
245310;48928;Hemigrapsus sanguineus;blåskrabba;Art;1105;Marin miljö (M) - Stor betydelse, Brackvatten (B) - Har betydelse;NA;
245311;48929;Hemigrapsus takanoi;småprickig penselkrabba;Art;980;Marin miljö (M) - Stor betydelse;NA;
6005909;49496;Grandidierella japonica;japansk märlkräfta;Art;31;Brackvatten (B) - Stor betydelse, Sötvatten (L) - Har betydelse;NA;
261383;49521;Caprella mutica;luden spökräka;Art;23;Marin miljö (M) - Stor betydelse;NA;
246893;49572;Chelicorophium curvispinum;;Art;24;Brackvatten (B) - Stor betydelse, Sötvatten (L) - Stor betydelse;NA;
261387;49671;Dikerogammarus haemobaphes;mindre rovmärla;Art;16;Sötvatten (L) - Stor betydelse;NA;
261388;49672;Dikerogammarus villosus;större rovmärla;Art;67;Brackvatten (B) - Stor betydelse, Sötvatten (L) - Stor betydelse;NA;
243635;49692;Gammarus tigrinus;;Art;23;Brackvatten (B) - Stor betydelse, Sötvatten (L) - Stor betydelse;NA;
261395;49704;Pontogammarus robustoides;;Art;20;Sötvatten (L) - Stor betydelse;NA;
246884;49773;Platorchestia platensis;;Art;38;Brackvatten (B) - Stor betydelse, Havsstrand (H) - Stor betydelse, Marin miljö (M) - Har betydelse;NA;
6330355;49850;Nippoleucon hinumensis;;Art;0;Marin miljö (M) - Stor betydelse;NA;
6006811;50094;Reductoniscus costulatus;;Art;48;Urban miljö (U) - Stor betydelse;NA;
230508;50097;Armadillidium nasatum;;Art;32;Urban miljö (U) - Stor betydelse;NA;
6006808;50117;Nagurus cristatus;;Art;37;Urban miljö (U) - Stor betydelse;NA;
6331702;50134;Philoscia affinis;;Art;4;;NA;
230493;50140;Trichorhina tomentosa;;Art;31;Urban miljö (U) - Stor betydelse;NA;
6324431;50143;Colomboniscus tristani;;Art;11;;NA;
6021507;50147;Styloniscus mauritiensis;;Art;12;;NA;
230487;50152;Androniscus dentiger;;Art;45;Urban miljö (U) - Stor betydelse, Havsstrand (H) - Har betydelse, Våtmark (V) - Har betydelse;NA;
230490;50157;Haplophthalmus danicus;;Art;66;Urban miljö (U) - Stor betydelse, Jordbrukslandskap (J) - Har betydelse, Skog (S) - Har betydelse;NA;
230482;50162;Metatrichoniscoides leydigii;;Art;27;Urban miljö (U) - Stor betydelse;NA;
6324428;50164;Miktoniscus medcofi;;Art;12;;NA;
6006809;50170;Trichoniscus provisorius;;Art;19;Urban miljö (U) - Stor betydelse;NA;
230489;50172;Trichoniscus pygmaeus;;Art;26;Jordbrukslandskap (J) - Stor betydelse, Skog (S) - Stor betydelse, Urban miljö (U) - Har betydelse;NA;
233749;50266;Hemimysis anomala;;Art;34;Brackvatten (B) - Stor betydelse, Sötvatten (L) - Stor betydelse, Marin miljö (M) - Har betydelse;NA;
261380;50271;Limnomysis benedeni;;Art;74;Sötvatten (L) - Stor betydelse, Brackvatten (B) - Har betydelse;NA;
261398;50396;Sinelobus vanhaareni;;Art;4;;NA;
261373;50458;Amphibalanus improvisus;slät havstulpan;Art;17044;Brackvatten (B) - Stor betydelse, Marin miljö (M) - Stor betydelse;NA;
6010186;50462;Austromegabalanus nigrescens;;Art;0;Marin miljö (M) - Stor betydelse;NA;
6007014;50554;Linguatula serrata;;Art;0;;NA;
6007640;51137;Chirodiscoides caviae;;Art;0;;NA;
6007637;51153;Trixacarus caviae;;Art;0;;NA;
6032958;52162;Polyphagotarsonemus latus;;Art;0;;NA;
6007310;52164;Steneotarsonemus laticeps;narcisskvalster;Art;0;;NA;
6004975;52277;Colomerus vitis;vingallkvalster;Art;32;;NA;
6330928;52295;Aceria brachytarsus;;Art;6;;NA;
6004643;52354;Aceria myriadeum;naverlönnsknottror;Art;137;;NA;
6333425;52414;Eriophyes viburni;;Art;2;;;
6032970;52542;Vasates masseei;;Art;0;;NA;
6005216;52543;Vasates quadripedes;;Art;106;;NA;
6007326;52560;Phytoptus abnormis;;Art;0;;NA;
6007459;52783;Otobius megnini;öronfästing;Art;1;;NA;
6007448;52798;Hyalomma aegyptium;sköldpaddsfästing;Art;0;;NA;
6007444;52824;Dermacentor variabilis;amerikansk hundfästing;Art;0;;NA;
252251;52827;Rhipicephalus sanguineus;kennelfästing;Art;5;;NA;
6028237;53034;Stratiolaelaps scimitus;;Art;0;;NA;
6007633;53039;Tropilaelaps thaii;;Art;0;;NA;
6007675;53044;Ornithonyssus bacoti;tropiskt råttkvalster;Art;2;;NA;
6006937;53045;Ornithonyssus sylviarum;;Art;24;;NA;
6007604;53058;Varroa destructor;;Art;13;;NA;
6332181;53122;Blattisocius tarsalis;;Art;1;;NA;
6028242;53138;Amblyseius swirskii;;Art;0;;NA;
6007135;53153;Neoseiulus barkeri;;Art;0;;NA;
6007616;53154;Neoseiulus californicus;;Art;0;;NA;
6028241;53155;Neoseiulus cucumeris;;Art;2;;NA;
6007137;53164;Phytoseiulus persimilis;;Art;1;;NA;
248483;53564;Eratigena agrestis;luffarspindel;Art;96;Urban miljö (U) - Stor betydelse;NA;
6009033;53575;Amaurobius erberi;;Art;1;Urban miljö (U) - Stor betydelse;NA;
6045566;53583;Pseudanapis aloha;;Art;1;Urban miljö (U) - Stor betydelse;NA;
6024096;53616;Cyclosa insulana;;Art;1;Urban miljö (U) - Stor betydelse;NA;
6003813;53654;Cheiracanthium furculatum;;Art;1;Urban miljö (U) - Stor betydelse;NA;
6009029;53655;Cheiracanthium insulanum;;Art;1;Urban miljö (U) - Stor betydelse;NA;
6009030;53656;Cheiracanthium mildei;;Art;4;Urban miljö (U) - Stor betydelse;NA;
6049808;53690;Acanthoctenus spiniger;;Art;8;Urban miljö (U) - Stor betydelse;NA;
6331725;53696;Badumna longinqua;;Art;1;Urban miljö (U) - Stor betydelse;NA;
6011938;53709;Brigittea civica;väggkardarspindel;Art;11;Urban miljö (U) - Stor betydelse;NA;
6035047;53737;Dysdera erythrina;;Art;7;Urban miljö (U) - Stor betydelse;NA;
250151;53740;Harpactea rubicunda;ljus rövarspindel;Art;78;Urban miljö (U) - Stor betydelse;NA;
6331017;53893;Erigone dentosa;;Art;1;Urban miljö (U) - Stor betydelse;NA;
218760;53958;Lessertia dentichelis;gruvdvärgspindel;Art;43;Urban miljö (U) - Stor betydelse;NA;
6024085;53975;Mermessus trilobatus;;Art;16;Jordbrukslandskap (J) - Stor betydelse, Urban miljö (U) - Stor betydelse;NA;
218815;54011;Ostearius melanopygius;svartrumpespindel;Art;125;Urban miljö (U) - Stor betydelse, Våtmark (V) - Har betydelse;NA;
6327410;54401;Ero aphana;;Art;47;Urban miljö (U) - Stor betydelse;NA;
6009046;54414;Nesticella mogera;;Art;10;Urban miljö (U) - Stor betydelse;NA;
6319545;54419;Oecobius amboseli;;Art;24;Urban miljö (U) - Stor betydelse;NA;
258053;54421;Oecobius navus;;Art;5;Urban miljö (U) - Stor betydelse;NA;
248471;54424;Oonops domesticus;röd dansspindel;Art;44;Urban miljö (U) - Stor betydelse;NA;
6006162;54426;Triaeris stenaspis;;Art;17;Urban miljö (U) - Stor betydelse;NA;
6006157;54454;Thanatus vulgaris;;Art;1;Urban miljö (U) - Stor betydelse;NA;
218555;54460;Pholcus phalangioides;större dallerspindel;Art;1528;Urban miljö (U) - Stor betydelse;NA;
266940;54461;Pholcus opilionoides;mindre dallerspindel;Art;49;Urban miljö (U) - Stor betydelse;NA;
218556;54463;Psilochorus simoni;turkos dallerspindel;Art;35;Urban miljö (U) - Stor betydelse;NA;
266941;54465;Holocnemus pluchei;;Art;74;Urban miljö (U) - Stor betydelse;NA;
6053331;54489;Chalcoscirtus infimus;;Art;0;Urban miljö (U) - Stor betydelse;NA;
6331727;54498;Evarcha jucunda;;Art;0;Urban miljö (U) - Stor betydelse;NA;
266942;54501;Hasarius adansoni;växthushoppspindel;Art;109;Urban miljö (U) - Stor betydelse;NA;
6011579;54512;Icius hamatus;;Art;8;Urban miljö (U) - Stor betydelse;NA;
6011575;54520;Menemerus bivittatus;;Art;1;Urban miljö (U) - Stor betydelse;NA;
6002594;54532;Phidippus audax;;Art;2;Urban miljö (U) - Stor betydelse;NA;
6002593;54533;Phidippus otiosus;;Art;1;Urban miljö (U) - Stor betydelse;NA;
6037381;54535;Philaeus chrysops;;Art;3;Urban miljö (U) - Stor betydelse;NA;
6331726;54541;Pseudeuophrys obsoleta;;Art;1;Urban miljö (U) - Stor betydelse;NA;
6011577;54545;Saitis barbipes;;Art;3;Urban miljö (U) - Stor betydelse;NA;
6049805;54567;Scytodes thoracica;;Art;15;Urban miljö (U) - Stor betydelse;NA;
6320322;54574;Loxosceles laeta;chilensk fiolspindel;Art;0;Urban miljö (U) - Stor betydelse;NA;
6005775;54577;Heteropoda venatoria;;Art;1;Urban miljö (U) - Stor betydelse;NA;
6009032;54614;Coleosoma floridanum;;Art;8;Urban miljö (U) - Stor betydelse;NA;
6006159;54619;Cryptachaea blattea;;Art;5;Urban miljö (U) - Stor betydelse;NA;
258054;54634;Enoplognatha caricis;bågtandsklotspindel;Art;1;Urban miljö (U) - Stor betydelse;NA;
6009041;54645;Latrodectus dahli;;Art;1;Urban miljö (U) - Stor betydelse;NA;
6009043;54646;Latrodectus geometricus;brun änka;Art;0;Urban miljö (U) - Stor betydelse;NA;
6009042;54647;Latrodectus mactans;sydlig svart änka;Art;2;Urban miljö (U) - Stor betydelse;NA;
248517;54657;Parasteatoda tabulata;orientklotspindel;Art;34;Urban miljö (U) - Stor betydelse;NA;
248533;54658;Parasteatoda tepidariorum;växthusspindel;Art;254;Urban miljö (U) - Stor betydelse;NA;
6006158;54689;Steatoda paykulliana;;Art;2;Urban miljö (U) - Stor betydelse;NA;
6037379;54690;Steatoda triangulosa;;Art;21;Urban miljö (U) - Stor betydelse;NA;
6002569;54695;Theridion hannoniae;skravelklotspindel;Art;48;Jordbrukslandskap (J) - Stor betydelse;NA;
6006160;54697;Theridion melanostictum;;Art;1;Urban miljö (U) - Stor betydelse;NA;
218564;54761;Uloborus plumipes;knätofsspindel;Art;557;Urban miljö (U) - Stor betydelse;NA;
6009195;54765;Zodarion rubidum;;Art;11;Urban miljö (U) - Stor betydelse;NA;
6003816;54768;Zoropsis spinimana;;Art;3;Urban miljö (U) - Stor betydelse;NA;
6330912;54779;Nelima sempronii;;Art;18;Urban miljö (U) - Stor betydelse;NA;
6002571;54788;Dicranopalpus ramosus;grenlocke;Art;1501;Urban miljö (U) - Stor betydelse;NA;
6331743;54794;Leiobunum sp.A;;Art;27;Urban miljö (U) - Stor betydelse;NA;
226680;54798;Leiobunum gracile;broklocke;Art;825;Skog (S) - Stor betydelse, Urban miljö (U) - Har betydelse;NA;
6011238;54808;Odiellus spinosus;storlocke;Art;78;Urban miljö (U) - Stor betydelse, Jordbrukslandskap (J) - Har betydelse;NA;
226675;54815;Opilio canestrinii;orange vägglocke;Art;3628;Urban miljö (U) - Stor betydelse, Skog (S) - Har betydelse;NA;
225461;54851;Allochernes peregrinus;vandrarklokrypare;Art;3;Skog (S) - Stor betydelse;NA;
225472;54866;Lamprochernes savignyi;kompostklokrypare;Art;6;Jordbrukslandskap (J) - Stor betydelse, Skog (S) - Har betydelse, Urban miljö (U) - Har betydelse;NA;
6331499;55068;Juxtacribrilina mutabilis;;Art;2;;NA;
234100;55161;Schizoporella unicornis;;Art;3;;NA;
247859;55263;Victorella pavida;;Art;1;Brackvatten (B) - Stor betydelse, Marin miljö (M) - Har betydelse;NA;
261431;55409;Didemnum vexillum;filtsjöpung;Art;12;Marin miljö (M) - Stor betydelse;NA;
234250;55495;Styela clava;lädersjöpung;Art;20;Marin miljö (M) - Stor betydelse;NA;
206048;55705;Acipenser baeri;sibirisk stör;Art;1;Sötvatten (L) - Stor betydelse, Marin miljö (M) - Har betydelse;NA;
206049;55706;Acipenser gueldenstaedtii;rysk stör;Art;6;Sötvatten (L) - Stor betydelse, Marin miljö (M) - Har betydelse;NA;
206050;55709;Acipenser ruthenus;sterlett;Art;2;Sötvatten (L) - Stor betydelse, Marin miljö (M) - Har betydelse;NA;
267040;55710;Acipenser stellatus;stjärnstör;Art;0;Brackvatten (B) - Stor betydelse, Marin miljö (M) - Stor betydelse, Sötvatten (L) - Stor betydelse;NA;
206052;55714;Huso huso;hus;Art;0;Sötvatten (L) - Stor betydelse, Marin miljö (M) - Har betydelse;NA;
233631;55889;Neogobius melanostomus;svartmunnad smörbult;Art;3803;Brackvatten (B) - Stor betydelse, Sötvatten (L) - Stor betydelse;NA;
261434;55940;Lepomis gibbosus;solabborre;Art;21;Sötvatten (L) - Stor betydelse;NA;
206082;55942;Micropterus dolomieu;svartabborre;Art;1;Sötvatten (L) - Stor betydelse;NA;
267072;56082;Liopsetta glacialis;;Art;0;Marin miljö (M) - Stor betydelse, Brackvatten (B) - Har betydelse;NA;
6000184;56322;Coregonus peled;peledsik;Art;0;Sötvatten (L) - Stor betydelse;NA;
206223;56325;Hucho hucho;donaulax;Art;0;Sötvatten (L) - Stor betydelse;NA;
206224;56327;Oncorhynchus clarkii;strupsnittsöring;Art;21;Sötvatten (L) - Stor betydelse;NA;
206225;56328;Oncorhynchus gorbuscha;puckellax;Art;14;Marin miljö (M) - Stor betydelse, Sötvatten (L) - Stor betydelse;NA;
206226;56330;Oncorhynchus kisutch;silverlax;Art;1;Marin miljö (M) - Stor betydelse, Sötvatten (L) - Stor betydelse;NA;
206227;56331;Oncorhynchus mykiss;regnbåge;Art;2119;Sötvatten (L) - Stor betydelse, Brackvatten (B) - Har betydelse, Marin miljö (M) - Har betydelse;NA;
206228;56332;Oncorhynchus nerka;rödlax;Art;91;Marin miljö (M) - Stor betydelse, Sötvatten (L) - Stor betydelse;NA;
206232;56342;Salvelinus fontinalis;bäckröding;Art;3694;Sötvatten (L) - Stor betydelse;NA;
206233;56343;Salvelinus namaycush;kanadaröding;Art;2751;Sötvatten (L) - Stor betydelse;NA;
6330588;56401;Misgurnus nikolskyi;;Art;0;;NA;
6004146;56415;Carassius auratus;guldfisk;Art;205;;NA;
261433;56417;Carassius gibelio;silverruda;Art;38;Sötvatten (L) - Stor betydelse;NA;
206124;56419;Cyprinus carpio;karp;Art;379;Sötvatten (L) - Stor betydelse;NA;
206123;56477;Ctenopharyngodon idella;gräskarp;Art;137;Sötvatten (L) - Stor betydelse;NA;
206126;56479;Hypophthalmichthys molitrix;silverkarp;Art;0;Sötvatten (L) - Stor betydelse;NA;
206127;56480;Hypophthalmichthys nobilis;marmorkarp;Art;0;Sötvatten (L) - Stor betydelse;NA;
6004834;56490;Ameiurus melas;svart dvärgmal;Art;1;Sötvatten (L) - Stor betydelse;NA;
206003;56520;Lepus europaeus;fälthare;Art;26564;Jordbrukslandskap (J) - Stor betydelse, Skog (S) - Har betydelse;NA;
6050991;56525;Lepus europaeus x timidus;fälthare x skogshare;Hybrid;32;;NA;
206005;56527;Oryctolagus cuniculus;vildkanin;Art;5797;Jordbrukslandskap (J) - Stor betydelse, Havsstrand (H) - Har betydelse, Urban miljö (U) - Har betydelse;NA;
233619;56528;Oryctolagus cuniculus (domestic form);tamkanin;Morfotyp;0;;NA;
257770;56540;Myocastor coypus;sumpbäver;Art;6;Sötvatten (L) - Stor betydelse;NA;
232133;56571;Ondatra zibethicus;bisam;Art;783;Havsstrand (H) - Stor betydelse, Sötvatten (L) - Stor betydelse, Våtmark (V) - Stor betydelse;NA;
6008456;56575;Apodemus agrarius;brandmus;Art;5;;NA;
100080;56579;Micromys minutus;dvärgmus;Art;173;Jordbrukslandskap (J) - Stor betydelse;NA;
6007835;56606;Eutamias sibiricus;sibirisk jordekorre;Art;1;Skog (S) - Stor betydelse;NA;
257771;56693;Odocoileus virginianus;vitsvanshjort;Art;3;;NA;
6011613;56713;Bison bonasus;visent;Art;34;;NA;
233628;56715;Bos taurus;nötkreatur;Art;208;;NA;
233625;56717;Capra hircus;get;Art;47;;NA;
206042;56719;Ovibos moschatus;myskoxe;Art;37;Fjäll (F) - Stor betydelse, Skog (S) - Stor betydelse;NA;
233626;56721;Ovis aries;får;Art;1170;;NA;
246283;56722;Ovis aries musimon;mufflonfår;Underart;1013;;NA;
264917;56723;Ovis aries aries;tamfår;Underart;18;;NA;
233624;56731;Sus scrofa, domestic forms;tamsvin;Artkomplex;26;;NA;
233621;56752;Canis lupus familiaris;hund;Underart;234;;NA;
206028;56754;Nyctereutes procyonoides;mårdhund;Art;481;Skog (S) - Stor betydelse, Våtmark (V) - Stor betydelse, Jordbrukslandskap (J) - Har betydelse;NA;
6011586;56779;Mustela putorius furo;frett;Underart;9;;NA;
206031;56781;Neovison vison;mink;Art;14417;Brackvatten (B) - Stor betydelse, Havsstrand (H) - Stor betydelse, Marin miljö (M) - Stor betydelse, Sötvatten (L) - Stor betydelse, Våtmark (V) - Stor betydelse;NA;
6003382;56802;Procyon lotor;tvättbjörn;Art;4;;NA;
233622;56864;Equus asinus;åsna;Art;3;;NA;
6333412;56865;Equus asinus asinus;tamåsna;Underart;0;;;
233623;56866;Equus caballus;häst;Art;124;;NA;
6052685;56904;Thamnophis sirtalis;strumpebandssnok;Art;0;;NA;
6052686;56905;Thamnophis sirtalis parietalis;rödsidig strumpebandssnok;Underart;0;;NA;
233178;56915;Oxyura leucocephala;kopparand;Art;0;;NA;
233177;56916;Oxyura jamaicensis;amerikansk kopparand;Art;136;Sötvatten (L) - Stor betydelse, Våtmark (V) - Stor betydelse;NA;
233889;56918;Oxyura jamaicensis jamaicensis;nordlig amerikansk kopparand;Underart;0;;NA;
234080;56922;Cygnus atratus;svart svan;Art;1294;Sötvatten (L) - Stor betydelse;NA;
102929;56938;Branta canadensis;kanadagås;Art;843694;Jordbrukslandskap (J) - Stor betydelse, Sötvatten (L) - Stor betydelse, Våtmark (V) - Stor betydelse, Brackvatten (B) - Har betydelse, Havsstrand (H) - Har betydelse, Marin miljö (M) - Har betydelse, Urban miljö (U) - Har betydelse;NA;
233881;56939;Branta canadensis canadensis;östlig kanadagås;Underart;4;;NE;
233816;56941;Branta hutchinsii;polargås;Art;277;Sötvatten (L) - Stor betydelse;NA;
266744;56943;Branta hutchinsii minima;polargås, underarten minima;Underart;79;;NA;
233813;56950;Anser indicus;stripgås;Art;6182;Sötvatten (L) - Stor betydelse;NA;
233815;56951;Anser canagicus;kejsargås;Art;56;Sötvatten (L) - Stor betydelse;NA;
233777;56952;Anser rossii;dvärgsnögås;Art;136;Sötvatten (L) - Stor betydelse;NA;
233778;56953;Anser caerulescens;snögås;Art;2987;Sötvatten (L) - Stor betydelse;NA;
267296;56954;Anser caerulescens, blue morph;blågås;Morfotyp;205;;NA;
267295;56955;Anser caerulescens, white morph;snögås, vit morf;Morfotyp;487;;NA;
233879;56956;Anser caerulescens caerulescens;snögås, underarten caerulescens;Underart;0;;NA;
233814;56960;Anser cygnoides;svangås;Art;126;Sötvatten (L) - Stor betydelse;NA;
233818;57008;Aix galericulata;mandarinand;Art;7199;Sötvatten (L) - Stor betydelse, Urban miljö (U) - Stor betydelse, Våtmark (V) - Stor betydelse;NA;
233817;57009;Aix sponsa;brudand;Art;214;Sötvatten (L) - Stor betydelse;NA;
233179;57013;Alopochen aegyptiaca;nilgås;Art;1462;Sötvatten (L) - Stor betydelse;NA;
6047728;57016;Tadorna cana;gråhuvad rostand;Art;11;;NA;
266748;57018;Tadorna variegata;paradisgravand;Art;11;Sötvatten (L) - Stor betydelse;NA;
233139;57019;Tadorna tadornoides;australisk rostand;Art;9;Sötvatten (L) - Stor betydelse;NA;
233822;57046;Bucephala albeola;buffelhuvud;Art;12;;NA;
233823;57054;Lophodytes cucullatus;kamskrake;Art;104;Sötvatten (L) - Stor betydelse;NA;
233821;57089;Spatula cyanoptera;kanelårta;Art;31;Sötvatten (L) - Stor betydelse;NA;
233819;57094;Mareca falcata;praktand;Art;5;Sötvatten (L) - Stor betydelse;NA;
234081;57099;Mareca sibilatrix;chilebläsand;Art;32;Sötvatten (L) - Har betydelse;NA;
234082;57105;Anas capensis;kapand;Art;4;Sötvatten (L) - Stor betydelse;NA;
266754;57106;Anas bahamensis;bahamaand;Art;11;Sötvatten (L) - Stor betydelse;NA;
266757;57111;Anas flavirostris;gulnäbbad kricka;Art;19;Sötvatten (L) - Stor betydelse;NA;
6322444;57112;Anas castanea;kastanjekricka;Art;1;;NA;
6331451;57130;Colinus virginianus;virginiavaktel;Art;1;;NA;
6037569;57157;Syrmaticus reevesii;kungsfasan;Art;87;;NA;
266772;57159;Chrysolophus pictus;guldfasan;Art;17;;NA;
266773;57160;Chrysolophus amherstiae;diamantfasan;Art;11;;NA;
102946;57162;Phasianus colchicus;fasan;Art;269804;Jordbrukslandskap (J) - Stor betydelse, Urban miljö (U) - Har betydelse;NA;
264919;57167;Gallus gallus;tamhöna;Art;56;;NA;
266771;57170;Coturnix japonica;japansk vaktel;Art;8;;NA;
266770;57174;Alectoris rufa;rödhöna;Art;254;Jordbrukslandskap (J) - Stor betydelse;NA;
266769;57175;Alectoris chukar;berghöna;Art;22;;NA;
233791;57182;Phoeniconaias minor;mindre flamingo;Art;4;;NA;
233792;57184;Phoenicopterus chilensis;chileflamingo;Art;40;;NA;
233790;57185;Phoenicopterus roseus;större flamingo;Art;78;;NA;
233825;57186;Phoenicopterus ruber;karibflamingo;Art;15;;NA;
233826;57235;Spilopelia senegalensis;palmduva;Art;1;;NA;
266917;57258;Leucogeranus leucogeranus;snötrana;Art;0;;NA;
6330303;57711;Geronticus eremita;eremitibis;Art;11;;NA;
266804;57716;Threskiornis aethiopicus;helig ibis;Art;3;Sötvatten (L) - Stor betydelse;NA;
233824;57719;Pelecanus onocrotalus;vit pelikan;Art;17;;NA;
266797;57720;Pelecanus rufescens;rosaryggig pelikan;Art;26;;NA;
266800;57746;Ardea coromanda;orientkohäger;Art;2;;NA;
266805;57826;Cathartes aura;kalkonkondor;Art;1;;NA;
6021562;57837;Gypaetus barbatus;lammgam;Art;2;;NA;
266808;57841;Neophron percnopterus ginginianus;indisk smutsgam;Underart;1;;NA;
6331442;57867;Aquila rapax;savannörn;Art;0;;NA;
266807;57903;Haliaeetus pelagicus;jättehavsörn;Art;18;;NA;
6003773;57906;Haliaeetus leucocephalus;vithövdad havsörn;Art;4;;NA;
6000325;57936;Merops nubicus;nordlig karminbiätare;Art;6;;NA;
6324773;57977;Caracara plancus;tofskarakara;Art;7;;NA;
266916;57978;Caracara plancus plancus;sydlig tofskarakara;Underart;4;;NA;
266921;57979;Caracara plancus cheriway;nordlig tofskarakara;Underart;3;;NA;
266814;57993;Falco biarmicus;slagfalk;Art;4;;NA;
205563;57998;Falco cherrug;tatarfalk;Art;44;;NA;
233907;57999;Falco cherrug cherrug;tatarfalk, underarten cherrug;Underart;0;;NA;
6011827;58005;Nymphicus hollandicus;nymfkakadua;Art;1;;NA;
6011857;58008;Myiopsitta monachus;munkparakit;Art;10;;NA;
6331444;58010;Ara ararauna;blågul ara;Art;4;;NA;
6011858;58013;Psittacula eupatria;storparakit;Art;0;;NA;
1016735;58014;Psittacula krameri;halsbandsparakit;Art;175;;NA;
6331460;58016;Melopsittacus undulatus;undulat;Art;6;;NA;
6006875;58059;Pyrrhocorax graculus;alpkaja;Art;1;;NA;
6321958;58277;Pycnonotus cafer;rödgumpad bulbyl;Art;1;;NA;
6331465;58278;Pycnonotus leucotis;vitkindad bulbyl;Art;0;;NA;
6331473;58280;Hypsipetes leucocephalus;svartbulbyl;Art;0;;NA;
6331455;58323;Ianthocincla ocellata;pärlfnittertrast;Art;0;;NA;
6002013;58366;Acridotheres tristis;brunmajna;Art;10;;NA;
6331457;58368;Lamprotornis chalybaeus;blåkindad glansstare;Art;0;;NA;
6331458;58369;Lamprotornis purpureus;purpurglansstare;Art;0;;NA;
6331452;58438;Ficedula narcissina;narcissflugsnappare;Art;0;;NA;
266866;58452;Phoenicurus fuliginosus;forsrödstjärt;Art;3;;NA;
266865;58453;Phoenicurus auroreus;svartryggig rödstjärt;Art;13;;NA;
6331464;58509;Ploceus intermedius;mindre maskvävare;Art;0;;NA;
6331469;58512;Vidua obtusa;bredstjärtad paradisänka;Art;0;;NA;
6331468;58513;Vidua macroura;dominikaneränka;Art;1;;NA;
6331475;58583;Mycerobas affinis;halsbandsstenknäck;Art;0;;NA;
233829;58588;Eophona personata;större maskstenknäck;Art;2;;NA;
233828;58589;Eophona migratoria;mindre maskstenknäck;Art;6;;NA;
233827;58594;Carpodacus sibiricus;långstjärtad rosenfink;Art;16;;NA;
266893;58595;Carpodacus roseus;sibirisk rosenfink;Art;2;;NA;
6331447;58609;Chloris sinica;orientgrönfink;Art;1;;NA;
6331448;58610;Chloris ambigua;svarthuvad grönfink;Art;0;;NA;
233831;58652;Emberiza elegans;praktsparv;Art;4;;NA;
233832;58666;Emberiza bruniceps;stäppsparv;Art;1;;NA;
266904;58670;Emberiza cioides;ängssparv;Art;1;;NA;
6331446;58693;Calamospiza melanocorys;svartsparv;Art;0;;NA;
6331471;58705;Xanthocephalus xanthocephalus;kärrtrupial;Art;0;;NA;
266242;58725;Passerina cyanea;turkoskardinal;Art;3;;NA;
6331461;58726;Passerina amoena;lazulikardinal;Art;0;;NA;
266243;58727;Passerina caerulea;blåkardinal;Art;2;;NA;
6002017;58728;Passerina ciris;påvekardinal;Art;0;;NA;
6011888;58747;Chelydra serpentina;;Art;0;Sötvatten (L) - Stor betydelse, Brackvatten (B) - Har betydelse, Våtmark (V) - Har betydelse;NA;
6011890;58749;Macrochelys temminckii;;Art;1;Sötvatten (L) - Stor betydelse;NA;
6011895;58755;Chrysemys picta;målad sköldpadda;Art;1;Sötvatten (L) - Stor betydelse, Våtmark (V) - Har betydelse;NA;
6331528;58756;Chrysemys picta bellii;;Underart;0;;NA;
6331527;58757;Chrysemys picta picta;;Underart;0;;NA;
6012021;58759;Emys orbicularis;europeisk kärrsköldpadda;Art;11;Sötvatten (L) - Stor betydelse, Våtmark (V) - Har betydelse;NA;
6331526;58761;Graptemys ouachitensis;kartsköldpadda;Art;0;;NA;
6011897;58762;Graptemys pseudogeographica;;Art;9;Sötvatten (L) - Stor betydelse;NA;
6331525;58763;Graptemys pseudogeographica kohnii;Mississippi kartsköldpadda;Underart;1;;NA;
6331524;58764;Graptemys pseudogeographica pseudogeographica;falsk kartsköldpadda;Underart;5;;NA;
6331515;58766;Pseudemys concinna;;Art;1;;NA;
6331516;58767;Pseudemys nelsoni;;Art;0;;NA;
6003303;58769;Trachemys scripta;amerikansk dammsköldpadda;Art;233;Sötvatten (L) - Stor betydelse, Våtmark (V) - Stor betydelse;NA;
6003304;58770;Trachemys scripta elegans;rödörad dammsköldpadda;Underart;126;Sötvatten (L) - Stor betydelse, Våtmark (V) - Stor betydelse;NA;
6051150;58771;Trachemys scripta scripta;gulbukig dammsköldpadda;Underart;37;Sötvatten (L) - Stor betydelse, Våtmark (V) - Stor betydelse;NA;
6051151;58772;Trachemys scripta troostii;gulörad dammsköldpadda;Underart;1;Sötvatten (L) - Stor betydelse, Våtmark (V) - Stor betydelse;NA;
6331521;58775;Mauremys leprosa;iberisk bäcksköldpadda;Art;1;;NA;
6331522;58776;Mauremys reevesii;Reeves kärrsköldpadda;Art;13;;NA;
6331523;58777;Mauremys sinensis;kinesisk randnackad sköldpadda;Art;0;;NA;
6011904;58782;Apalone spinifera;;Art;0;Sötvatten (L) - Stor betydelse, Våtmark (V) - Stor betydelse;NA;
6012057;58792;Bombina bombina x variegata;;Hybrid;0;;NA;
208252;58818;Pelophylax ridibundus;sjögroda;Art;18;;NA;
261369;58860;Diadumene lineata;gulstrimsanemon;Art;11;Marin miljö (M) - Stor betydelse, Brackvatten (B) - Har betydelse;NA;
245068;59130;Pachycordyle michaeli;;Art;9;Marin miljö (M) - Stor betydelse;NA;
6006723;59131;Pachycordyle navis;;Art;0;Brackvatten (B) - Stor betydelse, Marin miljö (M) - Har betydelse;;
233747;59143;Cordylophora caspia;;Art;365;Brackvatten (B) - Stor betydelse, Marin miljö (M) - Har betydelse, Sötvatten (L) - Har betydelse;NA;
6004610;59481;Craspedacusta sowerbii;kinesisk sötvattensmanet;Art;33;Sötvatten (L) - Stor betydelse;NA;
242115;59483;Gonionemus vertens;klängmedusa;Art;162;Marin miljö (M) - Stor betydelse, Brackvatten (B) - Har betydelse;NA;
6042328;59560;Beroe ovata;;Art;1;;NA;
6008432;59565;Euplokamis dunlapae;;Art;2;;NA;
242128;59577;Mnemiopsis leidyi;amerikansk kammanet;Art;631;Marin miljö (M) - Stor betydelse, Brackvatten (B) - Har betydelse;NA;
218296;60228;Ensis leei;amerikansk knivmussla;Art;259;Marin miljö (M) - Stor betydelse;NA;
106634;60325;Dreissena polymorpha;vandrarmussla;Art;677;Sötvatten (L) - Stor betydelse, Brackvatten (B) - Har betydelse;NA;
261402;60327;Mytilopsis leucophaeata;trekantig brackvattensmussla;Art;64;Brackvatten (B) - Stor betydelse, Sötvatten (L) - Stor betydelse;NA;
261403;60372;Rangia cuneata;amerikansk trågmussla;Art;190;Brackvatten (B) - Stor betydelse, Sötvatten (L) - Stor betydelse;NA;
261404;60475;Ruditapes philippinarum;japansk venusmussla;Art;16;Marin miljö (M) - Stor betydelse, Brackvatten (B) - Har betydelse;NA;
218295;60487;Petricolaria pholadiformis;;Art;38;Marin miljö (M) - Stor betydelse;NA;
235136;60508;Sinanodonta woodiana;kinesisk dammussla;Art;5;Sötvatten (L) - Stor betydelse;NA;
249392;60617;Magallana gigas;stillahavsostron;Art;1085;Marin miljö (M) - Stor betydelse;NA;
217946;60763;Crepidula fornicata;ostronpest;Art;113;Marin miljö (M) - Stor betydelse;NA;
106657;60909;Potamopyrgus antipodarum;nyzeeländsk tusensnäcka;Art;8041;Brackvatten (B) - Stor betydelse, Sötvatten (L) - Stor betydelse, Marin miljö (M) - Har betydelse;NA;
6322510;61415;Haminella solitaria;;Art;4;Brackvatten (B) - Stor betydelse, Marin miljö (M) - Har betydelse;NA;
6333286;61421;Melanochlamys diomedea;;Art;0;;;
6021526;61470;Achatina fulica;;Art;0;Urban miljö (U) - Stor betydelse;NA;
106717;61476;Allopeas clavulinum;östafrikansk sylsnäcka;Art;20;Urban miljö (U) - Stor betydelse;NA;
6021530;61479;Leptinaria unilamellata;bukig sylsnäcka;Art;6;;NA;
106730;61481;Opeas hannense;småsylsnäcka;Art;5;Urban miljö (U) - Stor betydelse;NA;
106740;61483;Rumina decollata;bruten sylsnäcka;Art;3;Urban miljö (U) - Har betydelse;NA;
250130;61485;Subulina octona;sydamerikansk sylsnäcka;Art;17;Urban miljö (U) - Stor betydelse;NA;
6052463;61492;Ariolimax columbianus;banansnigel;Art;0;;NA;
106676;61497;Arion ater ruber;röd skogssnigel;Underart;584;Skog (S) - Stor betydelse, Urban miljö (U) - Har betydelse;NA;
106672;61499;Arion distinctus;trädgårdssnigel;Art;2222;Skog (S) - Stor betydelse, Urban miljö (U) - Stor betydelse, Jordbrukslandskap (J) - Har betydelse;NA;
6037364;61504;Arion subfuscus;ljusbrun skogssnigel;Art;21;;NA;
106675;61505;Arion vulgaris;mördarsnigel;Art;6316;Jordbrukslandskap (J) - Stor betydelse, Skog (S) - Stor betydelse, Urban miljö (U) - Stor betydelse;NA;
6036290;61507;Prophysaon andersoni;svansfällarsnigel;Art;0;;NA;
106683;61539;Candidula unifasciata;mindre kalksnäcka;Art;168;Jordbrukslandskap (J) - Stor betydelse, Urban miljö (U) - Stor betydelse;NA;
250134;61541;Cernuella neglecta;rödläppad hedsnäcka;Art;27;Jordbrukslandskap (J) - Stor betydelse, Urban miljö (U) - Stor betydelse;NA;
6021523;61542;Cernuella virgata;medelhavshedsnäcka;Art;1;;NA;
6045561;61544;Cochlicella acuta;smal spetssnäcka;Art;5;;NA;
6045562;61545;Cochlicella barbara;bred spetssnäcka;Art;5;;NA;
106710;61547;Helicella conspurcata;skugghedsnäcka;Art;2;;NA;
106711;61548;Helicella itala;större hedsnäcka;Art;10;Jordbrukslandskap (J) - Stor betydelse, Urban miljö (U) - Stor betydelse;NA;
106712;61554;Xerolenta obvia;sydhedsnäcka;Art;87;Urban miljö (U) - Har betydelse;NA;
106682;61556;Xeroplexa intersecta;större kalksnäcka;Art;364;Jordbrukslandskap (J) - Stor betydelse, Urban miljö (U) - Stor betydelse;NA;
6052454;61567;Cantareus apertus;grön vinbergssnäcka;Art;1;;NA;
106715;61572;Cornu aspersum;fläckig vinbergssnäcka;Art;323;Urban miljö (U) - Stor betydelse, Jordbrukslandskap (J) - Har betydelse;NA;
250133;61578;Massylaea vermiculata;nudelsnäcka;Art;42;;NA;
6021536;61580;Otala lactea;svartmunssnäcka;Art;0;;NA;
6021528;61582;Theba pisana;dynsnäcka;Art;2;;NA;
6324621;61587;Hygromia cinctella;gördelsnäcka;Art;50;;NA;
250135;61589;Monacha cantiana;större vallsnäcka;Art;21;Urban miljö (U) - Stor betydelse;NA;
106727;61590;Monacha cartusiana;mindre vallsnäcka;Art;58;;NA;
106747;61602;Trochulus striolatus;strimsnäcka;Art;23;Urban miljö (U) - Stor betydelse;NA;
106762;61613;Zonitoides arboreus;växthusbuksnäcka;Art;123;Jordbrukslandskap (J) - Har betydelse, Urban miljö (U) - Har betydelse;NA;
106733;61622;Oxychilus draparnaudi;trädgårdsglanssnäcka;Art;420;Urban miljö (U) - Stor betydelse, Skog (S) - Har betydelse;NA;
106709;61625;Hawaiia minuscula;dvärgglanssnäcka;Art;9;Urban miljö (U) - Stor betydelse;NA;
6052460;61632;Ovachlamys fulgens;hoppsnäcka;Art;1;;NA;
106700;61639;Deroceras invadens;vagabondsnigel;Art;223;Urban miljö (U) - Stor betydelse;NA;
6045530;61643;Krynickillus melanocephalus;svarthuvad snigel;Art;697;;NA;
106680;61646;Boettgerilla pallens;kaukasisk masksnigel;Art;168;Urban miljö (U) - Stor betydelse, Jordbrukslandskap (J) - Har betydelse, Skog (S) - Har betydelse;NA;
106723;61649;Ambigolimax valentianus;valentinsnigel;Art;220;Urban miljö (U) - Stor betydelse;NA;
106719;61653;Limacus flavus;gul källarsnigel;Art;1;Urban miljö (U) - Stor betydelse;NA;
6053060;61654;Limacus maculatus;grön källarsnigel;Art;27;;NA;
106721;61657;Limax maximus;pantersnigel;Art;4607;Jordbrukslandskap (J) - Stor betydelse, Skog (S) - Stor betydelse, Urban miljö (U) - Stor betydelse;NA;
106726;61666;Milax gagates;mörk sydsnigel;Art;1;;NA;
6331760;61667;Milax nigricans;svart sydsnigel;Art;5;;NA;
250129;61679;Afropunctum seminium;afrikansk konsnäcka;Art;14;Urban miljö (U) - Stor betydelse;NA;
6052469;61688;Tornatellides cf. boeningi;tinnesnäcka;Art;8;;NA;
6052466;61718;Discostrobilops hubbardi;tallkottesnäcka;Art;1;;NA;
106714;61779;Lucilla singleyana;mulldisksnäcka;Art;2;Jordbrukslandskap (J) - Stor betydelse, Urban miljö (U) - Stor betydelse;NA;
250128;61784;Paralaoma servilis;ribbpunktsnäcka;Art;1;Urban miljö (U) - Stor betydelse;NA;
106627;61812;Pseudosuccinea columella;amerikansk växthusdammsnäcka;Art;25;Sötvatten (L) - Stor betydelse;NA;
106622;61825;Physella acuta;sydeuropeisk blåssnäcka;Art;73;Sötvatten (L) - Stor betydelse;NA;
106623;61827;Physella heterostropha;amerikansk blåssnäcka;Art;98;Sötvatten (L) - Stor betydelse;NA;
6005631;61839;Ferrissia californica;bräcklig hättesnäcka;Art;60;Sötvatten (L) - Stor betydelse;NA;
251254;61843;Gyraulus chinensis;kinesisk skivsnäcka;Art;7;Sötvatten (L) - Stor betydelse;NA;
250122;61846;Gyraulus parvus;amerikansk skivsnäcka;Art;6;Sötvatten (L) - Stor betydelse;NA;
106617;61857;Planorbella duryi;amerikansk växthusskivsnäcka;Art;11;Sötvatten (L) - Stor betydelse;NA;
261341;62355;Anguillicoloides crassus;;Art;2;Brackvatten (B) - Har betydelse, Marin miljö (M) - Har betydelse, Sötvatten (L) - Har betydelse;NA;
6319407;63132;"Alloionema appendiculatum ";;Art;0;;NA;
6319393;63135;Angiostoma aspersae;;Art;0;;NA;
6052278;63170;Bursaphelenchus xylophilus;tallvedsnematod;Art;0;;NA;
6028273;63363;Pellioditis hermaphrodita;;Art;0;;NA;
6028257;63381;Steinernema kraussei;;Art;2;;NA;
6319390;63524;Angiostrongylus vasorum;fransk hjärtmask;Art;0;;NA;
6028276;63551;Heterorhabditis bacteriophora;;Art;0;;NA;
6331711;64510;Obama nungara;lövplattmask;Art;41;Urban miljö (U) - Stor betydelse;NA;
6332622;64524;Kontikia orana;;Art;3;Urban miljö (U) - Stor betydelse;NA;
261338;65210;Pseudodactylogyrus anguillae;;Art;1;Marin miljö (M) - Stor betydelse, Brackvatten (B) - Har betydelse;NA;
261339;65211;Pseudodactylogyrus bini;;Art;0;;NA;
261337;65677;Pseudobacciger harengulae;;Art;1;Marin miljö (M) - Stor betydelse;NA;
257105;66564;Kellicottia bostoniensis;;Art;704;Sötvatten (L) - Stor betydelse;NA;
6012364;68093;Chroococcus giganteus;;Art;0;;NA;
6008423;68805;Aeromonas salmonicida;;Art;0;;NA;
238223;69701;Alexandrium minutum;;Art;57;Marin miljö (M) - Stor betydelse;NA;
261327;69708;Dissodinium pseudocalani;;Art;1;Marin miljö (M) - Stor betydelse;NA;
238458;69730;Dicroerisma psilonereiella;;Art;23;Marin miljö (M) - Stor betydelse;NA;
238381;69825;Gyrodinium corallinum;;Art;2;Marin miljö (M) - Stor betydelse;NA;
238410;69865;Karenia mikimotoi;;Art;1311;Marin miljö (M) - Stor betydelse;NA;
238172;69946;Oxytoxum criophilum;;Art;96;Marin miljö (M) - Stor betydelse;NA;
238194;69973;Peridinium quadridentatum;;Art;50;Marin miljö (M) - Stor betydelse, Brackvatten (B) - Har betydelse;NA;
238440;70109;Prorocentrum cordatum;;Art;1766;Marin miljö (M) - Stor betydelse;NA;
6008290;70338;Hyaloperonospora cheiranthi;;Art;0;;NA;
6008161;70343;Hyaloperonospora galligena;gallbladmögel;Art;10;;NA;
6008245;70405;Peronospora dianthicola;;Art;0;;NA;
6008338;70440;Peronospora manshurica;;Art;3;;NA;
6008289;70441;Peronospora matthiolae;;Art;1;;NA;
6034697;70522;Phytophthora erythroseptica;potatisrödröta;Art;0;;NA;
6034698;70523;Phytophthora fragariae;jordgubbsrödröta;Art;0;;NA;
6034701;70536;Phytophthora nicotianae;;Art;0;;NA;
267084;70541;Phytophthora plurivora;;Art;6;;NA;
6008482;70547;Phytophthora ramorum;;Art;0;;NA;
6006873;70651;Aphanomyces astaci;kräftpest;Art;2;Sötvatten (L) - Stor betydelse;NA;
232656;70836;Colpomenia peregrina;ostrontjuv;Art;26;Marin miljö (M) - Stor betydelse;NA;
259745;70856;Fucus distichus;hällkarstång/ishavstång;Art;55;;NA;
232756;70858;Fucus distichus subsp. evanescens;ishavstång;Underart;42;Marin miljö (M) - Stor betydelse;NA;
232761;70868;Sargassum muticum;japansk sargassotång;Art;1037;Marin miljö (M) - Stor betydelse;NA;
237138;71317;Fibrocapsa japonica;;Art;20;Marin miljö (M) - Stor betydelse;NA;
6009236;71348;Vicicitus globosus;;Art;5;;NA;
237134;71356;Pseudochattonella verruculosa;;Art;32;Marin miljö (M) - Stor betydelse;NA;
237425;73651;Coscinodiscus wailesii;;Art;201;Marin miljö (M) - Stor betydelse;NA;
237380;73791;Odontella sinensis;;Art;27;Marin miljö (M) - Stor betydelse;NA;
6018295;73802;Trieres chinensis;;Art;0;;NA;
237310;73856;Chaetoceros concavicornis;;Art;319;Marin miljö (M) - Stor betydelse;NA;
237313;73859;Chaetoceros convolutus;;Art;501;Marin miljö (M) - Stor betydelse;NA;
237285;74117;Thalassiosira punctigera;;Art;643;Marin miljö (M) - Stor betydelse;NA;
262083;74539;Marteilia refringens;;Art;1;Marin miljö (M) - Stor betydelse;NA;
262084;74542;Bonamia ostreae;;Art;0;;NA;
6010678;75494;Cladosporium heliotropii;;Art;3;;NA;
6033600;75513;Delphinella abietis;;Art;3;;NA;
6033603;75524;Kabatina thujae;;Art;9;;NA;
258567;75530;Stylodothis puccinioides;;Art;4;Urban miljö (U) - Stor betydelse;NE;
258821;75539;Columnosphaeria miribelii;;Art;19;Urban miljö (U) - Stor betydelse;NE;
6032808;75542;Kabatiella microsticta;;Art;9;;NA;
6324123;75586;Chuppomyces handelii;;Art;82;;NA;
6033588;75597;Fulvia fulva;sammetsfläck;Art;2;;NA;
6327054;75645;Ragnhildiana ampelopsidis;;Art;10;;NA;
6009989;75707;Ramularia beticola;betvitfläck;Art;10;Jordbrukslandskap (J) - Stor betydelse;NE;
259444;75717;Mycosphaerella buxicola;;Art;96;;NA;
6003615;75811;Mycosphaerella rhododendri;;Art;37;;NA;
6028339;75875;Septoria chrysanthemella;krysantemumfläck;Art;0;Urban miljö (U) - Stor betydelse;NA;
6028341;75882;Septoria gladioli;hårdröta;Art;0;Urban miljö (U) - Stor betydelse;NA;
6028349;75891;Septoria lycopersici;tomatfläck;Art;4;Urban miljö (U) - Stor betydelse;NA;
6028350;75894;Septoria paeoniae;pionfläck;Art;56;Urban miljö (U) - Stor betydelse;NA;
6028353;75896;Septoria petroselini;persiljefläck;Art;11;Urban miljö (U) - Stor betydelse;NA;
6033503;75897;Septoria phlogis;;Art;2;;NA;
6028338;75932;Sphaerulina azaleae;azaleafläck;Art;1;Urban miljö (U) - Stor betydelse;NA;
6327068;75986;Stromatoseptoria castaneicola;;Art;2;;NA;
258360;76127;Camarosporidiella elongata;;Art;27;Urban miljö (U) - Stor betydelse, Jordbrukslandskap (J) - Har betydelse;NE;
258361;76128;Camarosporidiella laburni;;Art;126;Urban miljö (U) - Stor betydelse, Jordbrukslandskap (J) - Har betydelse;NE;
6033442;76133;Coniothyrium ribis;;Art;4;;NA;
6003311;76140;Corynespora cassiicola;gurkbrand;Art;1;Jordbrukslandskap (J) - Stor betydelse;NA;
258357;76149;Cucurbitaria caraganae;brun tuvgömming;Art;94;Urban miljö (U) - Stor betydelse;NE;
6033019;76228;Ascochyta caraganae;;Art;5;;NA;
6033527;76249;Calophoma aquilegiicola;;Art;6;;NA;
6009357;76253;Calophoma clematidina s.lat.;klematisfläck;Kollektivtaxon;16;Urban miljö (U) - Stor betydelse;NA;
6028283;76256;Didymella curtisii;rödbränna;Art;2;Jordbrukslandskap (J) - Stor betydelse, Urban miljö (U) - Stor betydelse;NA;
258510;76264;Didymella pinodes;;Art;1;Jordbrukslandskap (J) - Stor betydelse;NA;
6033473;76265;Didymella pomorum;;Art;3;;NA;
6045466;76293;Microsphaeropsis concentrica;;Art;34;;NA;
264462;76294;Microsphaeropsis hellebori;;Art;100;Urban miljö (U) - Stor betydelse;NE;
6009348;76321;Stagonosporopsis cucurbitacearum;gurkprick;Art;2;Jordbrukslandskap (J) - Stor betydelse, Urban miljö (U) - Stor betydelse;NA;
6028199;76355;Paraphaeosphaeria minitans;;Art;0;;NA;
6052425;76368;Pleiochaeta setosa;;Art;2;;NA;
6326956;76495;Macrodiplodiopsis desmazieri;;Art;5;;NA;
259263;76498;Massaria anomia;;Art;43;Urban miljö (U) - Stor betydelse;NA;
259265;76501;Massaria inquinans;;Art;45;Skog (S) - Stor betydelse;NE;
6040115;76541;Alpinaria rhododendri;;Art;6;;NA;
3179;76547;Byssosphaeria xestothele;;Art;1;Urban miljö (U) - Har betydelse;NA;
258362;76551;Gemmamyces piceae;;Art;11;;NA;
6008596;76575;Seifertia azaleae;;Art;208;Urban miljö (U) - Stor betydelse;NA;
6011517;76726;Splanchnonema platani;;Art;2;;NA;
6326520;76750;Alternaria hyacinthi;;Art;0;;NA;
6009100;76770;Alternaria zinniae;;Art;3;;NA;
6028413;76962;Pyrenochaeta lycopersici;korkrot;Art;0;Urban miljö (U) - Stor betydelse;NA;
6327048;76963;Pyrenochaeta nobilis;;Art;1;;NA;
6033489;76964;Pyrenochaeta pubescens;;Art;1;;NA;
6333502;77038;Diplodia buxi;;Art;1;;;
6028316;77052;Neofusicoccum buxi;;Art;0;Urban miljö (U) - Stor betydelse;NA;
6000013;77073;Phyllosticta sphaeropsoidea;kastanjebladbränna;Art;87;;NA;
6040117;77165;Lembosina aulographoides;;Art;8;;NA;
6326962;77213;Microthyrium ciliatum;;Art;7;;NA;
259360;77216;Microthyrium macrosporum;;Art;5;Urban miljö (U) - Stor betydelse;NA;
260449;77352;Valsaria petrakii;;Art;0;Urban miljö (U) - Har betydelse;NE;
6033321;78217;Penicillium digitatum;;Art;29;;NA;
6032909;78247;Penicillium viridicatum;;Art;0;;NA;
6008597;79474;Parmelina quercina;mångfruktig silverlav;Art;39;Urban miljö (U) - Stor betydelse;NA;
6000443;79484;Parmotrema perlatum;praktsköldlav;Art;64;Jordbrukslandskap (J) - Stor betydelse, Urban miljö (U) - Stor betydelse;NA;
6034727;81556;Chaetomella oblonga;;Art;24;;NA;
6052434;81660;Didymascella thujina;;Art;6;;NA;
6023859;81672;Rhabdocline laricis;lärkskytte;Art;0;;NA;
260140;81673;Rhabdocline pseudotsugae;douglasgransskytte;Art;4;;NA;
260397;81678;Trochila ilicina;;Art;114;Skog (S) - Stor betydelse, Jordbrukslandskap (J) - Har betydelse;NE;
6051149;81679;Trochila laurocerasi;;Art;58;;NA;
6011156;81737;Coleophoma parafusiformis;;Art;0;;NA;
6032999;81815;Diplocarpon fragariae;jordgubbsbladbränna;Art;146;;NA;
6326660;81829;Gloeosporium rhododendri;;Art;9;;NA;
6011190;81856;Thedgonia ligustrina;;Art;210;;NA;
6052381;81870;Erysiphe akebiae;;Art;12;;NA;
258711;81872;Erysiphe aquilegiae;aklejamjöldagg;Art;215;Jordbrukslandskap (J) - Stor betydelse, Skog (S) - Stor betydelse, Sötvatten (L) - Stor betydelse, Urban miljö (U) - Stor betydelse;NE;
6321192;81873;Erysiphe arcuata;;Art;36;;NE;
259336;81875;Erysiphe azaleae;;Art;58;Urban miljö (U) - Stor betydelse;NA;
259338;81878;Erysiphe berberidis;berberismjöldagg;Art;203;Jordbrukslandskap (J) - Stor betydelse, Skog (S) - Stor betydelse, Urban miljö (U) - Stor betydelse;NE;
258713;81879;Erysiphe betae;;Art;5;Jordbrukslandskap (J) - Stor betydelse;NE;
259342;81889;Erysiphe euonymi-japonici;;Art;1;Urban miljö (U) - Stor betydelse;NA;
259343;81890;Microsphaera ferruginea;järnörtsmjöldagg;Art;7;Urban miljö (U) - Stor betydelse;NA;
258723;81891;Erysiphe flexuosa;;Art;51;Urban miljö (U) - Stor betydelse;NA;
6325232;81901;Erysiphe macleayae;;Art;42;;NA;
259349;81902;Erysiphe magnusii;;Art;9;Skog (S) - Stor betydelse;NE;
260425;81904;Uncinula necator;;Art;28;Urban miljö (U) - Stor betydelse;NE;
259350;81907;Microsphaera palczewskii;;Art;115;Urban miljö (U) - Stor betydelse;NE;
259352;81910;Microsphaera polonica;hortensiamjöldagg;Art;0;;NA;
6003598;81912;Erysiphe polyphaga;gurkmjöldagg;Art;37;Jordbrukslandskap (J) - Stor betydelse, Urban miljö (U) - Stor betydelse;NE;
6325233;81918;Erysiphe symphoricarpi;;Art;61;;NA;
259355;81919;Microsphaera syringae;;Art;60;Urban miljö (U) - Stor betydelse, Jordbrukslandskap (J) - Har betydelse;NA;
6021634;81926;Erysiphe vanbruntiana var. sambuci-racemosae;;Varietet;6;;NA;
6325865;81932;Golovinomyces ambrosiae;;Art;13;;NA;
6325792;81936;Golovinomyces asterum;;Art;46;;NA;
6325793;81937;Golovinomyces asterum var. asterum;;Varietet;0;;NA;
6325794;81938;Golovinomyces asterum var. solidaginis;;Varietet;35;;NA;
6325522;81941;Golovinomyces chrysanthemi;;Art;2;;NA;
258729;81951;Golovinomyces magnicellulatus;;Art;32;Urban miljö (U) - Stor betydelse;NE;
6325783;81962;Golovinomyces tabaci;;Art;2;;NA;
6327033;81978;Phyllactinia marissalii;;Art;22;;NA;
6052383;81980;Podosphaera amelanchieris;;Art;41;;NA;
260240;81997;Podosphaera fusca;gemsrotsmjöldagg;Art;34;Urban miljö (U) - Stor betydelse;NA;
260242;82000;Podosphaera macularis;humlemjöldagg;Art;57;Urban miljö (U) - Stor betydelse;NE;
260244;82001;Podosphaera mors-uvae;amerikansk krusbärsmjöldagg;Art;134;Urban miljö (U) - Stor betydelse, Jordbrukslandskap (J) - Har betydelse, Skog (S) - Har betydelse;NA;
6002728;82009;Podosphaera spiraeae;;Art;46;Urban miljö (U) - Stor betydelse;NA;
260174;82017;Sawadaea bicornis;;Art;85;Jordbrukslandskap (J) - Stor betydelse, Skog (S) - Stor betydelse;NE;
6028321;82035;Chloroscypha seaveri;;Art;54;;NA;
6002936;82128;Hymenoscyphus fraxineus;askskottsjukesvamp;Art;480;Jordbrukslandskap (J) - Stor betydelse, Skog (S) - Stor betydelse;NA;
4686;82315;Lachnellula occidentalis;lärkskål;Art;300;Skog (S) - Stor betydelse, Jordbrukslandskap (J) - Har betydelse;NA;
4692;82323;Lachnellula willkommii;lärkkräfta;Art;25;Skog (S) - Stor betydelse, Jordbrukslandskap (J) - Har betydelse;NA;
259374;82384;Mollisia buniadis;;Art;14;Urban miljö (U) - Stor betydelse;NE;
259375;82385;Mollisia caespiticia;;Art;18;Urban miljö (U) - Stor betydelse;NE;
6010946;82634;Rutstroemia echinophila;;Art;20;;NA;
6010944;82635;Rutstroemia elatina;;Art;13;;NA;
6011019;82666;Botrytis elliptica;liljegråmögel;Art;1;Urban miljö (U) - Stor betydelse;NE;
6011022;82667;Botrytis fabae;böngråmögel;Art;1;Jordbrukslandskap (J) - Stor betydelse;NE;
6033534;82668;Botrytis galanthina;;Art;47;;NA;
6011023;82669;Botrytis hyacinthi;hyacintgråmögel;Art;0;Urban miljö (U) - Stor betydelse, Jordbrukslandskap (J) - Har betydelse;NE;
6011025;82670;Botrytis narcissicola;narcissgråmögel;Art;0;Urban miljö (U) - Stor betydelse, Jordbrukslandskap (J) - Har betydelse;NA;
6011026;82671;Botrytis paeoniae;piongråmögel;Art;3;Urban miljö (U) - Stor betydelse;NA;
6011027;82673;Botrytis polyblastis;narcissbrand;Art;0;Urban miljö (U) - Stor betydelse;NE;
6010951;82674;Botrytis porri;purjogråmögel;Art;0;Jordbrukslandskap (J) - Stor betydelse;NE;
6327162;82675;Botrytis squamosa;;Art;0;;NA;
6017685;82676;Botrytis tulipae;tulpangråmögel;Art;30;Urban miljö (U) - Stor betydelse, Jordbrukslandskap (J) - Har betydelse;NA;
6028310;82681;Ciboria americana;;Art;8;Urban miljö (U) - Stor betydelse, Jordbrukslandskap (J) - Har betydelse;NA;
3263;82691;Ciboria rufofusca;;Art;27;Skog (S) - Stor betydelse;NA;
6010958;82729;Ovulinia azaleae;;Art;37;;NA;
6028363;82750;Stromatinia cepivora;lökvitröta;Art;0;Jordbrukslandskap (J) - Stor betydelse;NA;
6028365;82752;Stromatinia gladioli;gladiolus-torröta;Art;0;Urban miljö (U) - Stor betydelse;NA;
6332547;82877;Cryptocline cyclaminis;;Art;0;;NA;
260422;83032;Tympanis syringae;;Art;4;Urban miljö (U) - Stor betydelse, Jordbrukslandskap (J) - Har betydelse;NE;
259857;83090;Phacidium lauri;;Art;68;Skog (S) - Stor betydelse;NE;
259229;83167;Lophodermium paeoniae;pionsprickling;Art;258;Urban miljö (U) - Stor betydelse;NE;
6327014;83494;Orbilia caulicola;;Art;1;Urban miljö (U) - Har betydelse;NA;
6003574;83497;Orbilia cruenta;;Art;0;;NA;
259419;83732;Morchella eximia;;Art;7;;NA;
5403;83858;Peziza ostracoderma;torvskål;Art;7;Urban miljö (U) - Stor betydelse;NA;
267142;84154;Pithya cupressina s. str.;envårskål;Art;94;Jordbrukslandskap (J) - Stor betydelse, Urban miljö (U) - Stor betydelse;NE;
6324582;84292;Cytospora friesii;;Art;26;;NA;
258482;84339;Diaporthe juglandina;;Art;2;Urban miljö (U) - Stor betydelse;NE;
6028327;84355;Diaporthe stictica;;Art;36;Urban miljö (U) - Stor betydelse;NA;
6327144;84386;Apiognomonia platani;;Art;21;;NA;
6052764;84443;Ophiognomonia leptostyla;;Art;39;;NA;
6326698;84540;Hapalocystis kickxii;;Art;1;;NA;
6021794;84542;Paragnomonia fragariae;;Art;1;Jordbrukslandskap (J) - Stor betydelse;NE;
260572;84644;Ophiostoma novo-ulmi;;Art;7;Jordbrukslandskap (J) - Stor betydelse, Skog (S) - Stor betydelse;NA;
6332828;84656;Ophiostoma ulmi;;Art;3;;NA;
259807;84657;Ophiostoma ulmi s.lat.;almsjuka;Kollektivtaxon;295;Jordbrukslandskap (J) - Stor betydelse, Skog (S) - Stor betydelse;NA;
6017684;84801;Colletotrichum coccodes;svartpricksjuka;Art;1;Jordbrukslandskap (J) - Stor betydelse;NE;
6021630;84806;Colletotrichum godetiae;;Art;0;;NA;
6028325;84808;Colletotrichum lindemuthianum;;Art;7;Jordbrukslandskap (J) - Stor betydelse;NE;
6052507;84809;Colletotrichum lini;;Art;0;;NA;
6028324;84810;Colletotrichum malvarum;;Art;5;Jordbrukslandskap (J) - Stor betydelse;NE;
6028323;84811;Colletotrichum musae;;Art;1;;NA;
6052540;84813;Colletotrichum orbiculare;;Art;0;;NA;
6021629;84820;Colletotrichum acutatum s.lat.;;Kollektivtaxon;9;;NA;
258790;84823;Colletotrichum gloeosporioides s.lat.;bitterröta agg.;Kollektivtaxon;25;;NA;
6028211;84852;Clonostachys rosea f. catenulata;;Form;0;;NA;
257953;84924;Clonostachys buxi;;Art;10;Urban miljö (U) - Stor betydelse;NE;
260302;84926;Stilbocrea gracilipes;;Art;9;Urban miljö (U) - Stor betydelse;NA;
6027194;84985;Cordyceps fumosorosea;;Art;1;;NA;
6028212;85053;Trichoderma atroviride;;Art;0;;NA;
266961;85113;Calonectria pseudonaviculata;buxbomssot;Art;31;Urban miljö (U) - Stor betydelse;NA;
258787;85126;Cyanonectria buxi;;Art;3;;NA;
6327000;85197;Neonectria neomacrospora;;Art;1;;NA;
260070;85205;" Pseudonectria buxi";buxbomskräfta;Art;83;Urban miljö (U) - Stor betydelse;NE;
6327001;85248;Niesslia ilicifolia;;Art;5;;NA;
6034986;85346;Berkeleyomyces basicola;;Art;8;;NA;
6326775;85618;Helminthosphaeria stuppea;;Art;1;;NA;
258911;85960;Hyponectria buxi;;Art;32;Urban miljö (U) - Stor betydelse;NE;
6326983;85994;Pestalotiopsis karstenii;;Art;1;;NA;
6045488;86018;Vialaea insculpta;;Art;7;Skog (S) - Stor betydelse, Urban miljö (U) - Har betydelse;NA;
259411;86114;Monosporascus cannonballus;;Art;1;Urban miljö (U) - Stor betydelse;NE;
257954;86123;Biscogniauxia capnodes;;Art;1;Jordbrukslandskap (J) - Stor betydelse, Skog (S) - Har betydelse, Urban miljö (U) - Har betydelse;NA;
6012003;86197;Microdochium panattonianum;;Art;0;Jordbrukslandskap (J) - Stor betydelse, Urban miljö (U) - Stor betydelse;NA;
6052810;86312;Polyscytalum pustulans;;Art;1;;NA;
6024050;86394;Phragmotrichum platanoidis;;Art;3;;NA;
6010787;86523;Taphrina bergeniae;;Art;12;;NA;
6110;86526;Taphrina bullata;päronbuckla;Art;74;Jordbrukslandskap (J) - Stor betydelse, Urban miljö (U) - Har betydelse;NA;
6115;86531;Taphrina deformans;persikosvulst;Art;90;Jordbrukslandskap (J) - Stor betydelse, Urban miljö (U) - Har betydelse;NA;
6127;86545;Taphrina rhizophora;poppelpung;Art;8;Urban miljö (U) - Stor betydelse;LC;
2915;86719;Agaricus bisporus;trädgårdschampinjon;Art;225;Jordbrukslandskap (J) - Stor betydelse, Urban miljö (U) - Stor betydelse, Skog (S) - Har betydelse;NA;
239072;86720;Agaricus bisporus var. albidus;vit trädgårdschampinjon;Varietet;5;;NA;
239069;86721;Agaricus bisporus var. bisporus;brun trädgårdschampinjon;Varietet;17;;NA;
2916;86722;Agaricus bitorquis;vägchampinjon;Art;441;Urban miljö (U) - Stor betydelse, Jordbrukslandskap (J) - Har betydelse;NE;
239115;86871;Leucoagaricus americanus;amerikansk spånskivling;Art;23;;NA;
239116;86885;Leucoagaricus meleagris;tuvspånskivling;Art;6;Urban miljö (U) - Stor betydelse;NA;
4887;86897;Leucocoprinus birnbaumii;gul veckskivling;Art;205;Urban miljö (U) - Stor betydelse;NA;
239131;86898;Leucocoprinus brebissonii;;Art;6;Skog (S) - Stor betydelse;NA;
4889;86899;Leucocoprinus cepistipes;knölveckskivling;Art;43;Urban miljö (U) - Stor betydelse;NA;
239134;86900;Leucocoprinus cretaceus;vit veckskivling;Art;45;Urban miljö (U) - Stor betydelse, Jordbrukslandskap (J) - Har betydelse;NA;
239138;86902;Leucocoprinus ianthinus;lilabrun veckskivling;Art;40;Urban miljö (U) - Stor betydelse;NA;
239136;86903;Leucocoprinus straminellus;;Art;5;;NA;
6039904;86944;Bolbitius callistus;papegojskivling;Art;8;;NE;
3405;86988;Conocybe intrusa;storhätting;Art;7;Urban miljö (U) - Stor betydelse;NA;
3870;87064;Descolea alba;;Art;11;Urban miljö (U) - Stor betydelse;NA;
4360;87861;Hydnangium carneum;växthustryffel;Art;2;Urban miljö (U) - Stor betydelse;NA;
6001631;88752;Cystoderma simulatum;;Art;1;;NA;
2956;88796;Agrocybe putaminum;flisåkerskivling;Art;7;Jordbrukslandskap (J) - Stor betydelse, Urban miljö (U) - Har betydelse;NA;
236548;88797;Agrocybe rivulosa;;Art;3;;NA;
6070;88846;Leratiomyces ceres;röd kragskivling;Art;3;Urban miljö (U) - Stor betydelse, Jordbrukslandskap (J) - Har betydelse;NA;
5710;88849;Leratiomyces percevalii;fliskragskivling;Art;75;Jordbrukslandskap (J) - Stor betydelse, Urban miljö (U) - Stor betydelse;NA;
6077;88904;Stropharia rugosoannulata;jättekragskivling;Art;20;Urban miljö (U) - Stor betydelse;NA;
2950;88922;Cyclocybe cylindracea;tuvad åkerskivling;Art;14;;NA;
245142;89445;Physalacria cryptomeriae;;Art;7;;NE;
245145;89794;Resupinatus griseopallidus;;Art;15;;NA;
6403;89943;Volvariella volvacea;halmslidskivling;Art;20;Urban miljö (U) - Stor betydelse, Jordbrukslandskap (J) - Har betydelse;NA;
3340;90065;Clitopilus passeckerianus;champinjonmjölskivling;Art;8;Urban miljö (U) - Stor betydelse;NA;
6280;90711;Tricholoma psammopus;lärkmusseron;Art;161;Skog (S) - Stor betydelse, Jordbrukslandskap (J) - Har betydelse, Urban miljö (U) - Har betydelse;NA;
6008797;91054;Aureoboletus projectellus;ribbsopp;Art;156;Skog (S) - Stor betydelse;NA;
4238;91253;Gomphidius maculatus;lärkslemskivling;Art;384;Skog (S) - Stor betydelse, Jordbrukslandskap (J) - Har betydelse;NA;
245458;91271;Suillus asiaticus;;Art;5;Skog (S) - Stor betydelse;NA;
3120;91275;Suillus cavipes;hålsopp;Art;291;Skog (S) - Stor betydelse, Jordbrukslandskap (J) - Har betydelse;NA;
245460;91276;Boletinus cavipes f. cavipes;;Form;4;;NA;
6087;91281;Suillus grevillei;lärksopp;Art;1995;Skog (S) - Stor betydelse, Jordbrukslandskap (J) - Har betydelse;NA;
245466;91282;Suillus grevillei var. grevillei;;Varietet;29;;NA;
245467;91283;Suillus grevillei var. clintonianus;;Varietet;5;;NA;
6089;91286;Suillus placidus;elfenbenssopp;Art;1;Skog (S) - Stor betydelse, Jordbrukslandskap (J) - Har betydelse;NA;
6083;91291;Suillus viscidus;grå lärksopp;Art;230;Skog (S) - Stor betydelse, Jordbrukslandskap (J) - Har betydelse;NA;
250101;91350;Geastrum smardae;;Art;1;Jordbrukslandskap (J) - Stor betydelse;NA;
3272;91494;Clathrus archeri;bläckfisksvamp;Art;95;Urban miljö (U) - Stor betydelse, Skog (S) - Har betydelse;NA;
5088;91504;Mutinus ravenelii;rödfotad stinksvamp;Art;149;Urban miljö (U) - Stor betydelse, Jordbrukslandskap (J) - Har betydelse;NA;
6137;91660;Rhizoctonia solani;lackskorv;Art;23;Urban miljö (U) - Stor betydelse;LC;
6140;91661;Rhizoctonia sterigmatica;klykskinn;Art;5;Jordbrukslandskap (J) - Stor betydelse, Urban miljö (U) - Stor betydelse;NA;
6028386;91664;Rhizoctonia tuliparum;blomsterlöksröta;Art;0;Urban miljö (U) - Stor betydelse;NA;
250088;91940;Porodaedalea abietis;tajgagranticka;Art;374;Skog (S) - Stor betydelse;LC;
4755;92863;Lactarius porninsis;lärkriska;Art;1;Jordbrukslandskap (J) - Stor betydelse, Skog (S) - Stor betydelse;NA;
6325914;93058;Russula roseocremea;;Art;9;;NE;
6045463;93127;Aleurodiscus ilexicola;;Art;2;;NA;
6032851;93454;Bartheletia paradoxa;;Art;38;Urban miljö (U) - Stor betydelse;NE;
6326941;93781;Insolibasidium deformans;;Art;1;;NA;
6001752;93794;Chrysomyxa rhododendri;rhododendronrost;Art;4;;NA;
6001795;93900;Gymnosporangium confusum;sävenbomsrost;Art;16;Urban miljö (U) - Stor betydelse;NA;
6047761;93931;Puccinia bornmuelleri;;Art;23;;NE;
6034722;93933;Puccinia bulbocastani;;Art;48;Jordbrukslandskap (J) - Stor betydelse;NE;
6034721;93942;Puccinia chaerophylli;;Art;303;;NE;
6001968;93943;Puccinia chrysanthemi;brun krysantemumrost;Art;16;Urban miljö (U) - Stor betydelse;NA;
6322366;93968;Puccinia doronicella;;Art;7;;NE;
6017686;93992;Puccinia horiana;vit krysantemumrost;Art;1;Urban miljö (U) - Stor betydelse;NA;
6324891;93999;Puccinia lagenophorae;;Art;40;;NE;
6002078;94029;Puccinia pelargonii-zonalis;pelargonrost;Art;11;Urban miljö (U) - Stor betydelse;NA;
6002088;94041;Puccinia primulae;;Art;2;;NA;
6034723;94054;Puccinia scillae;;Art;138;;NE;
6002363;94119;Uromyces muscari;;Art;15;Urban miljö (U) - Stor betydelse;NE;
6011524;94148;Melampsoridium hiratsukanum;;Art;104;Skog (S) - Stor betydelse;NA;
6001746;94176;Caeoma laricis;;Art;16;;NA;
6001503;94225;Entyloma bellidis;;Art;28;Jordbrukslandskap (J) - Stor betydelse, Urban miljö (U) - Stor betydelse;NE;
6001504;94226;Entyloma calendulae;;Art;100;Urban miljö (U) - Stor betydelse;NA;
6001513;94229;Entyloma dahliae;;Art;25;Urban miljö (U) - Stor betydelse;NA;
6001508;94236;Entyloma gaillardianum;;Art;1;Urban miljö (U) - Stor betydelse;NA;
6001536;94250;Entyloma serotinum;;Art;3;;NA;
6053414;94260;Exobasidium rhododendri;rododendronsvulst;Art;1;;NA;
6012413;94284;Graphiola phoenicis;;Art;2;;NA;
6331510;94327;Antherospora scillae;;Art;21;;NA;
6001736;94328;Antherospora vaillantii;;Kollektivtaxon;1;Jordbrukslandskap (J) - Stor betydelse;NA;
6001604;94333;Thecaphora saponariae;nejliksot;Art;35;Jordbrukslandskap (J) - Stor betydelse, Urban miljö (U) - Stor betydelse;NE;
6009864;94349;Urocystis eranthidis;vintergäckssot;Art;69;Urban miljö (U) - Stor betydelse;NE;
6001707;94454;Mycosarcoma maydis;majssot;Art;64;;NA;
6000999;94589;Batrachochytrium dendrobatidis;;Art;79;;NA;
6000012;94626;Synchytrium endobioticum;potatiskräfta;Art;1;Jordbrukslandskap (J) - Stor betydelse;NA;
4222;94722;Glomus versiforme;;Art;3;;NA;
232588;95320;Bonnemaisonia hamifera;japantofs;Art;1625;Marin miljö (M) - Stor betydelse;NA;
232594;95332;Aglaothamnion halliae;hamndun;Art;2;Marin miljö (M) - Stor betydelse;NA;
232617;95372;Dasya baillouviana;;Art;272;Marin miljö (M) - Stor betydelse;NA;
232621;95374;Dasysiphonia japonica;japanplym;Art;362;Marin miljö (M) - Stor betydelse;NA;
232626;95415;Melanothamnus harveyi;japansk rödslick;Art;1;Marin miljö (M) - Stor betydelse;NA;
232586;95557;Gracilaria vermiculophylla;grov agaralg;Art;49;Marin miljö (M) - Stor betydelse;NA;
2269;95962;Orthodontium lineare;kapmossa;Art;317;Skog (S) - Stor betydelse, Urban miljö (U) - Har betydelse;NA;
6000014;96198;Anomodon rostratus;;Art;2;Urban miljö (U) - Har betydelse;NA;
2175;96713;Campylopus introflexus;hårnervmossa;Art;1338;Jordbrukslandskap (J) - Har betydelse, Skog (S) - Har betydelse, Urban miljö (U) - Har betydelse, Våtmark (V) - Har betydelse;NA;
2633;97909;Lunularia cruciata;månlungmossa;Art;14;Urban miljö (U) - Stor betydelse;NA;
220676;98112;Azolla filiculoides;mossbräken;Art;26;Sötvatten (L) - Stor betydelse;NA;
223308;98113;Azolla mexicana;liten mossbräken;Art;15;Sötvatten (L) - Stor betydelse;NA;
223310;98117;Salvinia auriculata;öronsimbräken;Art;24;Sötvatten (L) - Stor betydelse;NA;
219916;98130;Adiantum pedatum;frilandsadiantum;Art;111;Urban miljö (U) - Stor betydelse;NA;
6040167;98131;Adiantum venustum;bergadiantum;Art;34;;NA;
222827;98141;Dennstaedtia punctilobula;höbräken;Art;58;Skog (S) - Stor betydelse, Urban miljö (U) - Stor betydelse;NA;
6324447;98204;Onoclea orientalis;japansk strutbräken;Art;3;;NA;
221288;98205;Onoclea sensibilis;pärlbräken;Art;161;Urban miljö (U) - Stor betydelse;NA;
6330784;98251;Polystichum polyblepharum;sköldbräken;Art;6;;NA;
264290;98259;Nephrolepis cordifolia;fjäderbräken;Art;3;Urban miljö (U) - Stor betydelse;NA;
259676;98276;Ginkgo biloba;ginkgo;Art;112;Urban miljö (U) - Stor betydelse;NA;
222135;98284;Abies alba;silvergran;Art;5106;Skog (S) - Stor betydelse, Urban miljö (U) - Stor betydelse;NA;
6332754;98286;Abies × arnoldiana;arnoldgran;Art;4;;NA;
222136;98287;Abies balsamea;balsamgran;Art;165;Urban miljö (U) - Stor betydelse;NA;
235092;98288;Abies cephalonica;grekgran;Art;34;Urban miljö (U) - Stor betydelse;NA;
235093;98289;Abies chensiensis;shensigran;Art;1;Urban miljö (U) - Stor betydelse;NA;
6328968;98290;Abies cilicica;turkgran;Art;26;;NA;
222137;98291;Abies concolor;coloradogran;Art;1069;Skog (S) - Stor betydelse, Urban miljö (U) - Stor betydelse;NA;
235094;98293;Abies forrestii;forrestgran;Art;28;Urban miljö (U) - Stor betydelse;NA;
235095;98294;Abies forrestii var. smithii;;Varietet;2;Skog (S) - Stor betydelse;NA;
222138;98295;Abies grandis;kustgran;Art;797;Skog (S) - Stor betydelse, Urban miljö (U) - Stor betydelse;NA;
259739;98296;Abies holophylla;ussurigran;Art;71;Urban miljö (U) - Stor betydelse;NA;
232978;98297;Abies homolepis;nikkogran;Art;128;Urban miljö (U) - Stor betydelse;NA;
235096;98298;Abies koreana;koreagran;Art;134;Urban miljö (U) - Stor betydelse;NA;
222139;98299;Abies lasiocarpa;berggran;Art;85;Urban miljö (U) - Stor betydelse;NA;
222140;98300;Abies lowiana;oregongran;Art;398;Skog (S) - Stor betydelse, Urban miljö (U) - Stor betydelse;NA;
6332755;98303;Abies marocana;marockogran;Art;2;;NA;
6051723;98304;Abies nephrolepis;amurgran;Art;1;;NA;
222141;98305;Abies nordmanniana;nordmannsgran;Art;834;Skog (S) - Stor betydelse, Urban miljö (U) - Stor betydelse;NA;
235090;98306;Abies nordmanniana subsp. equi-trojani;trojagran;Underart;164;Skog (S) - Stor betydelse, Urban miljö (U) - Stor betydelse;NA;
264293;98307;Abies nordmanniana subsp. nordmanniana;vanlig nordmannsgran;Underart;140;Skog (S) - Stor betydelse;NA;
235097;98308;Abies pindrow;pindrowgran;Art;28;Urban miljö (U) - Stor betydelse;NA;
235098;98309;Abies pinsapo;spanskgran;Art;47;Urban miljö (U) - Stor betydelse;NA;
232964;98310;Abies procera;kaskadgran;Art;482;Urban miljö (U) - Stor betydelse;NA;
6332720;98311;Abies recurvata;skäggran;Art;10;;NA;
6051722;98312;Abies sachalinensis;sachalingran;Art;58;;NA;
222142;98313;Abies sibirica;pichtagran;Art;163;Urban miljö (U) - Stor betydelse;NA;
235099;98314;Abies veitchii;fujigran;Art;96;Urban miljö (U) - Stor betydelse;NA;
235091;98315;Abies alba × concolor;silvergran × coloradogran;Hybrid;3;Skog (S) - Stor betydelse;NA;
222151;98320;Larix decidua;lärk;Art;9224;Skog (S) - Stor betydelse, Urban miljö (U) - Stor betydelse;NA;
224501;98321;Larix decidua subsp. decidua;europeisk lärk;Underart;1099;Skog (S) - Stor betydelse, Urban miljö (U) - Stor betydelse, Jordbrukslandskap (J) - Har betydelse;NA;
235100;98322;Larix decidua subsp. polonica;polsk lärk;Underart;39;Skog (S) - Stor betydelse;NA;
235101;98323;Larix gmelinii;dahurlärk;Art;70;Urban miljö (U) - Stor betydelse;NA;
264838;98324;Larix gmelinii var. gmelinii;äkta dahurlärk;Varietet;18;Skog (S) - Stor betydelse;NA;
264839;98325;Larix gmelinii var. japonica;kurilerlärk;Varietet;27;Skog (S) - Stor betydelse;NA;
264840;98326;Larix gmelinii var. olgensis;ussurilärk;Varietet;14;Skog (S) - Stor betydelse;NA;
264841;98327;Larix gmelinii var. principis-rupprechtii;prinslärk;Varietet;0;Skog (S) - Stor betydelse;NA;
235102;98328;Larix kaempferi;japansk lärk;Art;442;Urban miljö (U) - Stor betydelse;NA;
235103;98329;Larix laricina;kanadalärk;Art;38;Urban miljö (U) - Stor betydelse;NA;
222150;98330;Larix × marschlinsii;hybridlärk;Art;1019;Skog (S) - Stor betydelse;NA;
6052399;98331;Larix occidentalis;kaskadlärk;Art;37;;NA;
220222;98332;Larix sibirica;sibirisk lärk;Art;221;Skog (S) - Stor betydelse;NA;
6051724;98339;Picea breweriana;slöjgran;Art;3;;NA;
235105;98340;Picea engelmannii;engelmannsgran;Art;52;Urban miljö (U) - Stor betydelse;NA;
222153;98341;Picea glauca;vitgran;Art;1086;Urban miljö (U) - Stor betydelse;NA;
224504;98343;Picea glauca subsp. glauca;vanlig vitgran;Underart;3;Skog (S) - Stor betydelse;NA;
235106;98344;Picea × lutzii;hybridgran;Art;95;Urban miljö (U) - Stor betydelse;NA;
222154;98345;Picea mariana;svartgran;Art;110;Urban miljö (U) - Stor betydelse;NA;
222155;98346;Picea omorika;serbgran;Art;405;Urban miljö (U) - Stor betydelse;NA;
235107;98347;Picea orientalis;orientgran;Art;173;Urban miljö (U) - Stor betydelse;NA;
222156;98348;Picea pungens;blågran;Art;1399;Skog (S) - Stor betydelse, Urban miljö (U) - Stor betydelse;NA;
232975;98349;Picea sitchensis;sitkagran;Art;594;Skog (S) - Stor betydelse, Urban miljö (U) - Stor betydelse;NA;
264295;98350;Picea pungens × sitchensis;blågran × sitkagran;Hybrid;0;Skog (S) - Stor betydelse;NA;
221768;98353;Pinus banksiana;banksianatall;Art;101;Urban miljö (U) - Stor betydelse;NA;
222158;98354;Pinus cembra;cembratall;Art;1405;Skog (S) - Stor betydelse;NA;
224505;98355;Pinus cembra subsp. cembra;äkta cembratall;Underart;31;Skog (S) - Stor betydelse, Urban miljö (U) - Stor betydelse;NA;
224506;98356;Pinus cembra subsp. sibirica;sibirisk cembratall;Underart;548;Skog (S) - Stor betydelse, Urban miljö (U) - Stor betydelse;NA;
222159;98357;Pinus contorta;contortatall;Art;2348;Skog (S) - Stor betydelse;NA;
264930;98358;Pinus contorta subsp. contorta;;Underart;445;Skog (S) - Stor betydelse;NA;
264931;98359;Pinus contorta var. contorta;strandtall;Varietet;15;;NA;
224507;98360;Pinus contorta var. latifolia;vanlig contortatall;Varietet;427;Skog (S) - Stor betydelse;NA;
6331433;98362;Pinus densiflora;japansk tall;Art;12;;NA;
6331721;98363;Pinus jeffreyi;jeffreytall;Art;19;;NA;
6332572;98364;Pinus koraiensis;koreatall;Art;17;;NA;
222160;98365;Pinus mugo;bergtall;Art;1871;Skog (S) - Stor betydelse, Urban miljö (U) - Stor betydelse, Havsstrand (H) - Har betydelse;NA;
224508;98366;Pinus mugo subsp. mugo;vanlig bergtall;Underart;161;Skog (S) - Stor betydelse, Urban miljö (U) - Stor betydelse, Havsstrand (H) - Har betydelse;NA;
249405;98367;Pinus mugo subsp. × rotundata;alptall;Underart;102;Skog (S) - Stor betydelse, Urban miljö (U) - Stor betydelse;NA;
224509;98368;Pinus mugo subsp. uncinata;fransk bergtall;Underart;103;Skog (S) - Stor betydelse, Urban miljö (U) - Stor betydelse;NA;
222161;98369;Pinus nigra;svarttall;Art;1587;Urban miljö (U) - Stor betydelse;NA;
224510;98371;Pinus nigra var. nigra;vanlig svarttall;Varietet;6;Havsstrand (H) - Stor betydelse, Jordbrukslandskap (J) - Stor betydelse, Skog (S) - Stor betydelse;NA;
235108;98372;Pinus peuce;makedonisk tall;Art;115;Urban miljö (U) - Stor betydelse;NA;
232971;98373;Pinus ponderosa;gultall;Art;149;Urban miljö (U) - Stor betydelse;NA;
235109;98374;Pinus rigida;styvbarrig tall;Art;54;Skog (S) - Stor betydelse;NA;
222162;98375;Pinus strobus;weymouthtall;Art;519;Urban miljö (U) - Stor betydelse;NA;
235110;98379;Pinus wallichiana;himalayatall;Art;14;Skog (S) - Stor betydelse;NA;
219883;98382;Pseudotsuga menziesii;douglasgran;Art;1403;Skog (S) - Stor betydelse;NA;
224513;98383;Pseudotsuga menziesii subsp. glaucescens;blå douglasgran;Underart;86;Skog (S) - Stor betydelse, Urban miljö (U) - Stor betydelse;NA;
224514;98384;Pseudotsuga menziesii subsp. menziesii;grön douglasgran;Underart;255;Skog (S) - Stor betydelse, Urban miljö (U) - Stor betydelse;NA;
222173;98386;Tsuga canadensis;hemlock;Art;243;Skog (S) - Stor betydelse, Urban miljö (U) - Stor betydelse;NA;
6332752;98387;Tsuga chinensis;kinesisk hemlock;Art;16;;NA;
259740;98388;Tsuga heterophylla;jättehemlock;Art;153;Urban miljö (U) - Stor betydelse;NA;
222174;98389;Tsuga mertensiana;berghemlock;Art;10;Skog (S) - Stor betydelse, Urban miljö (U) - Stor betydelse;NA;
222166;98393;Sciadopitys verticillata;solfjädertall;Art;68;Urban miljö (U) - Stor betydelse;NA;
222169;98397;Taxus cuspidata;japansk idegran;Art;75;Urban miljö (U) - Stor betydelse;NA;
222167;98398;Taxus × media;hybrididegran;Art;845;Skog (S) - Stor betydelse, Urban miljö (U) - Stor betydelse;NA;
219656;98401;Chamaecyparis lawsoniana;ädelcypress;Art;951;Skog (S) - Stor betydelse, Urban miljö (U) - Stor betydelse;NA;
235111;98402;Chamaecyparis obtusa;japansk ädelcypress;Art;114;Urban miljö (U) - Stor betydelse;NA;
235022;98403;Chamaecyparis pisifera;ärtcypress;Art;228;Urban miljö (U) - Stor betydelse;NA;
222739;98405;Cryptomeria japonica;kryptomeria;Art;98;Skog (S) - Stor betydelse;NA;
6051266;98407;Cupressus × leylandii;leylandcypress;Art;4;;NA;
222143;98408;Cupressus nootkatensis;nutkacypress;Art;117;Skog (S) - Stor betydelse, Urban miljö (U) - Stor betydelse;NA;
222547;98410;Juniperus chinensis;kinesisk en;Art;132;Urban miljö (U) - Stor betydelse;NA;
249406;98414;Juniperus × pfitzeriana;trädgårdsen;Art;209;Urban miljö (U) - Stor betydelse;NA;
6009215;98415;Juniperus horizontalis;amerikansk krypen;Art;23;Urban miljö (U) - Stor betydelse;NA;
235112;98416;Juniperus procumbens;japansk krypen;Art;34;Urban miljö (U) - Stor betydelse;NA;
222147;98417;Juniperus sabina;sävenbom;Art;116;Urban miljö (U) - Stor betydelse;NA;
235113;98418;Juniperus scopulorum;röden;Art;97;Urban miljö (U) - Stor betydelse;NA;
222148;98419;Juniperus squamata;himalayaen;Art;233;Urban miljö (U) - Stor betydelse;NA;
235114;98420;Juniperus virginiana;blyerts-en;Art;118;Urban miljö (U) - Stor betydelse;NA;
6319396;98422;Metasequoia glyptostroboides;kinesisk sekvoja;Art;106;;NA;
259684;98424;Taxodium distichum;sumpcypress;Art;18;Urban miljö (U) - Stor betydelse;NA;
6331431;98428;Thuja koraiensis;koreansk tuja;Art;25;;NA;
222170;98429;Thuja occidentalis;tuja;Art;1253;Skog (S) - Stor betydelse, Urban miljö (U) - Stor betydelse;NA;
222171;98430;Thuja plicata;jättetuja;Art;381;Skog (S) - Stor betydelse, Urban miljö (U) - Stor betydelse;NA;
6051248;98431;Thuja standishii;japansk tuja;Art;25;;NA;
222172;98433;Thujopsis dolabrata;hiba;Art;119;Skog (S) - Stor betydelse;NA;
221510;98443;Cabomba caroliniana;kabomba;Art;32;Sötvatten (L) - Stor betydelse;NA;
6012036;98452;Nuphar advena;sextalig näckros;Art;12;Sötvatten (L) - Stor betydelse;NA;
6033460;98470;Nymphaea × laydekeri;smånäckros;Art;17;Sötvatten (L) - Stor betydelse;NA;
6012037;98472;Nymphaea × marliacea;parknäckros;Art;199;Sötvatten (L) - Stor betydelse;NA;
6012038;98484;Nymphaea × thiona;svavelnäckros;Art;21;Sötvatten (L) - Stor betydelse;NA;
6035036;98494;Houttuynia cordata;ödleblad;Art;51;;NA;
222175;98504;Aristolochia macrophylla;pipranka;Art;171;Urban miljö (U) - Stor betydelse;NA;
6331576;98505;Aristolochia tomentosa;ullpipranka;Art;16;;NA;
219846;98512;Liriodendron tulipifera;tulpanträd;Art;126;Urban miljö (U) - Stor betydelse;NA;
6040105;98514;Magnolia sieboldii;buskmagnolia;Art;33;;NA;
6037465;98515;Magnolia × soulangeana;praktmagnolia;Art;41;;NA;
6051598;98516;Magnolia stellata;stjärnmagnolia;Art;90;;NA;
259696;98519;Annona cherimola;kirimoja;Art;4;Urban miljö (U) - Stor betydelse;NA;
221562;98525;Persea americana;avokado;Art;72;Urban miljö (U) - Stor betydelse;NA;
6040232;98549;Arisaema amurense;amurkobrakalla;Art;44;;NA;
264938;98552;Arum italicum;italiensk munkhätta;Art;242;Urban miljö (U) - Stor betydelse;NA;
6012029;98564;Colocasia esculenta;taro;Art;8;;NA;
261638;98603;Dieffenbachia seguine;prickblad;Art;6;Urban miljö (U) - Stor betydelse;NA;
259698;98605;Dracunculus vulgaris;drakkalla;Art;2;Urban miljö (U) - Stor betydelse;NA;
6002731;98607;Epipremnum aureum;gullranka;Art;34;Urban miljö (U) - Stor betydelse;NA;
220226;98612;Lemna aequinoctialis;vingandmat;Art;2;Sötvatten (L) - Stor betydelse, Urban miljö (U) - Har betydelse;NA;
219571;98616;Lemna minuta;kölandmat;Art;5;Sötvatten (L) - Stor betydelse, Urban miljö (U) - Har betydelse;NA;
219576;98620;Lysichiton americanus;gul skunkkalla;Art;7398;Skog (S) - Stor betydelse, Sötvatten (L) - Stor betydelse, Urban miljö (U) - Stor betydelse, Våtmark (V) - Stor betydelse;NA;
219577;98621;Lysichiton camtschatcensis;vit skunkkalla;Art;130;Sötvatten (L) - Stor betydelse, Urban miljö (U) - Stor betydelse;NA;
221754;98624;Orontium aquaticum;guldkolv;Art;63;Sötvatten (L) - Stor betydelse, Våtmark (V) - Har betydelse;NA;
264939;98628;Pistia stratiotes;musselblomma;Art;26;Sötvatten (L) - Stor betydelse;NA;
266099;98630;Sauromatum venosum;ödlekalla;Art;9;Urban miljö (U) - Stor betydelse;NA;
219610;98635;Spirodela oligorrhiza;prickandmat;Art;1;Sötvatten (L) - Stor betydelse, Urban miljö (U) - Har betydelse;NA;
219608;98637;Spirodela punctata;mellanandmat;Art;3;Sötvatten (L) - Stor betydelse, Urban miljö (U) - Har betydelse;NA;
6324878;98643;Wolffia columbiana;amerikansk dvärgandmat;Art;23;;NA;
261629;98651;Zamioculcas zamiifolia;garderobsblomma;Art;35;Urban miljö (U) - Stor betydelse;NA;
264298;98654;Zantedeschia albomaculata;prickkalla;Art;28;Urban miljö (U) - Stor betydelse;NA;
6002734;98655;Zantedeschia rehmannii;skär kalla;Art;26;Urban miljö (U) - Stor betydelse;NA;
264300;98706;Sagittaria latifolia;bredpilblad;Art;42;Sötvatten (L) - Stor betydelse;NA;
221523;98728;Egeria densa;stor vattenpest;Art;1;Sötvatten (L) - Stor betydelse, Urban miljö (U) - Stor betydelse;NA;
222439;98731;Elodea callitrichoides;argentinsk vattenpest;Art;1;Sötvatten (L) - Stor betydelse, Urban miljö (U) - Stor betydelse;NA;
219564;98732;Elodea canadensis;vattenpest;Art;13037;Sötvatten (L) - Stor betydelse;NA;
219565;98734;Elodea nuttallii;smal vattenpest;Art;7712;Sötvatten (L) - Stor betydelse, Brackvatten (B) - Har betydelse;NA;
6324213;98738;Hydrocharis laevigata;sydgrodört;Art;19;;NA;
6324209;98744;Limnobium;grodörtssläktet;Släkte;0;;;
260353;98942;Trillium albidum;vitt treblad;Art;118;Urban miljö (U) - Stor betydelse;NA;
221932;98943;Trillium chloropetalum;jättetreblad;Art;24;Urban miljö (U) - Stor betydelse;NA;
221933;98945;Trillium grandiflorum;stort treblad;Art;60;Urban miljö (U) - Stor betydelse;NA;
6012030;98946;Trillium luteum;gult treblad;Art;2;;NA;
221938;98948;Veratrum album;nysrot;Art;64;Urban miljö (U) - Stor betydelse, Jordbrukslandskap (J) - Har betydelse, Skog (S) - Har betydelse, Våtmark (V) - Har betydelse;NA;
224357;98949;Veratrum album subsp. album;vit nysrot;Underart;0;Urban miljö (U) - Stor betydelse, Jordbrukslandskap (J) - Har betydelse, Skog (S) - Har betydelse, Våtmark (V) - Har betydelse;NA;
259677;98951;Veratrum californicum;jättenysrot;Art;3;Urban miljö (U) - Stor betydelse;NA;
221939;98952;Veratrum nigrum;svart nysrot;Art;27;Urban miljö (U) - Stor betydelse;NA;
6332766;98955;Alstroemeria aurea;guldalströmeria;Art;6;;NA;
222210;98956;Alstroemeria sp.;alströmeria;Art;0;;;
6324977;98961;Colchicum bivonae;nättidlösa;Art;7;;NA;
6052582;98962;Colchicum cilicicum;taurustidlösa;Art;29;;NA;
6007343;98963;Colchicum laetum;stjärntidlösa;Art;87;Urban miljö (U) - Stor betydelse;NA;
260352;98964;Colchicum speciosum;prakttidlösa;Art;221;Urban miljö (U) - Stor betydelse;NA;
260354;98965;Colchicum autumnale × speciosum;tidlösa × prakttidlösa;Hybrid;5;Urban miljö (U) - Stor betydelse;NA;
6324978;98966;Colchicum cilicicum × speciosum;taurustidlösa × prakttidlösa;Hybrid;0;;NA;
264952;98969;Erythronium americanum;bronsfärgad hundtandslilja;Art;5;;NA;
220519;98970;Erythronium dens-canis;hundtandslilja;Art;179;Urban miljö (U) - Stor betydelse;NA;
261619;98972;Erythronium tuolumnense;gul hundtandslilja;Art;25;Urban miljö (U) - Stor betydelse;NA;
221645;98974;Fritillaria imperialis;kejsarkrona;Art;1162;Urban miljö (U) - Stor betydelse;NA;
221914;98976;Fritillaria montana;späd klocklilja;Art;1;Urban miljö (U) - Stor betydelse;NA;
224356;98990;Lilium bulbiferum var. croceum;saffranslilja;Varietet;107;Urban miljö (U) - Stor betydelse;NA;
221923;98991;Lilium canadense;kanadalilja;Art;5;Urban miljö (U) - Stor betydelse;NA;
221924;98992;Lilium candidum;madonnalilja;Art;95;Urban miljö (U) - Stor betydelse;NA;
221921;98993;Lilium × hollandicum;flocklilja;Art;7;Urban miljö (U) - Stor betydelse;NA;
221925;98994;Lilium lancifolium;tigerlilja;Art;190;Urban miljö (U) - Stor betydelse;NA;
221922;98995;Lilium × marhan;mandarinlilja;Art;4;Urban miljö (U) - Stor betydelse;NA;
264304;98999;Lilium regale;kungslilja;Art;24;Urban miljö (U) - Stor betydelse;NA;
6040124;99004;Tulipa clusiana;italiensk tulpan;Art;8;;NA;
6051265;99005;Tulipa fosteriana;eldtulpan;Art;7;;NA;
221934;99006;Tulipa gesneriana;tulpan;Art;4235;Urban miljö (U) - Stor betydelse;NA;
235032;99007;Tulipa greigii;strimtulpan;Art;161;Urban miljö (U) - Stor betydelse;NA;
6319401;99008;Tulipa humilis;violtulpan;Art;10;;NA;
235024;99009;Tulipa kaufmanniana;näckrostulpan;Art;13;Urban miljö (U) - Stor betydelse;NA;
6330271;99010;Tulipa praestans;anemontulpan;Art;13;;NA;
6332710;99011;Tulipa saxatilis;kretatulpan;Art;18;;NA;
221936;99013;Tulipa tarda;flocktulpan;Art;361;Urban miljö (U) - Stor betydelse;NA;
221937;99014;Tulipa turkestanica;dvärgtulpan;Art;79;Urban miljö (U) - Stor betydelse;NA;
223584;99049;Dactylorhiza incarnata var. incarnata x majalis subsp. lapponica;;Hybrid;0;;;
223595;99053;Dactylorhiza maculata subsp. fuchsii x majalis subsp. lapponica;skogsnycklar x sumpnycklar;Hybrid;0;;;
223601;99056;Dactylorhiza maculata subsp. maculata x majalis subsp. lapponica;;Hybrid;0;;;
223605;99066;Dactylorhiza majalis subsp. lapponica x Gymnadenia conopsea;;Hybrid;0;;;
6002735;99173;Platanthera clavellata;;Art;1;Urban miljö (U) - Stor betydelse;NA;
219894;99186;Spiranthes spiralis;skruvax;Art;128;Jordbrukslandskap (J) - Stor betydelse;NA;
220213;99207;Ixiolirion tataricum;berglilja;Art;7;Urban miljö (U) - Stor betydelse;NA;
219777;99210;Crocosmia × crocosmiiflora;montbretia;Art;172;Urban miljö (U) - Stor betydelse;NA;
6002909;99212;Crocus angustifolius;strimkrokus;Art;23;Urban miljö (U) - Stor betydelse;NA;
220111;99213;Crocus biflorus;blå bägarkrokus;Art;277;Urban miljö (U) - Stor betydelse;NA;
219779;99214;Crocus chrysanthus;bägarkrokus;Art;559;Urban miljö (U) - Stor betydelse;NA;
219780;99215;Crocus etruscus;toscanakrokus;Art;2;Urban miljö (U) - Stor betydelse;NA;
6331718;99216;Crocus heuffelianus;;Art;2;;NA;
264311;99217;Crocus × hybridus;hybridbägarkrokus;Art;143;Urban miljö (U) - Stor betydelse;NA;
264312;99218;Crocus kotschyanus;septemberkrokus;Art;65;Urban miljö (U) - Stor betydelse;NA;
219781;99219;Crocus nudiflorus;krypkrokus;Art;1;Urban miljö (U) - Stor betydelse;NA;
219782;99220;Crocus sieberi;grekisk krokus;Art;203;Urban miljö (U) - Stor betydelse;NA;
219783;99221;Crocus speciosus;höstkrokus;Art;282;Urban miljö (U) - Stor betydelse;NA;
219778;99222;Crocus × stellaris;gullkrokus;Art;2207;Urban miljö (U) - Stor betydelse;NA;
219784;99223;Crocus tommasinianus;snökrokus;Art;1779;Urban miljö (U) - Stor betydelse;NA;
219785;99224;Crocus vernus;vårkrokus;Art;4947;Urban miljö (U) - Stor betydelse;NA;
267003;99226;Gladiolus callianthus;doftlilja;Art;11;Urban miljö (U) - Stor betydelse;NA;
221097;99227;Gladiolus communis;småblommig sabellilja;Art;29;Urban miljö (U) - Stor betydelse;NA;
219808;99228;Gladiolus × hortulanus;gladiol;Art;126;Urban miljö (U) - Stor betydelse;NA;
264991;99229;Gladiolus imbricatus;rysk sabellilja;Art;51;Urban miljö (U) - Stor betydelse;NA;
223443;99234;Iris aphylla;skomakariris;Art;120;Urban miljö (U) - Stor betydelse;NA;
6002910;99236;Iris danfordiae;vintergäcksiris;Art;2;Urban miljö (U) - Stor betydelse;NA;
266072;99237;Iris delavayi;stor strandiris;Art;26;Urban miljö (U) - Stor betydelse;NA;
219832;99238;Iris germanica;tyskiris;Art;1254;Urban miljö (U) - Stor betydelse;NA;
6010687;99239;Iris germanica agg.;trädgårdsiris (aggregat);Artkomplex;1634;;NA;
264994;99240;Iris graminea;gräsiris;Art;67;Urban miljö (U) - Stor betydelse;NA;
264313;99241;Iris × hollandica;holländsk iris;Art;10;Urban miljö (U) - Stor betydelse;NA;
6327649;99242;Iris laevigata;glansiris;Art;18;;NA;
219833;99243;Iris latifolia;engelsk iris;Art;9;Urban miljö (U) - Stor betydelse;NA;
219834;99245;Iris orientalis;gullbandsiris;Art;57;Urban miljö (U) - Stor betydelse;NA;
219835;99246;Iris pallida;silveriris;Art;77;Urban miljö (U) - Stor betydelse;NA;
6326696;99249;Iris pumila agg.;dvärgisris (aggregat);Artkomplex;121;;NA;
259653;99250;Iris reticulata;våriris;Art;174;Urban miljö (U) - Stor betydelse;NA;
266071;99251;Iris × sambucina;fläderiris;Art;142;Urban miljö (U) - Stor betydelse;NA;
264314;99252;Iris sanguinea;violiris;Art;401;Urban miljö (U) - Stor betydelse;NA;
219838;99253;Iris setosa;tuviris;Art;45;Urban miljö (U) - Stor betydelse;NA;
219839;99254;Iris sibirica;strandiris;Art;837;Urban miljö (U) - Stor betydelse;NA;
6010688;99255;Iris sibirica agg.;strandiris (aggregat);Artkomplex;1279;;NA;
259730;99257;Iris variegata;skäggiris;Art;57;Urban miljö (U) - Stor betydelse;NA;
219841;99258;Iris versicolor;brokiris;Art;211;Urban miljö (U) - Stor betydelse;NA;
6332764;99260;Iris sanguinea × sibirica;violiris × strandiris;Hybrid;2;;NA;
6046619;99264;Sisyrinchium angustifolium;grenig gräslilja;Art;23;;NA;
1502;99266;Sisyrinchium montanum;gräslilja;Art;120;Havsstrand (H) - Stor betydelse, Urban miljö (U) - Stor betydelse;NA;
264352;99274;Asphodelus albus;afodill;Art;3;Urban miljö (U) - Stor betydelse;NA;
221410;99275;Asphodelus fistulosus;pip-afodill;Art;14;Urban miljö (U) - Stor betydelse;NA;
259695;99277;Bulbine semibarbata;bulbine;Art;10;Urban miljö (U) - Stor betydelse;NA;
222848;99279;Hemerocallis citrina;blekgul daglilja;Art;47;Urban miljö (U) - Stor betydelse;NA;
6031479;99280;Hemerocallis dumortieri;tuvdaglilja;Art;49;;NA;
219817;99281;Hemerocallis fulva;brunröd daglilja;Art;1087;Urban miljö (U) - Stor betydelse;NA;
219818;99282;Hemerocallis lilioasphodelus;gul daglilja;Art;1039;Urban miljö (U) - Stor betydelse;NA;
264315;99284;Kniphofia gracilis;blek fackellilja;Art;0;Urban miljö (U) - Stor betydelse;NA;
264316;99285;Kniphofia uvaria;fackellilja;Art;53;Urban miljö (U) - Stor betydelse;NA;
264353;99291;Allium ampeloprasum;vild purjolök;Art;96;Urban miljö (U) - Stor betydelse;NA;
6051603;99292;Allium ampeloprasum var. ampeloprasum;vild purjolök;Varietet;5;;NA;
219747;99293;Allium ampeloprasum var. porrum;purjolök;Varietet;39;Urban miljö (U) - Stor betydelse;NA;
220409;99294;Allium angulosum;rysslök;Art;10;Urban miljö (U) - Stor betydelse;NA;
219734;99296;Allium caeruleum;azurlök;Art;2;Urban miljö (U) - Stor betydelse;NA;
219736;99298;Allium cepa;lök;Art;333;Urban miljö (U) - Stor betydelse;NA;
223561;99299;Allium cepa var. cepa;matlök;Varietet;1;Urban miljö (U) - Stor betydelse;NA;
6031496;99300;Allium cernuum;prärielök;Art;21;;NA;
264996;99302;Allium cristophii;stäpplök;Art;94;;NA;
219737;99303;Allium fistulosum;piplök;Art;27;Urban miljö (U) - Stor betydelse;NA;
219738;99304;Allium flavum;dagglök;Art;14;Urban miljö (U) - Stor betydelse;NA;
219739;99305;Allium giganteum;jättelök;Art;110;Urban miljö (U) - Stor betydelse;NA;
6321888;99306;Allium hirtifolium;;Art;45;;NA;
219740;99307;Allium hollandicum;purpurlök;Art;913;Urban miljö (U) - Stor betydelse;NA;
219741;99308;Allium hymenorhizum;altajlök;Art;2;Urban miljö (U) - Stor betydelse;NA;
264997;99309;Allium karataviense;boll-lök;Art;5;Urban miljö (U) - Stor betydelse;NA;
219743;99313;Allium moly;guldlök;Art;74;Urban miljö (U) - Stor betydelse;NA;
6333427;99315;Allium nigrum;svartlök;Art;0;;;
219745;99317;Allium oreophilum;berglök;Art;27;Urban miljö (U) - Stor betydelse;NA;
219746;99318;Allium paradoxum;snödroppslök;Art;175;Urban miljö (U) - Stor betydelse;NA;
223562;99319;Allium × proliferum;luftlök;Art;37;Urban miljö (U) - Stor betydelse;NA;
219749;99321;Allium roseum;kvicklök;Art;4;Urban miljö (U) - Stor betydelse;NA;
219750;99322;Allium rotundum;rundlök;Art;36;Urban miljö (U) - Stor betydelse;NA;
232977;99323;Allium sativum;vitlök;Art;44;Urban miljö (U) - Stor betydelse;NA;
259704;99331;Allium siculum;honungslök;Art;95;Urban miljö (U) - Stor betydelse;NA;
219754;99332;Allium sphaerocephalon;klotlök;Art;96;Urban miljö (U) - Stor betydelse;NA;
6045471;99333;Allium stipitatum;skägglök;Art;27;;NA;
259741;99335;Allium tuberosum;kinesisk gräslök;Art;83;Urban miljö (U) - Stor betydelse;NA;
259742;99337;Allium victorialis;segerlök;Art;44;Urban miljö (U) - Stor betydelse;NA;
219757;99341;Allium zebdanense;majlök;Art;223;Urban miljö (U) - Stor betydelse;NA;
6331568;99347;Crinum × powellii;kalljordskrinum;Art;1;;NA;
264321;99351;Galanthus caucasicus;kaukasisk snödroppe;Art;46;Urban miljö (U) - Stor betydelse;NA;
220145;99352;Galanthus elwesii;turkisk snödroppe;Art;1675;Urban miljö (U) - Stor betydelse;NA;
6007344;99353;Galanthus fosteri;libanesisk snödroppe;Art;30;Urban miljö (U) - Stor betydelse;NA;
219803;99354;Galanthus ikariae;grekisk snödroppe;Art;51;Urban miljö (U) - Stor betydelse;NA;
6326699;99355;Galanthus ikariae agg.;grekisk snödroppe (aggregat);Artkomplex;654;;NA;
219805;99357;Galanthus plicatus;veckad snödroppe;Art;51;Urban miljö (U) - Stor betydelse;NA;
259744;99358;Galanthus × valentinei;hybridsnödroppe;Art;320;Urban miljö (U) - Stor betydelse;NA;
219806;99359;Galanthus woronowii;grön snödroppe;Art;603;Urban miljö (U) - Stor betydelse;NA;
219821;99362;Hippeastrum × hortorum;amaryllis;Art;149;Urban miljö (U) - Stor betydelse;NA;
6002740;99364;Ipheion uniflorum;vårlilja;Art;38;;NA;
221684;99366;Leucojum aestivum;sommarsnöklocka;Art;172;Urban miljö (U) - Stor betydelse;NA;
264320;99368;Leucojum vernum var. carpathicum;karpatersnöklocka;Varietet;126;Urban miljö (U) - Stor betydelse;NA;
266206;99372;Narcissus cyclamineus;cyklamennarciss;Art;21;;NA;
219580;99373;Narcissus × cyclazetta;tätatät;Art;1268;Urban miljö (U) - Stor betydelse;NA;
219857;99374;Narcissus × incomparabilis;stjärnnarciss;Art;1388;Urban miljö (U) - Stor betydelse;NA;
264323;99375;Narcissus jonquilla;jonkvill;Art;16;Urban miljö (U) - Stor betydelse;NA;
219858;99376;Narcissus × medioluteus;bukettnarciss;Art;105;Urban miljö (U) - Stor betydelse;NA;
6007698;99377;Narcissus minor;snönarciss;Art;37;Urban miljö (U) - Stor betydelse;NA;
6051604;99378;Narcissus moschatus;myskpåsklilja;Art;15;;NA;
6033614;99379;Narcissus × odorus;campernell-jonkvill;Art;20;;NA;
264325;99382;Narcissus pseudonarcissus subsp. major;stor påsklilja;Underart;932;Urban miljö (U) - Stor betydelse;NA;
264327;99384;Narcissus pseudonarcissus var. plenus;fylld påsklilja;Varietet;614;Urban miljö (U) - Stor betydelse, Jordbrukslandskap (J) - Har betydelse, Skog (S) - Har betydelse;NA;
264328;99386;Narcissus tazetta;tazett;Art;29;Urban miljö (U) - Stor betydelse;NA;
264329;99387;Narcissus triandrus;änglatårar;Art;79;;NA;
264322;99388;Narcissus cyclamineus × pseudonarcissus;cyklamennarciss × påsklilja;Hybrid;18;Urban miljö (U) - Stor betydelse;NA;
232973;99398;Asparagus densiflorus;natalsparris;Art;13;Urban miljö (U) - Stor betydelse;NA;
232974;99399;Asparagus falcatus;klättersparris;Art;5;Urban miljö (U) - Stor betydelse;NA;
6320469;99401;Asparagus plumosus;fjädersparris;Art;8;;NA;
223419;99403;Camassia cusickii;blek stjärnhyacint;Art;8;Urban miljö (U) - Stor betydelse;NA;
6034776;99404;Camassia leichtlinii;;Art;41;;NA;
6034777;99405;Camassia leichtlinii subsp. leichtlinii;vit stjärnhyacint;Underart;17;;NA;
6034778;99406;Camassia leichtlinii subsp. suksdorfii;mörk stjärnhyacint;Underart;18;;NA;
6002741;99407;Camassia quamash;ätlig stjärnhyacint;Art;43;;NA;
222394;99409;Chlorophytum comosum;ampellilja;Art;79;Urban miljö (U) - Stor betydelse;NA;
6031498;99413;Cordyline australis;syddracena;Art;11;;NA;
232972;99415;Dracaena fragrans;doftdracena;Art;15;Urban miljö (U) - Stor betydelse;NA;
6007345;99416;Dracaena marginata;kantdracena;Art;1;Urban miljö (U) - Stor betydelse;NA;
6037467;99417;Dracaena umbraculifera;;Art;1;;NA;
259699;99419;Eucomis comosa;tofslilja;Art;6;Urban miljö (U) - Stor betydelse;NA;
259700;99420;Eucomis comosa ´Leia´;;Sort;0;;NA;
264998;99422;Galtonia candicans;kaphyacint;Art;36;Urban miljö (U) - Stor betydelse;NA;
264317;99424;Hosta crispula;gravfunkia;Art;8;Urban miljö (U) - Stor betydelse;NA;
220526;99425;Hosta fortunei;blomsterfunkia;Art;76;Urban miljö (U) - Stor betydelse;NA;
6010521;99426;Hosta minor;pyttefunkia;Art;10;Urban miljö (U) - Stor betydelse;NA;
219822;99427;Hosta lancifolia;höstfunkia;Art;64;Urban miljö (U) - Stor betydelse;NA;
6010522;99428;Hosta nigrescens;;Art;14;Urban miljö (U) - Stor betydelse;NA;
219823;99429;Hosta plantaginea;doftfunkia;Art;40;Urban miljö (U) - Stor betydelse;NA;
6010523;99430;Hosta rectifolia;styvfunkia;Art;26;Urban miljö (U) - Stor betydelse;NA;
219824;99431;Hosta sieboldiana;daggfunkia;Art;68;Urban miljö (U) - Stor betydelse;NA;
219825;99432;Hosta undulata;brokfunkia;Art;138;Urban miljö (U) - Stor betydelse;NA;
219827;99435;Hyacinthoides hispanica;spansk klockhyacint;Art;516;Urban miljö (U) - Stor betydelse;NA;
219828;99436;Hyacinthoides italica;italiensk blåstjärna;Art;910;Urban miljö (U) - Stor betydelse;NA;
223616;99437;Hyacinthoides × massartiana;hybridklockhyacint;Art;598;Urban miljö (U) - Stor betydelse;NA;
219829;99438;Hyacinthoides non-scripta;engelsk klockhyacint;Art;489;Urban miljö (U) - Stor betydelse;NA;
6010686;99439;Hyacinthoides non-scripta agg.;klockhyacint (aggregat);Artkomplex;1817;;NA;
219830;99441;Hyacinthus orientalis;hyacint;Art;948;Urban miljö (U) - Stor betydelse;NA;
6002742;99444;Maianthemum canadense;kanadensiskt ekorrbär;Art;15;Urban miljö (U) - Stor betydelse;NA;
265000;99445;Maianthemum racemosum;vipprams;Art;31;;NA;
219849;99446;Maianthemum stellatum;stjärnrams;Art;206;Skog (S) - Stor betydelse, Urban miljö (U) - Stor betydelse;NA;
223502;99448;Muscari armeniacum;armenisk pärlhyacint;Art;1675;Urban miljö (U) - Stor betydelse;NA;
6321889;99449;Muscari aucheri;persisk pärlhyacint;Art;10;;NA;
219852;99450;Muscari azureum;dvärghyacint;Art;187;Urban miljö (U) - Stor betydelse;NA;
219854;99452;Muscari comosum;fjäderhyacint;Art;4;Urban miljö (U) - Stor betydelse;NA;
235023;99453;Muscari latifolium;bredbladig pärlhyacint;Art;287;Urban miljö (U) - Stor betydelse;NA;
219855;99454;Muscari neglectum;mörk pärlhyacint;Art;98;Urban miljö (U) - Stor betydelse;NA;
219696;99456;Ornithogalum boucheanum;skymningsstjärna;Art;178;Urban miljö (U) - Stor betydelse;NA;
219868;99457;Ornithogalum divergens;spärrmorgonstjärna;Art;291;Urban miljö (U) - Stor betydelse;NA;
264354;99458;Ornithogalum narbonense;fransk stjärnlök;Art;27;Urban miljö (U) - Stor betydelse;NA;
6007346;99460;Ornithogalum oligophyllum;turkisk stjärnlök;Art;3;Urban miljö (U) - Stor betydelse;NA;
219870;99461;Ornithogalum pyramidale;ungersk stjärnlök;Art;16;Urban miljö (U) - Stor betydelse;NA;
219871;99462;Ornithogalum pyrenaicum;spansk stjärnlök;Art;10;Urban miljö (U) - Stor betydelse;NA;
219872;99463;Ornithogalum umbellatum;morgonstjärna;Art;3393;Urban miljö (U) - Stor betydelse, Jordbrukslandskap (J) - Har betydelse;NA;
219886;99465;Othocallis amoena;tuvig blåstjärna;Art;336;Urban miljö (U) - Stor betydelse;NA;
219890;99466;Othocallis mischtschenkoana;persisk blåstjärna;Art;399;Urban miljö (U) - Stor betydelse;NA;
219892;99467;Othocallis siberica;rysk blåstjärna;Art;13470;Urban miljö (U) - Stor betydelse, Jordbrukslandskap (J) - Har betydelse;NA;
222134;99469;Polygonatum hirtum;bredrams;Art;15;Urban miljö (U) - Stor betydelse;NA;
219884;99476;Puschkinia scilloides;porslinshyacint;Art;3770;Urban miljö (U) - Stor betydelse;NA;
6034780;99478;Ruscus aculeatus;stickmyrten;Art;0;;NA;
232962;99480;Sansevieria trifasciata;svärmorstunga;Art;29;Urban miljö (U) - Stor betydelse;NA;
219885;99482;Scilla × allenii;hybridvårstjärna;Art;124;Urban miljö (U) - Stor betydelse;NA;
219887;99483;Scilla bifolia;tidig blåstjärna;Art;1393;Urban miljö (U) - Stor betydelse, Jordbrukslandskap (J) - Har betydelse;NA;
219888;99484;Scilla forbesii;vårstjärna;Art;6579;Urban miljö (U) - Stor betydelse, Jordbrukslandskap (J) - Har betydelse;NA;
219889;99485;Scilla luciliae;stor vårstjärna;Art;4065;Urban miljö (U) - Stor betydelse, Jordbrukslandskap (J) - Har betydelse;NA;
219891;99486;Scilla sardensis;liten vårstjärna;Art;1877;Urban miljö (U) - Stor betydelse, Jordbrukslandskap (J) - Har betydelse;NA;
6008956;99491;Streptopus amplexifolius;skruvrams;Art;33;;NA;
6008967;99495;Triteleia laxa;blå bukettlilja;Art;15;;NA;
219895;99497;Yucca elephantipes;jättepalmlilja;Art;23;Urban miljö (U) - Stor betydelse;NA;
219896;99498;Yucca filamentosa;fiberpalmlilja;Art;154;Urban miljö (U) - Stor betydelse;NA;
260628;99499;Yucca gloriosa;palmlilja;Art;7;Urban miljö (U) - Stor betydelse;NA;
220475;99512;Cocos nucifera;kokospalm;Art;2;Urban miljö (U) - Stor betydelse;NA;
221131;99514;Phoenix dactylifera;dadelpalm;Art;311;Urban miljö (U) - Stor betydelse;NA;
232961;99518;Callisia repens;sköldpaddstuva;Art;4;Urban miljö (U) - Stor betydelse;NA;
222983;99521;Commelina communis;liten himmelsblomma;Art;97;Urban miljö (U) - Stor betydelse;NA;
220978;99522;Commelina subulata;smal himmelsblomma;Art;4;Urban miljö (U) - Stor betydelse;NA;
260355;99523;Commelina tuberosa;himmelsblomma;Art;17;Urban miljö (U) - Stor betydelse;NA;
220981;99527;Tinantia erecta;änketårar;Art;9;Urban miljö (U) - Stor betydelse;NA;
220982;99529;Tradescantia bracteata;klibbhårig båtblomma;Art;7;Urban miljö (U) - Stor betydelse;NA;
220983;99530;Tradescantia fluminensis;skvallerreva;Art;6;Urban miljö (U) - Stor betydelse;NA;
6007347;99531;Tradescantia pallida;purpurblad;Art;14;Urban miljö (U) - Stor betydelse;NA;
266094;99532;Tradescantia spathacea;blomstervagga;Art;9;Urban miljö (U) - Stor betydelse;NA;
220984;99533;Tradescantia virginiana;tremastarblomma;Art;484;Urban miljö (U) - Stor betydelse;NA;
264417;99542;Pontederia cordata;pontederia;Art;36;Sötvatten (L) - Stor betydelse, Urban miljö (U) - Stor betydelse;NA;
222430;99543;Pontederia crassipes;vattenhyacint;Art;7;Sötvatten (L) - Stor betydelse, Urban miljö (U) - Stor betydelse;NA;
220256;99550;Musa acuminata;ädelbanan;Art;11;Urban miljö (U) - Stor betydelse;NA;
223501;99553;Canna × generalis;kanna;Art;207;Urban miljö (U) - Stor betydelse;NA;
6040157;99560;Calathea crocata;inkakrona;Art;1;;NA;
6332767;99562;Ctenanthe compressa;;Art;0;;NA;
264418;99564;Stromanthe thalia;karmintopp;Art;2;Urban miljö (U) - Stor betydelse;NA;
6002747;99570;Zingiber officinale;ingefära;Art;3;Urban miljö (U) - Stor betydelse;NA;
265005;99604;Typha laxmannii;kanelkaveldun;Art;95;Sötvatten (L) - Stor betydelse, Urban miljö (U) - Stor betydelse;NA;
221401;99618;Juncus acutiflorus;spetståg;Art;52;Urban miljö (U) - Stor betydelse;NA;
222533;99649;Juncus ensifolius;svärdtåg;Art;367;Urban miljö (U) - Stor betydelse;NA;
222544;99665;Juncus tenuis;syltåg;Art;8336;Jordbrukslandskap (J) - Stor betydelse, Urban miljö (U) - Stor betydelse;NA;
222572;99695;Luzula luzuloides;vitfryle;Art;2865;Urban miljö (U) - Stor betydelse, Skog (S) - Har betydelse;NA;
222574;99702;Luzula nivea;silverfryle;Art;274;Urban miljö (U) - Stor betydelse;NA;
6034782;99737;Carex arctata;;Art;1;;NA;
6332291;99740;Carex argyrantha;;Art;3;;NA;
6324976;99742;Carex athrostachya;;Art;0;;NA;
259738;99745;Carex bebbii;kanadastarr;Art;127;Urban miljö (U) - Stor betydelse;NA;
222287;99751;Carex bohemica;svepestarr;Art;3;Urban miljö (U) - Stor betydelse;NA;
222288;99752;Carex brevior;kaninstarr;Art;1;Urban miljö (U) - Stor betydelse;NA;
222289;99753;Carex brizoides;darrgrässtarr;Art;2;Urban miljö (U) - Stor betydelse;NA;
267086;99754;Carex bromoides;;Art;1;Urban miljö (U) - Stor betydelse;NA;
6036274;99758;Carex buchananii;kopparstarr;Art;19;;NA;
264335;99775;Carex communis;;Art;1;Urban miljö (U) - Stor betydelse;NA;
259737;99777;Carex crawfordii;crawfordstarr;Art;24;Urban miljö (U) - Stor betydelse;NA;
267087;99780;Carex deweyana;;Art;5;Urban miljö (U) - Stor betydelse;NA;
6333495;99804;Carex foenea;;Art;0;;;
260626;99813;Carex grayi;spikklubbestarr;Art;15;Urban miljö (U) - Stor betydelse;NA;
222323;99822;Carex intumescens;indianstarr;Art;5;Urban miljö (U) - Stor betydelse;NA;
261625;99848;Carex mertensii;;Art;54;Urban miljö (U) - Stor betydelse;NA;
264337;99851;Carex morrowii;japansk starr;Art;91;Urban miljö (U) - Stor betydelse;NA;
260356;99853;Carex muskingumensis;palmstarr;Art;119;Urban miljö (U) - Stor betydelse;NA;
264340;99864;Carex novae-angliae;;Art;1;Urban miljö (U) - Stor betydelse;NA;
222347;99874;Carex pachystachya;siselstarr;Art;93;Urban miljö (U) - Stor betydelse;NA;
267;99887;Carex pendula;hängstarr;Art;296;Skog (S) - Stor betydelse;NA;
6033423;99888;Carex pendula subsp. pendula;västlig hängstarr;Underart;48;;NA;
6031480;99889;Carex pendula subsp. agastachys;östlig hängstarr;Underart;39;;NA;
222359;99893;Carex praticola;slaktoppsstarr;Art;108;Urban miljö (U) - Stor betydelse;NA;
6007354;99924;Carex tenera;;Art;0;Urban miljö (U) - Stor betydelse;NA;
6324985;100108;Cyperus albostriatus;Mose vass;Art;1;;NA;
264378;100109;Cyperus alternifolius;parasollsäv;Art;19;Urban miljö (U) - Stor betydelse;NA;
222407;100110;Cyperus alternifolius subsp. flabelliformis;parasollsäv;Underart;1;Urban miljö (U) - Stor betydelse;NA;
222403;100111;Cyperus congestus;gytterag;Art;3;Urban miljö (U) - Stor betydelse;NA;
222404;100113;Cyperus eragrostis;blekag;Art;217;Urban miljö (U) - Stor betydelse;NA;
222405;100114;Cyperus esculentus;jordmandel;Art;4;Urban miljö (U) - Stor betydelse;NA;
261630;100120;Cyperus longus;dammag;Art;0;Urban miljö (U) - Stor betydelse;NA;
222408;100121;Cyperus reflexus;bollag;Art;2;Urban miljö (U) - Stor betydelse;NA;
6051606;100128;Eleocharis montevidensis;sandsäv;Art;33;;NA;
6012033;100173;Isolepis cernua;ampelsäv;Art;15;;NA;
219912;100204;Achnatherum calamagrostis;silvergräs;Art;81;Urban miljö (U) - Stor betydelse;NA;
221494;100207;Aegilops crassa;;Art;1;Urban miljö (U) - Stor betydelse;NA;
222179;100208;Aegilops cylindrica;bockvete;Art;28;Urban miljö (U) - Stor betydelse;NA;
222180;100209;Aegilops geniculata;kort bockvete;Art;4;Urban miljö (U) - Stor betydelse;NA;
222181;100210;Aegilops neglecta;borstbockvete;Art;0;Urban miljö (U) - Stor betydelse;NA;
222182;100211;Aegilops persica;;Art;0;Urban miljö (U) - Stor betydelse;;
222183;100212;Aegilops speltoides;tandat bockvete;Art;2;Urban miljö (U) - Stor betydelse;NA;
260357;100213;Aegilops tauschii;strävt bockvete;Art;3;Urban miljö (U) - Stor betydelse;NA;
222184;100214;Aegilops triuncialis;treuddigt borstvete;Art;2;Urban miljö (U) - Stor betydelse;NA;
6002749;100215;Aegilops triuncialis var. persica;persiskt bockvete;Varietet;0;Urban miljö (U) - Stor betydelse;NA;
6002750;100216;Aegilops triuncialis var. triuncialis;treuddigt borstvete;Varietet;0;Urban miljö (U) - Stor betydelse;NA;
264385;100218;Aeluropus littoralis;;Art;2;Urban miljö (U) - Stor betydelse;NA;
222186;100220;Agropyron cristatum;kamvete;Art;22;Urban miljö (U) - Stor betydelse;NA;
224515;100221;Agropyron cristatum subsp. cristatum;äkta kamvete;Underart;0;Urban miljö (U) - Stor betydelse;NA;
224516;100222;Agropyron cristatum subsp. pectinatum;glest kamvete;Underart;0;Urban miljö (U) - Stor betydelse;NA;
220620;100225;Agrostis avenacea;plymven;Art;6;Urban miljö (U) - Stor betydelse;NA;
222189;100230;Agrostis castellana;spanskven;Art;0;Urban miljö (U) - Stor betydelse;NA;
222191;100232;Agrostis exarata;dikesven;Art;6;Urban miljö (U) - Stor betydelse;NA;
222193;100239;Agrostis lachnantha;afrikaven;Art;1;Urban miljö (U) - Stor betydelse;NA;
222195;100241;Agrostis nebulosa;slöjven;Art;16;Urban miljö (U) - Stor betydelse;NA;
222196;100242;Agrostis pourretii;blekven;Art;0;Urban miljö (U) - Stor betydelse;NA;
222197;100243;Agrostis scabra;kvarnven;Art;361;Urban miljö (U) - Stor betydelse;NA;
222199;100245;Agrostis tenerrima;spädven;Art;1;Urban miljö (U) - Stor betydelse;NA;
223322;100262;Aira elegantissima;fintåtel;Art;22;Urban miljö (U) - Stor betydelse;NA;
222206;100268;Alopecurus bulbosus;knölkavle;Art;0;Urban miljö (U) - Stor betydelse;NA;
222204;100272;Alopecurus magellanicus;polarkavle;Art;1;Urban miljö (U) - Stor betydelse;NA;
6012035;100287;Andropogon gerardi;kalkongräs;Art;10;;NA;
219625;100292;Anisantha diandra;;Art;7;Urban miljö (U) - Stor betydelse;NA;
222213;100293;Anisantha madritensis;spansklosta;Art;61;Urban miljö (U) - Stor betydelse;NA;
222214;100294;Anisantha rigida;sticklosta;Art;150;Urban miljö (U) - Stor betydelse;NA;
222215;100295;Anisantha rubens;tofslosta;Art;17;Urban miljö (U) - Stor betydelse;NA;
222219;100300;Anthoxanthum aristatum;fransk vårbrodd;Art;56;Urban miljö (U) - Stor betydelse;NA;
222221;100304;Anthoxanthum ovatum;tät vårbrodd;Art;5;Urban miljö (U) - Stor betydelse;NA;
224543;100318;Arrhenatherum elatius subsp. bulbosum;pärlhavre;Underart;15;Urban miljö (U) - Stor betydelse;NA;
222692;100322;Austrostipa aristiglumis;;Art;1;Urban miljö (U) - Stor betydelse;NA;
222693;100323;Austrostipa compressa;;Art;1;Urban miljö (U) - Stor betydelse;NA;
222698;100324;Austrostipa variabilis;;Art;2;Urban miljö (U) - Stor betydelse;NA;
220430;100328;Avena barbata;skägghavre;Art;4;Urban miljö (U) - Stor betydelse;NA;
222228;100329;Avena brevis;småhavre;Art;1;Urban miljö (U) - Stor betydelse;NA;
222229;100330;Avena byzantina;rödhavre;Art;5;Urban miljö (U) - Stor betydelse;NA;
222231;100332;Avena sativa;havre;Art;5770;Jordbrukslandskap (J) - Stor betydelse, Urban miljö (U) - Stor betydelse;NA;
224545;100334;Avena sativa var. sativa;vanlig havre;Varietet;1;Jordbrukslandskap (J) - Stor betydelse, Urban miljö (U) - Stor betydelse;NA;
222232;100335;Avena sterilis;storhavre;Art;39;Urban miljö (U) - Stor betydelse;NA;
224546;100336;Avena sterilis subsp. ludoviciana;;Underart;0;Urban miljö (U) - Stor betydelse;NA;
224547;100337;Avena sterilis subsp. sterilis;;Underart;0;Urban miljö (U) - Stor betydelse;NA;
220679;100346;Beckmannia eruciformis;ryskt radgräs;Art;19;Urban miljö (U) - Stor betydelse;NA;
222235;100347;Beckmannia syzigachne;radgräs;Art;221;Urban miljö (U) - Stor betydelse;NA;
221074;100349;Bothriochloa pertusa;;Art;2;Urban miljö (U) - Stor betydelse;NA;
222595;100351;Brachiaria fasciculata;knipphirs;Art;1;Urban miljö (U) - Stor betydelse;NA;
223333;100354;Brachypodium distachyon;grusskafting;Art;6;Urban miljö (U) - Stor betydelse;NA;
220446;100359;Briza maxima;italienskt darrgräs;Art;73;Urban miljö (U) - Stor betydelse;NA;
222243;100361;Briza minor;dvärgdarrgräs;Art;10;Urban miljö (U) - Stor betydelse;NA;
260358;100364;Bromopsis ciliata;franslosta;Art;35;Urban miljö (U) - Stor betydelse;NA;
222245;100365;Bromopsis condensata;fiberlosta;Art;0;Urban miljö (U) - Stor betydelse;NA;
222246;100366;Bromopsis erecta;raklosta;Art;1995;Jordbrukslandskap (J) - Stor betydelse, Urban miljö (U) - Stor betydelse;NA;
222247;100367;Bromopsis inermis;foderlosta;Art;10763;Jordbrukslandskap (J) - Stor betydelse, Urban miljö (U) - Stor betydelse;NA;
222248;100368;Bromopsis pubescens;bredlosta;Art;2;Urban miljö (U) - Stor betydelse;NA;
222251;100371;Bromus alopecuros;rävlosta;Art;4;Urban miljö (U) - Stor betydelse;NA;
222266;100373;Bromus berteroanus;;Art;12;Urban miljö (U) - Stor betydelse;NA;
222253;100375;Bromus briziformis;darrgräslosta;Art;6;Urban miljö (U) - Stor betydelse;NA;
224550;100380;Bromus hordeaceus subsp. molliformis;båglosta;Underart;0;Urban miljö (U) - Stor betydelse;NA;
222256;100383;Bromus intermedius;nervlosta;Art;2;Urban miljö (U) - Stor betydelse;NA;
222257;100384;Bromus japonicus;kvarnlosta;Art;179;Urban miljö (U) - Stor betydelse;NA;
222258;100385;Bromus lanceolatus;skruvlosta;Art;51;Urban miljö (U) - Stor betydelse;NA;
1726;100386;Bromus lepidus;finlosta;Art;258;Jordbrukslandskap (J) - Stor betydelse, Urban miljö (U) - Har betydelse;NA;
222260;100387;Bromus pectinatus;kamlosta;Art;6;Urban miljö (U) - Stor betydelse;NA;
222261;100388;Bromus pictus;broklosta;Art;1;Urban miljö (U) - Stor betydelse;NA;
222265;100393;Bromus squarrosus;spretlosta;Art;64;Urban miljö (U) - Stor betydelse;NA;
220042;100426;Catapodium rigidum;styvgröe;Art;61;Urban miljö (U) - Stor betydelse;NA;
6051247;100428;Celtica gigantea;jättefjädergräs;Art;31;;NA;
6329032;100430;Cenchrus × cupreus;rött fjäderborstgräs;Art;2;;NA;
221511;100431;Cenchrus echinatus;tagghirs;Art;7;Urban miljö (U) - Stor betydelse;NA;
6051605;100432;Cenchrus geniculatus;afrikanskt borstgräs;Art;1;;NA;
222386;100433;Cenchrus incertus;igelkottshirs;Art;19;Urban miljö (U) - Stor betydelse;NA;
261624;100435;Cenchrus longisetus;dunborstgräs;Art;52;Urban miljö (U) - Stor betydelse;NA;
6034783;100436;Cenchrus macrourus;svansborstgräs;Art;13;;NA;
264403;100437;Cenchrus setaceus;fjäderborstgräs;Art;23;Urban miljö (U) - Stor betydelse;NA;
222603;100438;Cenchrus uliginosus;abessinskt borstgräs;Art;2;Urban miljö (U) - Stor betydelse;NA;
222800;100440;Ceratochloa cathartica;plattlosta;Art;212;Urban miljö (U) - Stor betydelse;NA;
222388;100441;Ceratochloa sitchensis;sloklosta;Art;520;Urban miljö (U) - Stor betydelse;NA;
221083;100445;Chloris divaricata;australiskt kvastgräs;Art;22;Urban miljö (U) - Stor betydelse;NA;
6008871;100446;Chloris pycnothrix;;Art;7;Urban miljö (U) - Stor betydelse;NA;
222390;100447;Chloris radiata;spretkvastgräs;Art;1;Urban miljö (U) - Stor betydelse;NA;
264393;100448;Chloris submutica;;Art;2;Urban miljö (U) - Stor betydelse;NA;
222391;100449;Chloris truncata;kvastgräs;Art;41;Urban miljö (U) - Stor betydelse;NA;
222392;100450;Chloris ventricosa;;Art;6;Urban miljö (U) - Stor betydelse;NA;
222393;100451;Chloris virgata;dunkvastgräs;Art;35;Urban miljö (U) - Stor betydelse;NA;
221415;100464;Crypsis aculeata;kurragömmagräs;Art;1;Urban miljö (U) - Stor betydelse;NA;
222398;100465;Crypsis schoenoides;tittutgräs;Art;2;Urban miljö (U) - Stor betydelse;NA;
221623;100467;Cynodon dactylon;hundtandsgräs;Art;99;Urban miljö (U) - Stor betydelse;NA;
222401;100470;Cynosurus echinatus;taggäxing;Art;71;Urban miljö (U) - Stor betydelse;NA;
222402;100471;Cynosurus elegans;späd taggäxing;Art;0;Urban miljö (U) - Stor betydelse;NA;
224697;100475;Dactylis hispanica;spansk hundäxing;Art;0;Urban miljö (U) - Stor betydelse;NA;
222410;100479;Dactyloctenium aegyptium;knapphirs;Art;29;Urban miljö (U) - Stor betydelse;NA;
223020;100483;Dasypyrum villosum;penselråg;Art;11;Urban miljö (U) - Stor betydelse;NA;
221627;100498;Digitaria abyssinica;abessinsk fingerhirs;Art;5;Urban miljö (U) - Stor betydelse;NA;
222419;100500;Digitaria borbonica;maskarensk fingerhirs;Art;7;Urban miljö (U) - Stor betydelse;NA;
222420;100501;Digitaria ciliaris;franshirs;Art;81;Urban miljö (U) - Stor betydelse;NA;
222422;100503;Digitaria sanguinalis;blodhirs;Art;958;Urban miljö (U) - Stor betydelse;NA;
265131;100504;Digitaria sanguinalis subsp. pectiniformis;kamhirs;Underart;14;;NA;
224704;100505;Digitaria sanguinalis subsp. sanguinalis;äkta blodhirs;Underart;85;Urban miljö (U) - Stor betydelse;NA;
222423;100508;Dinebra retroflexa;julgransgräs;Art;9;Urban miljö (U) - Stor betydelse;NA;
220121;100516;Echinochloa colonum;kycklinghirs;Art;64;Urban miljö (U) - Stor betydelse;NA;
222426;100518;Echinochloa esculenta;japansk hönshirs;Art;334;Urban miljö (U) - Stor betydelse;NA;
222427;100519;Echinochloa frumentacea;blek hönshirs;Art;114;Urban miljö (U) - Stor betydelse;NA;
265136;100520;Echinochloa muricata;amerikansk hönshirs;Art;12;;NA;
219563;100524;Ehrharta longiflora;;Art;3;Urban miljö (U) - Stor betydelse;NA;
264398;100526;Eleusine africana;afrikansk gåshirs;Art;1;Urban miljö (U) - Stor betydelse;NA;
264397;100527;Eleusine coracana;korakan;Art;10;Urban miljö (U) - Stor betydelse;NA;
222437;100529;Eleusine indica;gåshirs;Art;53;Urban miljö (U) - Stor betydelse;NA;
224716;100530;Eleusine indica subsp. indica;gåshirs;Underart;0;;;
222438;100531;Eleusine tristachya;amerikansk gåshirs;Art;2;Urban miljö (U) - Stor betydelse;NA;
222440;100534;Elymus canadensis;kanadaelm;Art;16;Urban miljö (U) - Stor betydelse;NA;
222443;100547;Elymus rectisetus;;Art;1;Urban miljö (U) - Stor betydelse;NA;
265145;100548;Elymus sibiricus;sibirisk elm;Art;9;;NA;
222445;100549;Elymus trachycaulus;indianelm/smalelm;Art;13;Urban miljö (U) - Stor betydelse;NA;
222444;100550;Elymus trachycaulus subsp. subsecundus;indianelm;Underart;0;Urban miljö (U) - Stor betydelse;NA;
224725;100551;Elymus trachycaulus subsp. trachycaulus;smalelm;Underart;0;Urban miljö (U) - Stor betydelse;NA;
222447;100564;Elytrigia intermedia;trubbkvickrot;Art;6;Urban miljö (U) - Stor betydelse;NA;
265148;100569;Elytrigia smithii;;Art;1;;NA;
6321890;100575;Eragrostis albensis;gatkärleksgräs;Art;454;;NA;
221067;100577;Eragrostis brownii;;Art;1;Urban miljö (U) - Stor betydelse;NA;
222450;100578;Eragrostis cilianensis;stort kärleksgräs;Art;25;Urban miljö (U) - Stor betydelse;NA;
222451;100579;Eragrostis ciliaris;;Art;1;Urban miljö (U) - Stor betydelse;NA;
222452;100580;Eragrostis curvula;afrikanskt kärleksgräs;Art;91;Urban miljö (U) - Stor betydelse;NA;
222453;100581;Eragrostis mexicana;mexikanskt kärleksgräs;Art;13;Urban miljö (U) - Stor betydelse;NA;
222454;100582;Eragrostis minor;litet kärleksgräs;Art;817;Urban miljö (U) - Stor betydelse;NA;
222455;100584;Eragrostis obtusa;;Art;0;Urban miljö (U) - Stor betydelse;NA;
222456;100585;Eragrostis parviflora;småblommigt kärleksgräs;Art;4;Urban miljö (U) - Stor betydelse;NA;
222457;100587;Eragrostis pilosa;hårigt kärleksgräs;Art;23;Urban miljö (U) - Stor betydelse;NA;
222458;100588;Eragrostis tef;teff;Art;38;Urban miljö (U) - Stor betydelse;NA;
222459;100589;Eragrostis virescens;argentinskt kärleksgräs;Art;67;Urban miljö (U) - Stor betydelse;NA;
264400;100591;Eremopoa altaica;spetsfjälligt eremitgröe;Art;0;Urban miljö (U) - Stor betydelse;NA;
222832;100592;Eremopoa altaica subsp. oxyglumis;spetsfjälligt eremitgröe;Underart;0;Urban miljö (U) - Stor betydelse;NA;
222461;100595;Eremopyrum orientale;hårigt dvärgvete;Art;1;Urban miljö (U) - Stor betydelse;NA;
222462;100596;Eremopyrum triticeum;dvärgvete;Art;2;Urban miljö (U) - Stor betydelse;NA;
6010531;100599;Eriochloa procera;;Art;8;Urban miljö (U) - Stor betydelse;NA;
220134;100600;Eriochloa pseudoacrotricha;;Art;5;Urban miljö (U) - Stor betydelse;NA;
6007361;100601;Eriochloa punctata;;Art;4;Urban miljö (U) - Stor betydelse;NA;
232963;100602;Eriochloa villosa;;Art;9;Urban miljö (U) - Stor betydelse;NA;
220784;100604;Fargesia murielae;bergbambu;Art;224;Urban miljö (U) - Stor betydelse;NA;
6332712;100605;Fargesia nitida;glansbambu;Art;11;;NA;
6331421;100606;Fargesia scabrida;sträv glansbambu;Art;20;;NA;
235134;100607;Fargesia spathacea;bergbambu;Art;41;Urban miljö (U) - Stor betydelse;NA;
222483;100609;Festuca abyssinica;styvsvingel;Art;2;Urban miljö (U) - Stor betydelse;NA;
222475;100613;Festuca brevipila;hårdsvingel;Art;6118;Urban miljö (U) - Stor betydelse, Jordbrukslandskap (J) - Har betydelse;NA;
644;100615;Festuca filiformis;finsvingel;Art;412;Urban miljö (U) - Stor betydelse, Jordbrukslandskap (J) - Har betydelse, Skog (S) - Har betydelse;NA;
265158;100616;Festuca gautieri;björnsvingel;Art;3;Urban miljö (U) - Stor betydelse;NA;
6332765;100618;Festuca glauca;blåsvingel;Art;5;;NA;
645;100619;Festuca heterophylla;skuggsvingel;Art;398;Urban miljö (U) - Stor betydelse, Jordbrukslandskap (J) - Har betydelse, Skog (S) - Har betydelse;NA;
224752;100629;Festuca rubra subsp. megastachys;jätterödsvingel;Underart;68;Urban miljö (U) - Stor betydelse;NA;
221440;100643;Gastridium ventricosum;gnetgräs;Art;4;Urban miljö (U) - Stor betydelse;NA;
222486;100645;Gaudinia fragilis;axhavre;Art;2;Urban miljö (U) - Stor betydelse;NA;
222489;100650;Glyceria grandis;kvarngröe;Art;272;Urban miljö (U) - Stor betydelse;NA;
222493;100655;Glyceria striata;strimgröe;Art;224;Jordbrukslandskap (J) - Stor betydelse, Urban miljö (U) - Stor betydelse;NA;
220796;100659;Hainardia cylindrica;hainardia;Art;1;Urban miljö (U) - Stor betydelse;NA;
220182;100663;Henrardia persica;råttsvansvete;Art;0;Urban miljö (U) - Stor betydelse;NA;
222504;100685;Hordeum bulbosum;knylkorn;Art;8;Urban miljö (U) - Stor betydelse;NA;
222505;100686;Hordeum comosum;;Art;59;Urban miljö (U) - Stor betydelse;NA;
222506;100687;Hordeum cordobense;cordobakorn;Art;9;Urban miljö (U) - Stor betydelse;NA;
222507;100688;Hordeum euclaston;pampaskorn;Art;23;Urban miljö (U) - Stor betydelse;NA;
222508;100689;Hordeum geniculatum;ullkorn;Art;14;Urban miljö (U) - Stor betydelse;NA;
222509;100690;Hordeum jubatum;ekorrkorn;Art;2951;Urban miljö (U) - Stor betydelse;NA;
222510;100691;Hordeum marinum;strandkorn;Art;41;Urban miljö (U) - Stor betydelse;NA;
224765;100693;Hordeum murinum subsp. glaucum;spädkorn;Underart;0;Urban miljö (U) - Stor betydelse;NA;
224766;100694;Hordeum murinum subsp. leporinum;harkorn;Underart;25;Urban miljö (U) - Stor betydelse;NA;
222512;100696;Hordeum muticum;trubbkorn;Art;9;Urban miljö (U) - Stor betydelse;NA;
222513;100697;Hordeum pubiflorum;eldslandskorn;Art;38;Urban miljö (U) - Stor betydelse;NA;
222514;100698;Hordeum pusillum;dvärgkorn;Art;14;Urban miljö (U) - Stor betydelse;NA;
222516;100700;Hordeum violaceum;violkorn;Art;0;Urban miljö (U) - Stor betydelse;NA;
222517;100701;Hordeum vulgare;korn;Art;4208;Jordbrukslandskap (J) - Stor betydelse, Urban miljö (U) - Stor betydelse;NA;
224768;100702;Hordeum vulgare var. distichon;tvåradigt korn;Varietet;2377;;NA;
224769;100703;Hordeum vulgare var. vulgare;sexradigt korn;Varietet;603;;NA;
903;100712;Koeleria macrantha;fin tofsäxing;Art;99;Urban miljö (U) - Stor betydelse, Jordbrukslandskap (J) - Har betydelse;NA;
905;100713;Koeleria pyramidata;grön tofsäxing;Art;153;Urban miljö (U) - Stor betydelse, Jordbrukslandskap (J) - Har betydelse;NA;
221010;100715;Lagurus ovatus;harsvans;Art;154;Urban miljö (U) - Stor betydelse;NA;
221670;100717;Lamarckia aurea;guldäxing;Art;23;Urban miljö (U) - Stor betydelse;NA;
264401;100721;Leptochloa fusca;skäggspretgräs;Art;10;Urban miljö (U) - Stor betydelse;NA;
222557;100722;Leptochloa fusca subsp. uninervia;skäggspretgräs;Underart;3;Urban miljö (U) - Stor betydelse;NA;
222556;100723;Leptochloa panicea;nålspretgräs;Art;1;Urban miljö (U) - Stor betydelse;NA;
220233;100724;Leptochloa virgata;;Art;2;Urban miljö (U) - Stor betydelse;NA;
222559;100727;Leymus innovatus;kanadaråg;Art;36;Urban miljö (U) - Stor betydelse;NA;
221107;100730;Lolium multiflorum;italienskt rajgräs;Art;3082;Jordbrukslandskap (J) - Stor betydelse, Urban miljö (U) - Stor betydelse;NA;
222562;100732;Lolium persicum;perserrepe;Art;4;Urban miljö (U) - Stor betydelse;NA;
222564;100734;Lolium rigidum;styvrepe;Art;85;Urban miljö (U) - Stor betydelse;NA;
224795;100735;Lolium rigidum subsp. lepturoides;smalrepe;Underart;2;Urban miljö (U) - Stor betydelse;NA;
224796;100736;Lolium rigidum subsp. rigidum;äkta styvrepe;Underart;4;Urban miljö (U) - Stor betydelse;NA;
222565;100737;Lolium siculum;;Art;0;Urban miljö (U) - Stor betydelse;;
221707;100743;Melica altissima;jätteslok;Art;166;Urban miljö (U) - Stor betydelse;NA;
222585;100747;Melica transsilvanica;stäppslok;Art;63;Urban miljö (U) - Stor betydelse;NA;
219689;100750;Mibora minima;pysslinggräs;Art;1;Urban miljö (U) - Stor betydelse;NA;
6008905;100757;Miscanthus × ogiformis;elefantmiskantus;Art;48;;NA;
220822;100758;Miscanthus sinensis;glansmiskantus;Art;233;Urban miljö (U) - Stor betydelse;NA;
6007362;100759;Miscanthus sacchariflorus;silvermiskantus;Art;6;Urban miljö (U) - Stor betydelse;NA;
259690;100762;Molinia caerulea subsp. arundinacea;jättetåtel;Underart;76;Urban miljö (U) - Stor betydelse;NA;
265174;100765;Muhlenbergia mexicana;mexikanskt muhlygräs;Art;41;;NA;
222694;100769;Nassella hyalina;argentinskt fjädergräs;Art;0;Urban miljö (U) - Stor betydelse;NA;
259657;100770;Nassella tenuissima;svansfjädergräs;Art;106;Urban miljö (U) - Stor betydelse;NA;
221120;100772;Oryza sativa;ris;Art;2;Urban miljö (U) - Stor betydelse;NA;
223353;100774;Panicum capillare;buketthirs;Art;1368;Urban miljö (U) - Stor betydelse;NA;
222594;100775;Panicum dichotomiflorum;hösthirs;Art;2;Urban miljö (U) - Stor betydelse;NA;
222596;100776;Panicum miliaceum;hirs;Art;2849;Urban miljö (U) - Stor betydelse;NA;
6008909;100777;Panicum miliaceum subsp. miliaceum;;Underart;0;Urban miljö (U) - Stor betydelse;NA;
222597;100779;Panicum schinzii;transvalhirs;Art;8;Urban miljö (U) - Stor betydelse;NA;
265175;100780;Panicum virgatum;jungfruhirs;Art;59;;NA;
222880;100782;Pappophorum nigricans;;Art;0;Urban miljö (U) - Stor betydelse;NA;
222599;100786;Parapholis incurva;;Art;0;Urban miljö (U) - Stor betydelse;NA;
221560;100791;Paspalum distichum;tvillinghirs;Art;10;Urban miljö (U) - Stor betydelse;NA;
221127;100793;Phalaris angusta;smalflen;Art;25;Urban miljö (U) - Stor betydelse;NA;
222605;100794;Phalaris aquatica;knölflen;Art;0;Urban miljö (U) - Stor betydelse;NA;
224807;100797;Phalaris arundinacea 'Picta';randgräs;Sort;1685;;NA;
222607;100798;Phalaris brachystachys;klotflen;Art;2;Urban miljö (U) - Stor betydelse;NA;
222608;100799;Phalaris canariensis;kanariegräs;Art;2019;Urban miljö (U) - Stor betydelse;NA;
222609;100801;Phalaris coerulescens;blåflen;Art;19;Urban miljö (U) - Stor betydelse;NA;
222610;100802;Phalaris minor;småflen;Art;57;Urban miljö (U) - Stor betydelse;NA;
222611;100803;Phalaris paradoxa;klubbflen;Art;81;Urban miljö (U) - Stor betydelse;NA;
222616;100812;Phleum exaratum;grektimotej;Art;5;Urban miljö (U) - Stor betydelse;NA;
222619;100818;Phleum subulatum;smaltimotej;Art;14;Urban miljö (U) - Stor betydelse;NA;
6051241;100823;Phyllostachys aureosulcata;sicksackbambu;Art;37;;NA;
6331720;100824;Phyllostachys nigra;svartbambu;Art;22;;NA;
6325010;100825;Phyllostachys reticulata;timmerbambu;Art;58;;NA;
222164;100827;Piptatherum miliaceum;risven;Art;7;Urban miljö (U) - Stor betydelse;NA;
6008917;100829;Pleioblastus pygmaeus;pyttegrenbambu;Art;1;;NA;
264404;100830;Pleioblastus variegatus;vitstrimmig grenbambu;Art;5;Urban miljö (U) - Stor betydelse;NA;
6319399;100831;Pleioblastus viridistriatus;gulstrimmig grenbambu;Art;19;;NA;
222627;100848;Poa chaixii;parkgröe;Art;2406;Urban miljö (U) - Stor betydelse, Skog (S) - Har betydelse;NA;
222630;100859;Poa lanigera;;Art;2;Urban miljö (U) - Stor betydelse;NA;
224830;100875;Poa trivialis subsp. sylvicola;pärlgröe;Underart;0;Urban miljö (U) - Stor betydelse;NA;
222757;100889;Polypogon australis;;Art;1;Urban miljö (U) - Stor betydelse;NA;
222639;100890;Polypogon elongatus;;Art;1;Urban miljö (U) - Stor betydelse;NA;
222640;100891;Polypogon maritimus;litet skäggräs;Art;4;Urban miljö (U) - Stor betydelse;NA;
222641;100892;Polypogon monspeliensis;skäggräs;Art;262;Urban miljö (U) - Stor betydelse;NA;
222642;100893;Polypogon viridis;tofsven;Art;25;Urban miljö (U) - Stor betydelse;NA;
264409;100895;Pseudosasa japonica;japansk bambu;Art;86;Urban miljö (U) - Stor betydelse;NA;
220284;100897;Puccinellia angusta;;Art;4;Urban miljö (U) - Stor betydelse;NA;
264410;100901;Puccinellia blomii;;Art;23;Urban miljö (U) - Stor betydelse;NA;
222646;100905;Puccinellia fasciculata;knippsaltgräs;Art;6;Urban miljö (U) - Stor betydelse;NA;
222647;100906;Puccinellia festuciformis;strävt/grovt saltgräs;Art;7;Urban miljö (U) - Stor betydelse;NA;
224835;100907;Puccinellia festuciformis subsp. festuciformis;strävt saltgräs;Underart;0;Urban miljö (U) - Stor betydelse;NA;
224836;100908;Puccinellia festuciformis subsp. intermedia;grovt saltgräs;Underart;0;Urban miljö (U) - Stor betydelse;NA;
222649;100910;Puccinellia glaucescens;;Art;3;Urban miljö (U) - Stor betydelse;NA;
222650;100917;Puccinellia rupestris;hamnsaltgräs;Art;11;Urban miljö (U) - Stor betydelse;NA;
222651;100918;Puccinellia stricta;;Art;7;Urban miljö (U) - Stor betydelse;NA;
222655;100930;Rostraria cristata;borstäxing;Art;7;Urban miljö (U) - Stor betydelse;NA;
222656;100933;Rytidosperma racemosum;vallabygräs;Art;7;Urban miljö (U) - Stor betydelse;NA;
222657;100934;Rytidosperma semiannulare;;Art;2;Urban miljö (U) - Stor betydelse;NA;
265206;100936;Sasa palmata;palmbladsbambu;Art;92;;NA;
6046629;100937;Sasa tsuboiana;ibukibambu;Art;59;;NA;
6008944;100939;Sasaella ramosa;revbambu;Art;20;;NA;
224741;100943;Schedonorus arundinaceus subsp. uechtritzianus;vallsvingel;Underart;83;Urban miljö (U) - Stor betydelse;NA;
222658;100954;Schismus barbatus;fransgräs;Art;4;Urban miljö (U) - Stor betydelse;NA;
222667;100956;Sclerochloa dura;hårdgröe;Art;0;Urban miljö (U) - Stor betydelse;NA;
222669;100960;Secale cereale;råg;Art;1850;Jordbrukslandskap (J) - Stor betydelse, Urban miljö (U) - Stor betydelse;NA;
6008948;100964;Sesleria heufleriana;vårälväxing;Art;25;;NA;
222671;100967;Setaria adhaerens;arabisk kavelhirs;Art;38;Urban miljö (U) - Stor betydelse;NA;
222672;100968;Setaria faberi;kinesisk kavelhirs;Art;34;Urban miljö (U) - Stor betydelse;NA;
222673;100969;Setaria italica;kolvhirs;Art;1379;Urban miljö (U) - Stor betydelse;NA;
222674;100970;Setaria parviflora;smal kavelhirs;Art;15;Urban miljö (U) - Stor betydelse;NA;
222675;100971;Setaria pumila;grå kavelhirs;Art;1297;Urban miljö (U) - Stor betydelse;NA;
222676;100972;Setaria verticillata;kortborstig/sträv kavelhirs;Art;255;Urban miljö (U) - Stor betydelse;NA;
224838;100973;Setaria verticillata var. ambigua;kortborstig kavelhirs;Varietet;7;Urban miljö (U) - Stor betydelse;NA;
224839;100974;Setaria verticillata var. verticillata;sträv kavelhirs;Varietet;129;Urban miljö (U) - Stor betydelse;NA;
224840;100976;Setaria viridis var. major;stor kavelhirs;Varietet;335;Urban miljö (U) - Stor betydelse;NA;
6053134;100978;Setaria viridis var. weinmannii;;Varietet;3;;NA;
222678;100980;Snowdenia polystachya;vimpelgräs;Art;3;Urban miljö (U) - Stor betydelse;NA;
222679;100982;Sorghum bicolor;durra;Art;358;Urban miljö (U) - Stor betydelse;NA;
222680;100983;Sorghum halepense;ogräsdurra;Art;676;Urban miljö (U) - Stor betydelse;NA;
265211;100989;Spartina pectinata;präriemarskgräs;Art;83;Urban miljö (U) - Stor betydelse;NA;
222690;100992;Sporobolus caroli;;Art;2;Urban miljö (U) - Stor betydelse;NA;
222689;100993;Sporobolus indicus;indiskt droppgräs;Art;3;Urban miljö (U) - Stor betydelse;NA;
222691;100994;Sporobolus strictus;smalt droppgräs;Art;0;Urban miljö (U) - Stor betydelse;NA;
222695;100998;Stipa capillata;finbladigt fjädergräs;Art;4;Urban miljö (U) - Stor betydelse;NA;
222699;101003;Taeniatherum caput-medusae;medusagräs;Art;0;Urban miljö (U) - Stor betydelse;NA;
222700;101005;Tragus berteronianus;litet piprensargräs;Art;1;Urban miljö (U) - Stor betydelse;NA;
222701;101006;Tragus racemosus;piprensargräs;Art;17;Urban miljö (U) - Stor betydelse;NA;
222704;101008;Triraphis mollis;;Art;1;Urban miljö (U) - Stor betydelse;NA;
222705;101011;Trisetum flavescens;gullhavre;Art;1756;Urban miljö (U) - Stor betydelse, Jordbrukslandskap (J) - Har betydelse;NA;
222706;101013;Trisetum paniceum;tofshavre;Art;0;Urban miljö (U) - Stor betydelse;NA;
222707;101014;Trisetum parviflorum;spädhavre;Art;0;Urban miljö (U) - Stor betydelse;NA;
6007363;101021;× Triticosecale rimpaui;rågvete;Art;115;Jordbrukslandskap (J) - Stor betydelse, Urban miljö (U) - Stor betydelse;NA;
222177;101022;×Triticosecale rimpauii;rågvete;Art;0;Urban miljö (U) - Stor betydelse;;
222710;101024;Triticum aestivum;vete;Art;4747;Jordbrukslandskap (J) - Stor betydelse, Urban miljö (U) - Stor betydelse;NA;
222711;101026;Triticum durum;hårdvete;Art;5;Urban miljö (U) - Stor betydelse;NA;
264415;101027;Triticum monococcum;enkornsvete;Art;3;Jordbrukslandskap (J) - Stor betydelse, Urban miljö (U) - Stor betydelse;NA;
222712;101028;Triticum spelta;speltvete;Art;12;Urban miljö (U) - Stor betydelse;NA;
222713;101029;Triticum turgidum;emmervete;Art;8;Urban miljö (U) - Stor betydelse;NA;
222716;101031;Urochloa panicoides;leverhirs;Art;11;Urban miljö (U) - Stor betydelse;NA;
222718;101038;Vulpia australis;;Art;0;Urban miljö (U) - Stor betydelse;NA;
222720;101040;Vulpia ciliata;fransig ekorrsvingel;Art;6;Urban miljö (U) - Stor betydelse;NA;
222722;101042;Vulpia geniculata;stor rävsvingel;Art;10;Urban miljö (U) - Stor betydelse;NA;
222723;101043;Vulpia ligustica;italiensk rävsvingel;Art;0;Urban miljö (U) - Stor betydelse;NA;
222724;101045;Vulpia myuros;råttsvingel;Art;1687;Urban miljö (U) - Stor betydelse, Jordbrukslandskap (J) - Har betydelse;NA;
222725;101046;Vulpia octoflora;amerikansk ekorrsvingel;Art;1;Urban miljö (U) - Stor betydelse;NA;
224861;101047;Vulpia octoflora var. hirtella;;Varietet;0;Urban miljö (U) - Stor betydelse;NA;
224862;101048;Vulpia octoflora var. octoflora;;Varietet;0;Urban miljö (U) - Stor betydelse;NA;
264416;101050;Yushania anceps;himalayabambu;Art;46;Urban miljö (U) - Stor betydelse;NA;
222726;101052;Zea mays;majs;Art;839;Urban miljö (U) - Stor betydelse;NA;
6052279;101065;Lolium multiflorum × Schedonorus arundinaceus;stor rajsvingel;Hybrid;9;;NA;
222727;101082;Adlumia fungosa;adlumia;Art;26;Urban miljö (U) - Stor betydelse;NA;
220648;101084;Argemone mexicana;gul taggvallmo;Art;67;Urban miljö (U) - Stor betydelse;NA;
222980;101086;Capnoides sempervirens;sommarnunneört;Art;23;Urban miljö (U) - Stor betydelse;NA;
220703;101088;Ceratocapnos claviculata;klängnunneört;Art;346;Urban miljö (U) - Stor betydelse;NA;
220756;101092;Corydalis angustifolia;smal nunneört;Art;43;Urban miljö (U) - Stor betydelse;NA;
222813;101094;Corydalis bracteata;kanariegul nunneört;Art;10;Urban miljö (U) - Stor betydelse;NA;
222814;101095;Corydalis capnoides;rank nunneört;Art;29;Urban miljö (U) - Stor betydelse;NA;
259670;101099;Corydalis linstowiana;linstownunneört;Art;10;Urban miljö (U) - Stor betydelse;NA;
222818;101100;Corydalis nobilis;sibirisk nunneört;Art;1923;Urban miljö (U) - Stor betydelse;NA;
222819;101101;Corydalis ochotensis;gullnunneört;Art;15;Urban miljö (U) - Stor betydelse;NA;
265222;101102;Corydalis ophiocarpa;elfenbensnunneört;Art;9;;NA;
222822;101107;Corydalis vaginans;;Art;1;Urban miljö (U) - Stor betydelse;NA;
221624;101115;Dicentra eximia;furirhjärta;Art;51;Urban miljö (U) - Stor betydelse;NA;
222828;101116;Dicentra formosa;fänrikshjärta;Art;891;Urban miljö (U) - Stor betydelse;NA;
266098;101118;Dicranostigma leptopodum;klasevallmo;Art;6;Urban miljö (U) - Stor betydelse;NA;
221912;101120;Eschscholzia californica;sömntuta;Art;983;Urban miljö (U) - Stor betydelse;NA;
6002777;101122;Eschscholzia lobbii;dvärgsömntuta;Art;10;Urban miljö (U) - Stor betydelse;NA;
222021;101124;Fumaria barnolae;rynkjordrök;Art;2;Urban miljö (U) - Stor betydelse;NA;
222834;101125;Fumaria bastardii;stor jordrök;Art;1;Urban miljö (U) - Stor betydelse;NA;
222835;101126;Fumaria capreolata;vit jordrök;Art;135;Urban miljö (U) - Stor betydelse;NA;
222836;101127;Fumaria densiflora;tätblommig jordrök;Art;25;Urban miljö (U) - Stor betydelse;NA;
6333385;101128;Fumaria judaica;;Art;0;;;
264429;101129;Fumaria kralikii;turkisk jordrök;Art;7;Urban miljö (U) - Stor betydelse;NA;
222837;101130;Fumaria muralis;kustjordrök;Art;79;Urban miljö (U) - Stor betydelse;NA;
224899;101131;Fumaria muralis subsp. boraei;vanlig kustjordrök;Underart;11;Urban miljö (U) - Stor betydelse;NA;
264430;101132;Fumaria muralis subsp. muralis;murjordrök;Underart;3;Urban miljö (U) - Stor betydelse;NA;
222839;101134;Fumaria parviflora;småblommig jordrök;Art;12;Urban miljö (U) - Stor betydelse;NA;
221657;101137;Glaucium corniculatum;röd hornvallmo;Art;70;Urban miljö (U) - Stor betydelse;NA;
222843;101139;Glaucium grandiflorum;stor hornvallmo;Art;2;Urban miljö (U) - Stor betydelse;NA;
6051259;101141;Hylomecon japonica;skogsvallmo;Art;3;;NA;
223440;101143;Hypecoum leptocarpum;kinesisk fjärilsrök;Art;1;Urban miljö (U) - Stor betydelse;NA;
222851;101144;Hypecoum pendulum;blek fjärilsrök;Art;0;Urban miljö (U) - Stor betydelse;NA;
222852;101146;Hypecoum pseudograndiflorum;turkisk fjärilsrök;Art;6;Urban miljö (U) - Stor betydelse;NA;
221678;101148;Lamprocapnos spectabilis;löjtnantshjärta;Art;611;Urban miljö (U) - Stor betydelse;NA;
222089;101150;Macleaya cordata;vippvallmo;Art;18;Urban miljö (U) - Stor betydelse;NA;
222855;101151;Macleaya × kewensis;hybridvippvallmo;Art;139;Urban miljö (U) - Stor betydelse;NA;
264427;101152;Macleaya microcarpa;kinesisk vippvallmo;Art;40;Urban miljö (U) - Stor betydelse;NA;
222598;101154;Papaver apulum;italiensk vallmo;Art;2;Urban miljö (U) - Stor betydelse;NA;
222864;101156;Papaver atlanticum;atlasvallmo;Art;277;Urban miljö (U) - Stor betydelse;NA;
222865;101157;Papaver bivalve;purpurvallmo;Art;6;Urban miljö (U) - Stor betydelse;NA;
224902;101158;Papaver bivalve subsp. hybridum;purpurvallmo;Underart;1;Urban miljö (U) - Stor betydelse;NA;
222866;101159;Papaver bracteatum;mörk jättevallmo;Art;51;Urban miljö (U) - Stor betydelse;NA;
220251;101160;Papaver cambricum;engelsk vallmo;Art;945;Urban miljö (U) - Stor betydelse;NA;
222867;101161;Papaver commutatum;fläckvallmo;Art;5;Urban miljö (U) - Stor betydelse;NA;
222868;101163;Papaver croceum;sibirisk vallmo;Art;1183;Urban miljö (U) - Stor betydelse;NA;
222870;101170;Papaver glaucum;tulpanvallmo;Art;6;Urban miljö (U) - Stor betydelse;NA;
222871;101171;Papaver hybridum;mönjevallmo;Art;1;Urban miljö (U) - Stor betydelse;NA;
222876;101173;Papaver lasiothrix;jättevallmo;Art;1426;Urban miljö (U) - Stor betydelse;NA;
6326747;101174;Papaver lasiothrix agg.;jättevallmo (aggregat);Artkomplex;1971;;NA;
222873;101175;Papaver macrostomum;kvarnvallmo;Art;0;Urban miljö (U) - Stor betydelse;NA;
222874;101176;Papaver orientale;orientvallmo;Art;492;Urban miljö (U) - Stor betydelse;NA;
222875;101177;Papaver persicum;persisk vallmo;Art;0;Urban miljö (U) - Stor betydelse;NA;
222879;101184;Papaver somniferum;opievallmo;Art;3765;Urban miljö (U) - Stor betydelse;NA;
223089;101187;Pseudofumaria alba;blekgul nunneört;Art;131;Urban miljö (U) - Stor betydelse;NA;
222882;101188;Pseudofumaria lutea;gul nunneört;Art;2698;Urban miljö (U) - Stor betydelse;NA;
221599;101192;Akebia quinata;fembladig akebia;Art;42;Urban miljö (U) - Stor betydelse;NA;
260361;101199;Berberis aggregata;pärlberberis;Art;21;Urban miljö (U) - Stor betydelse;NA;
219992;101200;Berberis candidula;silverberberis;Art;74;Urban miljö (U) - Stor betydelse;NA;
261622;101203;Berberis julianae;långbladig berberis;Art;106;Urban miljö (U) - Stor betydelse;NA;
264431;101204;Berberis koreana;koreansk berberis;Art;16;Urban miljö (U) - Stor betydelse;NA;
222793;101205;Berberis × ottawensis;holländsk blodberberis;Art;127;Urban miljö (U) - Stor betydelse;NA;
6034784;101206;Berberis regeliana;manchurisk berberis;Art;34;;NA;
222794;101208;Berberis thunbergii;häckberberis;Art;4810;Urban miljö (U) - Stor betydelse;NA;
222080;101211;Epimedium alpinum;alpsockblomma;Art;236;Urban miljö (U) - Stor betydelse, Skog (S) - Har betydelse;NA;
265230;101212;Epimedium pinnatum;guldgul sockblomma;Art;19;;NA;
265231;101213;Epimedium pinnatum subsp. colchicum;guldgul sockblomma;Underart;0;;NA;
222830;101214;Epimedium × rubrum;röd sockblomma;Art;91;Urban miljö (U) - Stor betydelse;NA;
6319426;101215;Epimedium × versicolor;blekgul sockblomma;Art;31;;NA;
220248;101217;Mahonia aquifolium;mahonia;Art;4854;Urban miljö (U) - Stor betydelse, Jordbrukslandskap (J) - Har betydelse, Skog (S) - Har betydelse;NA;
6007628;101218;Mahonia bealei;kinesisk mahonia;Art;25;Urban miljö (U) - Stor betydelse;NA;
6330783;101220;Mahonia × media;vintermahonia;Art;0;;NA;
222638;101222;Podophyllum hexandrum;indiskt fotblad;Art;79;Urban miljö (U) - Stor betydelse;NA;
6332746;101227;Aconitum carmichaelii;oktoberstormhatt;Art;11;;NA;
224883;101230;Aconitum lycoctonum subsp. lycoctonum;alpstormhatt;Underart;15;Urban miljö (U) - Stor betydelse;NA;
224884;101231;Aconitum lycoctonum subsp. neapolitanum;sydstormhatt;Underart;7;Urban miljö (U) - Stor betydelse;NA;
222802;101239;Actaea cordifolia;spjutsilverax;Art;6;Urban miljö (U) - Stor betydelse;NA;
219658;101242;Actaea racemosa;läkesilverax;Art;86;Urban miljö (U) - Stor betydelse;NA;
222770;101243;Actaea rubra;amerikansk trolldruva;Art;88;Urban miljö (U) - Stor betydelse;NA;
222773;101247;Adonis aestivalis;sommaradonis;Art;6;Urban miljö (U) - Stor betydelse;NA;
222774;101248;Adonis annua;höstadonis;Art;114;Urban miljö (U) - Stor betydelse;NA;
222781;101253;Anemonastrum narcissiflorum;narcissanemon;Art;13;Urban miljö (U) - Stor betydelse;NA;
219931;101255;Anemone apennina;knölsippa;Art;94;Urban miljö (U) - Stor betydelse;NA;
6008855;101256;Anemone apennina var. apennina;;Varietet;0;Urban miljö (U) - Stor betydelse;NA;
222779;101258;Anemone blanda;balkansippa;Art;1141;Urban miljö (U) - Stor betydelse;NA;
222778;101260;Anemone × hybrida;stor höstanemon;Art;2;Urban miljö (U) - Stor betydelse;NA;
222780;101261;Anemone hupehensis;höstanemon;Art;663;Urban miljö (U) - Stor betydelse;NA;
264432;101262;Anemone multifida;flikanemon;Art;16;Urban miljö (U) - Stor betydelse;NA;
222785;101267;Anemone tomentosa;silvrig höstanemon;Art;322;Urban miljö (U) - Stor betydelse;NA;
264433;101268;Anemone trifolia;trillingsippa;Art;3;Urban miljö (U) - Stor betydelse;NA;
222787;101274;Anemonidium canadense;ängsanemon;Art;49;Urban miljö (U) - Stor betydelse;NA;
219946;101276;Aquilegia chrysantha;guldakleja;Art;21;Urban miljö (U) - Stor betydelse;NA;
222789;101277;Aquilegia × cultorum;pastellakleja;Art;28;Urban miljö (U) - Stor betydelse;NA;
6333384;101278;Aquilegia flabellata;japansk akleja;Art;0;;;
222799;101286;Ceratocephala testiculata;hornsmörblomma;Art;4;Urban miljö (U) - Stor betydelse;NA;
222804;101289;Clematis alpina;alpklematis;Art;223;Urban miljö (U) - Stor betydelse;NA;
224891;101290;Clematis alpina subsp. alpina;äkta alpklematis;Underart;4;Urban miljö (U) - Stor betydelse;NA;
6007364;101292;Clematis × diversifolia;parmaklematis;Art;46;Urban miljö (U) - Stor betydelse;NA;
6332721;101293;Clematis × durandii;violklematis;Art;24;;NA;
220754;101294;Clematis integrifolia;helbladig klematis;Art;35;Urban miljö (U) - Stor betydelse;NA;
264434;101295;Clematis × jackmanii;jackmanklematis;Art;53;Urban miljö (U) - Stor betydelse;NA;
6331562;101296;Clematis macropetala;kronklematis;Art;19;;NA;
6332284;101297;Clematis montana;bergklematis;Art;23;;NA;
265237;101298;Clematis orientalis;orientklematis;Art;2;Urban miljö (U) - Stor betydelse;NA;
259726;101299;Clematis potaninii;stjärnklematis;Art;20;Urban miljö (U) - Stor betydelse;NA;
222805;101300;Clematis recta;styvklematis;Art;122;Urban miljö (U) - Stor betydelse;NA;
6332880;101301;Clematis stans;blek trumpetklematis;Art;7;;NA;
222806;101302;Clematis tangutica;gullklematis;Art;278;Urban miljö (U) - Stor betydelse;NA;
6332283;101304;Clematis texensis;lyktklematis;Art;14;;NA;
222807;101305;Clematis vitalba;skogsklematis;Art;1688;Urban miljö (U) - Stor betydelse;NA;
222808;101306;Clematis viticella;italiensk klematis;Art;468;Urban miljö (U) - Stor betydelse;NA;
264435;101307;Clematis potaninii × vitalba;stjärnklematis × skogsklematis;Hybrid;15;Urban miljö (U) - Stor betydelse;NA;
220479;101309;Consolida ajacis;romersk riddarsporre;Art;348;Urban miljö (U) - Stor betydelse;NA;
222810;101310;Consolida orientalis;sommarriddarsporre;Art;89;Urban miljö (U) - Stor betydelse;NA;
222824;101319;Delphinium × belladonna;praktriddarsporre;Art;36;Urban miljö (U) - Stor betydelse;NA;
220113;101320;Delphinium elatum;stor riddarsporre;Art;791;Urban miljö (U) - Stor betydelse;NA;
222825;101321;Delphinium grandiflorum;kinesisk riddarsporre;Art;11;Urban miljö (U) - Stor betydelse;NA;
222826;101322;Delphinium verdunense;fransk riddarsporre;Art;2;Urban miljö (U) - Stor betydelse;NA;
222460;101324;Eranthis cilicica;turkisk vintergäck;Art;219;Urban miljö (U) - Stor betydelse;NA;
222831;101325;Eranthis hyemalis;vintergäck;Art;6011;Urban miljö (U) - Stor betydelse;NA;
1362;101331;Halerpestes cymbalaria;bohusranunkel;Art;157;Jordbrukslandskap (J) - Stor betydelse, Våtmark (V) - Stor betydelse, Havsstrand (H) - Har betydelse;NA;
221534;101333;Helleborus foetidus;klockjulros;Art;636;Urban miljö (U) - Stor betydelse, Skog (S) - Har betydelse;NA;
222845;101334;Helleborus niger;julros;Art;296;Urban miljö (U) - Stor betydelse;NA;
222846;101335;Helleborus orientalis;orientalisk julros;Art;584;Urban miljö (U) - Stor betydelse;NA;
224900;101336;Helleborus orientalis subsp. abchasicus;röd julros;Underart;187;Urban miljö (U) - Stor betydelse;NA;
224901;101337;Helleborus orientalis subsp. guttatus;prickjulros;Underart;44;Urban miljö (U) - Stor betydelse;NA;
265241;101338;Helleborus orientalis subsp. orientalis;storblommig julros;Underart;17;;NA;
222847;101339;Helleborus viridis;grön julros;Art;28;Urban miljö (U) - Stor betydelse;NA;
6002902;101341;Hepatica × media;stor blåsippa;Art;2;Urban miljö (U) - Stor betydelse;NA;
222849;101343;Hepatica transsilvanica;ungersk blåsippa;Art;218;Urban miljö (U) - Stor betydelse;NA;
235037;101345;Isopyrum thalictroides;vitsippsruta;Art;75;Urban miljö (U) - Stor betydelse;NA;
266092;101347;Leptopyrum fumarioides;ranunkelruta;Art;8;Urban miljö (U) - Stor betydelse;NA;
223456;101351;Nigella arvensis;åkernigella;Art;3;Urban miljö (U) - Stor betydelse;NA;
222860;101352;Nigella damascena;jungfrun i det gröna;Art;561;Urban miljö (U) - Stor betydelse;NA;
264436;101353;Nigella orientalis;jungfruparasoll;Art;6;Urban miljö (U) - Stor betydelse;NA;
222861;101354;Nigella sativa;svartkummin;Art;21;Urban miljö (U) - Stor betydelse;NA;
6330951;101358;Pulsatilla alpina;alpsippa;Art;13;;NA;
1360;101374;Ranunculus acris subsp. friesianus;parksmörblomma;Underart;146;Urban miljö (U) - Stor betydelse, Jordbrukslandskap (J) - Har betydelse;NA;
222903;101735;Ranunculus lanuginosus;borstsmörblomma;Art;53;Urban miljö (U) - Stor betydelse;NA;
222906;101738;Ranunculus marginatus;kantsmörblomma;Art;2;Urban miljö (U) - Stor betydelse;NA;
222908;101745;Ranunculus muricatus;taggsmörblomma;Art;1;Urban miljö (U) - Stor betydelse;NA;
222912;101757;Ranunculus pensylvanicus;kvarnranunkel;Art;2;Urban miljö (U) - Stor betydelse;NA;
222915;101764;Ranunculus psilostachys;luddranunkel;Art;546;Urban miljö (U) - Stor betydelse;NA;
222921;101771;Ranunculus serbicus;serbisk smörblomma;Art;34;Urban miljö (U) - Stor betydelse;NA;
222923;101781;Ranunculus trilobus;;Art;5;Urban miljö (U) - Stor betydelse;NA;
222926;101800;Thalictrum delavayi;violruta;Art;12;Urban miljö (U) - Stor betydelse;NA;
235137;101804;Thalictrum lucidum;glansruta;Art;94;Urban miljö (U) - Stor betydelse;NA;
6324445;101809;Thalictrum rochebruneanum;skuggviolruta;Art;21;;NA;
222930;101814;Thalictrum speciosissimum;daggruta;Art;42;Urban miljö (U) - Stor betydelse;NA;
264439;101815;Thalictrum venulosum;vägruta;Art;22;Jordbrukslandskap (J) - Stor betydelse, Urban miljö (U) - Stor betydelse;NA;
264440;101818;Trollius asiaticus;orange smörbollar;Art;28;Urban miljö (U) - Stor betydelse;NA;
6051264;101819;Trollius chinensis;kinesiska smörbollar;Art;6;;NA;
6012039;101820;Trollius × cultorum;trädgårdssmörboll;Art;6;;NA;
222766;101831;Platanus × hispanica;platan;Art;130;Urban miljö (U) - Stor betydelse;NA;
219561;101841;Buxus sempervirens;buxbom;Art;853;Urban miljö (U) - Stor betydelse, Skog (S) - Har betydelse;NA;
6333386;101842;Buxus sinica;kinesisk buxbom;Art;6;;;
6333387;101843;Buxus sinica var. sinica;;Varietet;0;;;
221297;101845;Pachysandra terminalis;skugg-gröna;Art;443;Urban miljö (U) - Stor betydelse;NA;
220161;101849;Gunnera magellanica;krypgunnera;Art;30;Urban miljö (U) - Stor betydelse;NA;
223350;101856;Paeonia × festiva;bondpion;Art;814;Urban miljö (U) - Stor betydelse;NA;
223351;101857;Paeonia × hybrida;herrgårdspion;Art;29;Urban miljö (U) - Stor betydelse;NA;
6030457;101858;Paeonia japonica;japansk pion;Art;11;;NA;
223352;101859;Paeonia lactiflora;luktpion;Art;676;Urban miljö (U) - Stor betydelse;NA;
6008908;101860;Paeonia suffruticosa;buskpion;Art;36;Urban miljö (U) - Stor betydelse;NA;
264441;101861;Paeonia tenuifolia;dillpion;Art;22;Urban miljö (U) - Stor betydelse;NA;
6332731;101864;Hamamelis × intermedia;hybridtrollhassel;Art;14;;NA;
6051249;101865;Hamamelis virginiana;amerikansk trollhassel;Art;9;;NA;
259655;101867;Parrotia persica;papegojbuske;Art;28;Urban miljö (U) - Stor betydelse;NA;
259656;101870;Cercidiphyllum japonicum;katsura;Art;210;Urban miljö (U) - Stor betydelse;NA;
223363;101874;Ribes aureum;gullrips;Art;571;Urban miljö (U) - Stor betydelse;NA;
223364;101875;Ribes biebersteinii;kaukasiskt vinbär;Art;9;Urban miljö (U) - Stor betydelse;NA;
223365;101876;Ribes divaricatum;spärrkrusbär;Art;119;Urban miljö (U) - Stor betydelse;NA;
223361;101882;Ribes × pallidum;survinbär;Art;685;Urban miljö (U) - Stor betydelse;NA;
223367;101883;Ribes petraeum;alpvinbär;Art;15;Urban miljö (U) - Stor betydelse;NA;
223369;101886;Ribes sanguineum;rosenrips;Art;1128;Urban miljö (U) - Stor betydelse;NA;
225186;101892;Ribes petraeum × spicatum;;Hybrid;0;;;
225185;101894;Ribes biebersteinii × petraeum;kaukasiskt vinbär × alpvinbär;Hybrid;0;Urban miljö (U) - Stor betydelse;NA;
223329;101898;Astilbe × arendsii;astilbe;Art;248;Urban miljö (U) - Stor betydelse;NA;
219991;101899;Astilbe chinensis;plymastilbe;Art;77;Urban miljö (U) - Stor betydelse;NA;
223330;101900;Astilbe japonica;silverastilbe;Art;60;Urban miljö (U) - Stor betydelse;NA;
264442;101901;Astilbe thunbergii;höstastilbe;Art;1;Urban miljö (U) - Stor betydelse;NA;
232967;101903;Astilboides tabularis;parasollblad;Art;61;Urban miljö (U) - Stor betydelse;NA;
222796;101905;Bergenia cordifolia;hjärtbergenia;Art;1136;Urban miljö (U) - Stor betydelse;NA;
223331;101906;Bergenia crassifolia;bergenia;Art;1497;Urban miljö (U) - Stor betydelse;NA;
6008859;101907;Bergenia × media;hjärtbergenia × bergenia;Hybrid;5;;NA;
6322581;101908;Bergenia pacumbis;;Art;49;;NA;
219638;101911;Boykinia richardsonii;grizzlybräcka;Art;25;Urban miljö (U) - Stor betydelse;NA;
222020;101917;Darmera peltata;sköldbräcka;Art;90;Urban miljö (U) - Stor betydelse;NA;
223338;101919;Heuchera × brizoides;hybridalunrot;Art;26;Urban miljö (U) - Stor betydelse;NA;
220185;101920;Heuchera cylindrica;axalunrot;Art;8;Urban miljö (U) - Stor betydelse;NA;
6322842;101921;Heuchera micrantha;småblommig alunrot;Art;45;;NA;
223339;101922;Heuchera sanguinea;blodalunrot;Art;349;Urban miljö (U) - Stor betydelse;NA;
261627;101933;Rodgersia aesculifolia;kastanjerodgersia;Art;60;Urban miljö (U) - Stor betydelse;NA;
6330863;101934;Rodgersia aesculifolia var. aesculifolia;;Varietet;3;;NA;
6330864;101935;Rodgersia aesculifolia var. henrici;läderrodgersia;Varietet;14;;NA;
264443;101936;Rodgersia pinnata;fingerrodgersia;Art;21;Urban miljö (U) - Stor betydelse;NA;
223372;101937;Rodgersia podophylla;bronsrodgersia;Art;318;Urban miljö (U) - Stor betydelse;NA;
223373;101943;Saxifraga × arendsii;rosenbräcka;Art;102;Urban miljö (U) - Stor betydelse;NA;
232966;101947;Saxifraga cuneifolia;slöjbräcka;Art;96;Urban miljö (U) - Stor betydelse;NA;
223374;101949;Saxifraga × geum;vippbräcka;Art;14;Urban miljö (U) - Stor betydelse;NA;
223385;101954;Saxifraga hostii;pyramidbräcka;Art;69;Urban miljö (U) - Stor betydelse;NA;
223386;101956;Saxifraga hypnoides;mossbräcka;Art;147;Urban miljö (U) - Stor betydelse;NA;
260362;101965;Saxifraga paniculata;silverbräcka;Art;52;Urban miljö (U) - Stor betydelse;NA;
265268;101967;Saxifraga paniculata subsp. paniculata;äkta silverbräcka;Underart;0;Urban miljö (U) - Stor betydelse;NA;
223391;101970;Saxifraga rosacea;mattbräcka;Art;120;Urban miljö (U) - Stor betydelse;NA;
265277;101971;Saxifraga rotundifolia;prickbräcka;Art;20;Urban miljö (U) - Stor betydelse;NA;
223392;101973;Saxifraga sibthorpii;gyllenbräcka;Art;23;Urban miljö (U) - Stor betydelse;NA;
223396;101978;Saxifraga umbrosa;skuggbräcka;Art;83;Urban miljö (U) - Stor betydelse;NA;
223376;101979;Saxifraga × urbium;porslinsbräcka;Art;307;Urban miljö (U) - Stor betydelse;NA;
264444;101981;Saxifraga × arendsii × granulata;rosenbräcka × mandelblomma;Hybrid;4;Urban miljö (U) - Stor betydelse;NA;
223412;101989;Tellima grandiflora;anagrambräcka;Art;141;Urban miljö (U) - Stor betydelse;NA;
265280;101991;Tiarella cordifolia;spetsmössa;Art;41;;NA;
265281;101997;Crassula helmsii;sydfyrling;Art;17;Sötvatten (L) - Stor betydelse;NA;
265282;101998;Crassula tillaea;mosskrassula;Art;10;;NA;
219684;102000;Hylotelephium anacampseros;cirkelfetblad;Art;135;Urban miljö (U) - Stor betydelse;NA;
264447;102001;Hylotelephium cauticola;liten kärleksört;Art;20;Urban miljö (U) - Stor betydelse;NA;
223341;102002;Hylotelephium ewersii;mongoliskt fetblad;Art;294;Urban miljö (U) - Stor betydelse;NA;
264448;102003;Hylotelephium sieboldii;japansk kärleksört;Art;4;Urban miljö (U) - Stor betydelse;NA;
223342;102004;Hylotelephium spectabile;kinesisk kärleksört;Art;1731;Urban miljö (U) - Stor betydelse;NA;
225180;102009;Hylotelephium spectabile × telephium;höstkärleksört;Hybrid;1488;Urban miljö (U) - Stor betydelse;NA;
232965;102012;Kalanchoë blossfeldiana;våreld;Art;12;Urban miljö (U) - Stor betydelse;NA;
223402;102014;Petrosedum forsterianum;tofsfetknopp;Art;276;Urban miljö (U) - Stor betydelse;NA;
6051080;102015;Petrosedum montanum;bergfetknopp;Art;18;;NA;
223406;102017;Petrosedum thartii;stor bergfetknopp;Art;49;Urban miljö (U) - Stor betydelse;NA;
221299;102019;Phedimus aizoon;gyllenfetblad;Art;1112;Urban miljö (U) - Stor betydelse;NA;
264449;102020;Phedimus ellacombeanus;japanskt fetblad;Art;226;Urban miljö (U) - Stor betydelse;NA;
6051257;102021;Phedimus floriferus;smaragdfetblad;Art;32;;NA;
223354;102022;Phedimus hybridus;sibiriskt fetblad;Art;2123;Urban miljö (U) - Stor betydelse;NA;
223355;102023;Phedimus kamtschaticus;kamtjatkafetblad;Art;210;Urban miljö (U) - Stor betydelse;NA;
223356;102024;Phedimus spurius;kaukasiskt fetblad;Art;10958;Urban miljö (U) - Stor betydelse;NA;
223357;102025;Phedimus stoloniferus;persiskt fetblad;Art;68;Urban miljö (U) - Stor betydelse;NA;
6010704;102027;Rhodiola pachyclados;rosettfetblad;Art;38;Urban miljö (U) - Stor betydelse;NA;
223401;102037;Sedum dasyphyllum;luddfetknopp;Art;32;Urban miljö (U) - Stor betydelse;NA;
223403;102038;Sedum gracile;spenslig fetknopp;Art;69;Urban miljö (U) - Stor betydelse;NA;
223404;102039;Sedum hispanicum;blek fetknopp;Art;1651;Urban miljö (U) - Stor betydelse;NA;
223405;102040;Sedum lydium;lydisk fetknopp;Art;451;Urban miljö (U) - Stor betydelse;NA;
6034785;102041;Sedum mexicanum;mexikansk fetknopp;Art;3;;NA;
235015;102044;Sedum sarmentosum;löparfetblad;Art;51;Urban miljö (U) - Stor betydelse;NA;
265285;102046;Sedum spathulifolium;kalifornisk fetknopp;Art;19;;NA;
6002782;102047;Sedum stenopetalum;klippfetknopp;Art;18;Urban miljö (U) - Stor betydelse;NA;
223410;102050;Sempervivum arachnoideum;spindelvävstaklök;Art;162;Urban miljö (U) - Stor betydelse;NA;
220533;102052;Sempervivum globiferum;hammarbytaklök;Art;789;Urban miljö (U) - Stor betydelse;NA;
6008685;102063;Myriophyllum heterophyllum;kamslinga;Art;135;Sötvatten (L) - Stor betydelse;NA;
220262;102080;Parthenocissus inserta;vildvin;Art;2396;Urban miljö (U) - Stor betydelse;NA;
221558;102081;Parthenocissus quinquefolia;klättervildvin;Art;665;Urban miljö (U) - Stor betydelse;NA;
221559;102082;Parthenocissus tricuspidata;rådhusvin;Art;167;Urban miljö (U) - Stor betydelse;NA;
249005;102084;Vitis labrusca;labruskavin;Art;41;Urban miljö (U) - Stor betydelse;NA;
221589;102085;Vitis vinifera;vin;Art;985;Urban miljö (U) - Stor betydelse;NA;
265288;102086;Vitis vulpina;frostvin;Art;32;;NA;
221583;102090;Tribulus terrestris;tiggarnöt;Art;10;Urban miljö (U) - Stor betydelse;NA;
224228;102091;Tribulus terrestris subsp. orientalis;;Underart;0;Urban miljö (U) - Stor betydelse;NA;
224229;102092;Tribulus terrestris subsp. terrestris;;Underart;0;Urban miljö (U) - Stor betydelse;NA;
6007368;102100;Acmispon denticulatus;;Art;1;Urban miljö (U) - Stor betydelse;NA;
222218;102101;Acmispon subpinnatus;chileväppling;Art;4;Urban miljö (U) - Stor betydelse;NA;
222211;102107;Amorpha fruticosa;segelbuske;Art;17;Urban miljö (U) - Stor betydelse;NA;
224117;102118;Anthyllis vulneraria subsp. polyphylla;mångbladig getväppling;Underart;11;Urban miljö (U) - Stor betydelse;NA;
220427;102124;Arachis hypogaea;jordnöt;Art;10;Urban miljö (U) - Stor betydelse;NA;
221167;102131;Astragalus canadensis;kolvvedel;Art;2;Urban miljö (U) - Stor betydelse;NA;
221168;102132;Astragalus cicer;kikvedel;Art;278;Urban miljö (U) - Stor betydelse, Jordbrukslandskap (J) - Har betydelse;NA;
221170;102134;Astragalus falcatus;storvedel;Art;13;Urban miljö (U) - Stor betydelse;NA;
221175;102141;Astragalus varius;;Art;0;Urban miljö (U) - Stor betydelse;NA;
223420;102145;Caragana arborescens;häckkaragan;Art;3404;Urban miljö (U) - Stor betydelse;NA;
221177;102146;Caragana frutex;lyckobladsbuske;Art;113;Urban miljö (U) - Stor betydelse;NA;
261641;102148;Ceratonia siliqua;johannesbröd;Art;8;Urban miljö (U) - Stor betydelse;NA;
6332917;102150;Cercis siliquastrum;judasträd;Art;20;;;
223336;102154;Cicer arietinum;kikärt;Art;125;Urban miljö (U) - Stor betydelse;NA;
221086;102156;Colutea arborescens;blåsärt;Art;160;Urban miljö (U) - Stor betydelse;NA;
221185;102157;Colutea × media;hybridblåsärt;Art;25;Urban miljö (U) - Stor betydelse;NA;
220988;102159;Coronilla scorpioides;maskkronill;Art;21;Urban miljö (U) - Stor betydelse;NA;
221008;102164;Cullen americanum;amerikansk skorvärt;Art;2;Urban miljö (U) - Stor betydelse;NA;
221188;102165;Cullen tenax;;Art;1;Urban miljö (U) - Stor betydelse;NA;
221181;102167;Chamaecytisus supinus;huvudginst;Art;0;Urban miljö (U) - Stor betydelse;;
222742;102168;Cytisus decumbens;krypginst;Art;9;Urban miljö (U) - Stor betydelse;NA;
222144;102169;Cytisus elongatus;vidjeginst;Art;66;Urban miljö (U) - Stor betydelse;NA;
221182;102170;Cytisus hirsutus;luddginst;Art;92;Urban miljö (U) - Stor betydelse;NA;
221191;102171;Cytisus nigricans;svartginst;Art;40;Urban miljö (U) - Stor betydelse;NA;
221190;102172;Cytisus × praecox;vårginst;Art;111;Urban miljö (U) - Stor betydelse;NA;
221180;102173;Cytisus purpureus;rosenginst;Art;99;Urban miljö (U) - Stor betydelse;NA;
221179;102177;Cytisus × versicolor;brokginst;Art;29;Urban miljö (U) - Stor betydelse;NA;
220771;102179;Dorycnium herbaceum;;Art;1;Urban miljö (U) - Stor betydelse;NA;
219807;102182;Galega officinalis;getruta;Art;161;Urban miljö (U) - Stor betydelse;NA;
221194;102183;Galega orientalis;fodergetruta;Art;863;Urban miljö (U) - Stor betydelse;NA;
221198;102188;Genista sagittalis;vingginst;Art;83;Urban miljö (U) - Stor betydelse;NA;
224123;102190;Genista tinctoria subsp. elatior;stor färgginst;Underart;394;Urban miljö (U) - Stor betydelse;NA;
6002900;102193;Gleditsia triacanthos;korstörne;Art;65;Urban miljö (U) - Stor betydelse;NA;
222494;102195;Glycine max;sojaböna;Art;121;Urban miljö (U) - Stor betydelse;NA;
221201;102196;Glycine soia;vild sojaböna;Art;0;Urban miljö (U) - Stor betydelse;;
222501;102201;Hippocrepis comosa;hästskoklöver;Art;17;Urban miljö (U) - Stor betydelse;NA;
264451;102203;Hippocrepis emerus subsp. emeroides;sydkronill;Underart;138;Urban miljö (U) - Stor betydelse;NA;
221205;102205;Hippocrepis unisiliquosa;enblommig hästskoväppling;Art;5;Urban miljö (U) - Stor betydelse;NA;
259728;102209;Indigofera heterantha;rosenindigo;Art;4;Urban miljö (U) - Stor betydelse;NA;
221026;102213;Laburnum alpinum;alpgullregn;Art;2319;Urban miljö (U) - Stor betydelse, Skog (S) - Har betydelse;NA;
221208;102214;Laburnum anagyroides;sydgullregn;Art;1499;Urban miljö (U) - Stor betydelse, Skog (S) - Har betydelse;NA;
221207;102215;Laburnum x watereri;hybridgullregn;Art;1143;Urban miljö (U) - Stor betydelse, Skog (S) - Har betydelse;NA;
221679;102217;Lathyrus angulatus;vinkelvial;Art;1;Urban miljö (U) - Stor betydelse;NA;
221210;102218;Lathyrus annuus;fodervial;Art;4;Urban miljö (U) - Stor betydelse;NA;
221211;102219;Lathyrus aphaca;spjutvial;Art;92;Urban miljö (U) - Stor betydelse;NA;
221212;102220;Lathyrus articulatus;ledvial;Art;0;Urban miljö (U) - Stor betydelse;;
221213;102221;Lathyrus cicera;rödvial;Art;42;Urban miljö (U) - Stor betydelse;NA;
221214;102222;Lathyrus clymenum;bandvial;Art;14;Urban miljö (U) - Stor betydelse;NA;
221215;102223;Lathyrus gorgoni;brandvial;Art;1;Urban miljö (U) - Stor betydelse;NA;
221216;102224;Lathyrus grandiflorus;jättevial;Art;2;Urban miljö (U) - Stor betydelse;NA;
221217;102225;Lathyrus hirsutus;luddvial;Art;212;Urban miljö (U) - Stor betydelse;NA;
221218;102226;Lathyrus inconspicuus;dvärgvial;Art;4;Urban miljö (U) - Stor betydelse;NA;
221219;102227;Lathyrus incurvus;sabelvial;Art;82;Urban miljö (U) - Stor betydelse;NA;
264452;102234;Lathyrus laevigatus;guldärt;Art;1;Urban miljö (U) - Stor betydelse;NA;
221224;102242;Lathyrus nissolia;gräsvial;Art;64;Urban miljö (U) - Stor betydelse;NA;
221225;102243;Lathyrus ochrus;skaftvial;Art;8;Urban miljö (U) - Stor betydelse;NA;
221226;102244;Lathyrus odoratus;luktärt;Art;284;Urban miljö (U) - Stor betydelse;NA;
221229;102248;Lathyrus rotundifolius;rundvial;Art;88;Urban miljö (U) - Stor betydelse;NA;
224131;102249;Lathyrus rotundifolius subsp. miniatus;praktvial;Underart;61;Jordbrukslandskap (J) - Stor betydelse, Urban miljö (U) - Stor betydelse;NA;
264453;102250;Lathyrus rotundifolius subsp. rotundifolius;äkta rundvial;Underart;0;Urban miljö (U) - Stor betydelse;NA;
221230;102251;Lathyrus sativus;plattvial;Art;12;Urban miljö (U) - Stor betydelse;NA;
221233;102254;Lathyrus tingitanus;spanskvial;Art;3;Urban miljö (U) - Stor betydelse;NA;
265307;102256;Lathyrus venetus;bredbladig vårärt;Art;8;;NA;
219574;102259;Lens culinaris;lins;Art;310;Urban miljö (U) - Stor betydelse;NA;
221237;102260;Lens nigricans;vildlins;Art;3;Urban miljö (U) - Stor betydelse;NA;
222084;102264;Lotus angustissimus;dvärgkäringtand;Art;0;Urban miljö (U) - Stor betydelse;NA;
221238;102265;Lotus conimbricensis;;Art;1;Urban miljö (U) - Stor betydelse;NA;
221241;102279;Lotus subbiflorus;borstig käringtand;Art;2;Urban miljö (U) - Stor betydelse;NA;
221307;102281;Lotus tetragonolobus;sparrisärt;Art;12;Urban miljö (U) - Stor betydelse;NA;
220555;102283;Lupinus albus;vitlupin;Art;17;Urban miljö (U) - Stor betydelse;NA;
221244;102284;Lupinus angustifolius;blålupin;Art;157;Urban miljö (U) - Stor betydelse;NA;
221245;102287;Lupinus luteus;gullupin;Art;96;Urban miljö (U) - Stor betydelse;NA;
221246;102288;Lupinus nootkatensis;sandlupin;Art;647;Urban miljö (U) - Stor betydelse;NA;
221247;102289;Lupinus perennis;gruslupin;Art;172;Urban miljö (U) - Stor betydelse;NA;
221248;102291;Lupinus polyphyllus;blomsterlupin;Art;72040;Urban miljö (U) - Stor betydelse;NA;
221243;102292;Lupinus × regalis;regnbågslupin;Art;180;Urban miljö (U) - Stor betydelse;NA;
235124;102295;Maackia amurensis;maackia;Art;29;Urban miljö (U) - Stor betydelse;NA;
222858;102297;Medicago arabica;fläcklusern;Art;208;Urban miljö (U) - Stor betydelse;NA;
221250;102298;Medicago ciliaris;glandellusern;Art;6;Urban miljö (U) - Stor betydelse;NA;
221251;102299;Medicago crassipes;;Art;1;Urban miljö (U) - Stor betydelse;NA;
221252;102301;Medicago intertexta;flätlusern;Art;6;Urban miljö (U) - Stor betydelse;NA;
221253;102302;Medicago laciniata;schimperlusern/traslusern;Art;86;Urban miljö (U) - Stor betydelse;NA;
224137;102303;Medicago laciniata subsp. brevispina;schimperlusern;Underart;7;Urban miljö (U) - Stor betydelse;NA;
224138;102304;Medicago laciniata subsp. laciniata;traslusern;Underart;2;Urban miljö (U) - Stor betydelse;NA;
244213;102305;Medicago littoralis;mattlusern;Art;9;Urban miljö (U) - Stor betydelse;NA;
221256;102311;Medicago monantha;sabellusern;Art;2;Urban miljö (U) - Stor betydelse;NA;
221257;102312;Medicago monspeliaca;fransklusern;Art;2;Urban miljö (U) - Stor betydelse;NA;
221258;102313;Medicago murex;klotlusern;Art;0;Urban miljö (U) - Stor betydelse;NA;
221259;102314;Medicago orbicularis;hjullusern;Art;7;Urban miljö (U) - Stor betydelse;NA;
221260;102315;Medicago orthoceras;hornlusern;Art;0;Urban miljö (U) - Stor betydelse;NA;
221261;102316;Medicago persica;perserlusern;Art;0;Urban miljö (U) - Stor betydelse;NA;
221262;102317;Medicago phrygia;;Art;1;Urban miljö (U) - Stor betydelse;NA;
221263;102318;Medicago polyceratia;hårig hornlusern;Art;13;Urban miljö (U) - Stor betydelse;NA;
221264;102319;Medicago polymorpha;tagglusern;Art;507;Urban miljö (U) - Stor betydelse;NA;
221265;102320;Medicago praecox;vårlusern;Art;15;Urban miljö (U) - Stor betydelse;NA;
221266;102321;Medicago rigidula;styvlusern;Art;2;Urban miljö (U) - Stor betydelse;NA;
221268;102327;Medicago scutellata;snäcklusern;Art;8;Urban miljö (U) - Stor betydelse;NA;
221269;102328;Medicago secundiflora;;Art;3;Urban miljö (U) - Stor betydelse;NA;
221270;102329;Medicago tornata;skivlusern;Art;2;Urban miljö (U) - Stor betydelse;NA;
221271;102330;Medicago truncatula;tornlusern;Art;11;Urban miljö (U) - Stor betydelse;NA;
221272;102331;Medicago turbinata;knöllusern;Art;4;Urban miljö (U) - Stor betydelse;NA;
221277;102336;Melilotus indicus;dvärgsötväppling;Art;355;Urban miljö (U) - Stor betydelse;NA;
224143;102337;Melilotus indicus subsp. indicus;;Underart;0;Urban miljö (U) - Stor betydelse;NA;
224144;102338;Melilotus indicus subsp. tommasinii;;Underart;0;Urban miljö (U) - Stor betydelse;NA;
221278;102339;Melilotus infestus;åkersötväppling;Art;0;Urban miljö (U) - Stor betydelse;NA;
221279;102340;Melilotus neapolitanus;;Art;1;Urban miljö (U) - Stor betydelse;NA;
221281;102342;Melilotus segetalis;tät sötväppling;Art;3;Urban miljö (U) - Stor betydelse;NA;
221282;102343;Melilotus siculus;marsksötväppling;Art;5;Urban miljö (U) - Stor betydelse;NA;
221283;102344;Melilotus suaveolens;kinesisk sötväppling;Art;0;Urban miljö (U) - Stor betydelse;NA;
221284;102345;Melilotus sulcatus;ribbsötväppling;Art;8;Urban miljö (U) - Stor betydelse;NA;
221285;102346;Melilotus wolgicus;rysk sötväppling;Art;108;Urban miljö (U) - Stor betydelse;NA;
224142;102348;Melilotus albus × officinalis;vit sötväppling × gul sötväppling;Hybrid;21;Urban miljö (U) - Stor betydelse;NA;
222589;102350;Mimosa pudica;sensitiva;Art;1;Urban miljö (U) - Stor betydelse;NA;
1111;102356;Onobrychis viciifolia;esparsett;Art;685;Jordbrukslandskap (J) - Stor betydelse, Urban miljö (U) - Har betydelse;NA;
222754;102361;Ononis serrata;dvärgpuktörne;Art;0;Urban miljö (U) - Stor betydelse;NA;
219873;102368;Ornithopus compressus;gulserradella;Art;3;Urban miljö (U) - Stor betydelse;NA;
221292;102370;Ornithopus pinnatus;glappserradella;Art;0;Urban miljö (U) - Stor betydelse;NA;
221293;102371;Ornithopus sativus;serradella;Art;174;Urban miljö (U) - Stor betydelse;NA;
224148;102372;Ornithopus sativus subsp. isthmocarpus;;Underart;0;Urban miljö (U) - Stor betydelse;NA;
224149;102373;Ornithopus sativus subsp. sativus;vanlig serradella;Underart;2;Urban miljö (U) - Stor betydelse;NA;
222612;102384;Phaseolus coccineus;rosenböna;Art;40;Urban miljö (U) - Stor betydelse;NA;
221298;102385;Phaseolus vulgaris;böna;Art;263;Urban miljö (U) - Stor betydelse;NA;
221300;102387;Pisum sativum;ärt;Art;1507;Urban miljö (U) - Stor betydelse;NA;
224151;102388;Pisum sativum var. arvense;foderärt;Varietet;327;Jordbrukslandskap (J) - Stor betydelse, Urban miljö (U) - Stor betydelse;NA;
224152;102389;Pisum sativum var. sativum;trädgårdsärt;Varietet;539;Urban miljö (U) - Stor betydelse;NA;
221302;102397;Robinia pseudoacacia;robinia;Art;2239;Urban miljö (U) - Stor betydelse, Jordbrukslandskap (J) - Har betydelse, Skog (S) - Har betydelse;NA;
221303;102399;Scorpiurus muricatus;skorpionärt;Art;14;Urban miljö (U) - Stor betydelse;NA;
262075;102402;Securigera securidaca;sabelväppling;Art;16;Urban miljö (U) - Stor betydelse;NA;
221304;102403;Securigera varia;rosenkronill;Art;1200;Urban miljö (U) - Stor betydelse;NA;
259654;102418;Styphnolobium japonicum;pagodträd;Art;21;Urban miljö (U) - Stor betydelse;NA;
220162;102420;Sulla coronaria;rosenväppling;Art;2;Urban miljö (U) - Stor betydelse;NA;
221308;102425;Thermopsis montana;lupinväppling;Art;828;Urban miljö (U) - Stor betydelse;NA;
221309;102427;Trifolium affine;;Art;0;Urban miljö (U) - Stor betydelse;NA;
221310;102428;Trifolium alexandrinum;alexandrinerklöver;Art;33;Urban miljö (U) - Stor betydelse;NA;
221312;102430;Trifolium ambiguum;;Art;25;Urban miljö (U) - Stor betydelse;NA;
221313;102431;Trifolium angustifolium;luddklöver;Art;10;Urban miljö (U) - Stor betydelse;NA;
221314;102432;Trifolium argutum;pergamentklöver;Art;0;Urban miljö (U) - Stor betydelse;NA;
221316;102434;Trifolium aurantiacum;;Art;0;Urban miljö (U) - Stor betydelse;NA;
221319;102438;Trifolium cernuum;nickklöver;Art;0;Urban miljö (U) - Stor betydelse;NA;
221320;102441;Trifolium constantinopolitanum;turkklöver;Art;1;Urban miljö (U) - Stor betydelse;NA;
221321;102442;Trifolium diffusum;;Art;0;Urban miljö (U) - Stor betydelse;NA;
221323;102444;Trifolium echinatum;igelkottsklöver;Art;6;Urban miljö (U) - Stor betydelse;NA;
221325;102446;Trifolium glomeratum;nystklöver;Art;1;Urban miljö (U) - Stor betydelse;NA;
221326;102447;Trifolium hirtum;rosenklöver;Art;1;Urban miljö (U) - Stor betydelse;NA;
224153;102449;Trifolium hybridum subsp. elegans;liten alsikeklöver;Underart;15;Urban miljö (U) - Stor betydelse;NA;
221328;102451;Trifolium incarnatum;blodklöver;Art;1120;Urban miljö (U) - Stor betydelse;NA;
221329;102452;Trifolium lappaceum;kardborrsklöver;Art;10;Urban miljö (U) - Stor betydelse;NA;
221330;102453;Trifolium leucanthum;bollklöver;Art;0;Urban miljö (U) - Stor betydelse;NA;
221332;102456;Trifolium michelianum;sumpklöver;Art;2;Urban miljö (U) - Stor betydelse;NA;
264455;102458;Trifolium microcephalum;kalifornisk klöver;Art;0;Urban miljö (U) - Stor betydelse;NA;
221334;102460;Trifolium nigrescens;härmklöver;Art;2;Urban miljö (U) - Stor betydelse;NA;
224155;102461;Trifolium nigrescens subsp. nigrescens;liten härmklöver;Underart;0;Urban miljö (U) - Stor betydelse;NA;
224156;102462;Trifolium nigrescens subsp. petrisavii;stor härmklöver;Underart;0;Urban miljö (U) - Stor betydelse;NA;
221335;102463;Trifolium ochroleucon;blekklöver;Art;36;Urban miljö (U) - Stor betydelse;NA;
221336;102465;Trifolium pallidum;grenklöver;Art;1;Urban miljö (U) - Stor betydelse;NA;
221337;102466;Trifolium pannonicum;ungersk klöver;Art;12;Urban miljö (U) - Stor betydelse;NA;
224157;102469;Trifolium pratense var. americanum;amerikansk rödklöver;Varietet;15;Urban miljö (U) - Stor betydelse;NA;
221340;102474;Trifolium resupinatum;doftklöver;Art;434;Urban miljö (U) - Stor betydelse;NA;
224161;102475;Trifolium resupinatum var. majus;stor doftklöver;Varietet;28;Urban miljö (U) - Stor betydelse;NA;
224162;102476;Trifolium resupinatum var. resupinatum;liten doftklöver;Varietet;11;Urban miljö (U) - Stor betydelse;NA;
221341;102478;Trifolium rubens;purpurklöver;Art;70;Urban miljö (U) - Stor betydelse;NA;
221342;102479;Trifolium scabrum;strävklöver;Art;2;Urban miljö (U) - Stor betydelse;NA;
264456;102482;Trifolium squamosum;;Art;1;Urban miljö (U) - Stor betydelse;NA;
221344;102483;Trifolium squarrosum;spärrklöver;Art;2;Urban miljö (U) - Stor betydelse;NA;
221345;102484;Trifolium stellatum;stjärnklöver;Art;1;Urban miljö (U) - Stor betydelse;NA;
221347;102486;Trifolium strictum;styvklöver;Art;1;Urban miljö (U) - Stor betydelse;NA;
221348;102487;Trifolium subterraneum;grävklöver;Art;25;Urban miljö (U) - Stor betydelse;NA;
221349;102488;Trifolium suffocatum;musklöver;Art;1;Urban miljö (U) - Stor betydelse;NA;
221350;102489;Trifolium tomentosum;ullklöver;Art;6;Urban miljö (U) - Stor betydelse;NA;
221351;102493;Trigonella caerulea;blåväppling;Art;59;Urban miljö (U) - Stor betydelse;NA;
224163;102494;Trigonella caerulea subsp. caerulea;äkta blåväppling;Underart;0;;;
221352;102498;Trigonella foenum-graecum;bockhornsklöver;Art;22;Urban miljö (U) - Stor betydelse;NA;
221353;102499;Trigonella glabra;haktrigonella;Art;2;Urban miljö (U) - Stor betydelse;NA;
224164;102505;Trigonella procumbens;vildblåväppling;Art;8;Urban miljö (U) - Stor betydelse;NA;
221355;102508;Ulex europaeus;ärttörne;Art;810;Jordbrukslandskap (J) - Stor betydelse, Urban miljö (U) - Har betydelse;NA;
221356;102510;Ulex minor;dvärgtörne;Art;3;Urban miljö (U) - Stor betydelse;NA;
264457;102512;Vicia articulata;spanskvicker;Art;2;Urban miljö (U) - Stor betydelse;NA;
221357;102513;Vicia benghalensis;purpurvicker;Art;0;Urban miljö (U) - Stor betydelse;NA;
221358;102514;Vicia biennis;högvicker;Art;1;Urban miljö (U) - Stor betydelse;NA;
221359;102515;Vicia bithynica;turkvicker;Art;3;Urban miljö (U) - Stor betydelse;NA;
221362;102519;Vicia cuspidata;smyrnavicker;Art;0;Urban miljö (U) - Stor betydelse;NA;
221363;102521;Vicia disperma;mesvicker;Art;0;Urban miljö (U) - Stor betydelse;NA;
221365;102523;Vicia durandii;finkvicker;Art;0;Urban miljö (U) - Stor betydelse;NA;
221366;102524;Vicia ervilia;linsvicker;Art;13;Urban miljö (U) - Stor betydelse;NA;
221367;102525;Vicia faba;bondböna;Art;345;Urban miljö (U) - Stor betydelse;NA;
264458;102526;Vicia grandiflora;storvicker;Art;34;Urban miljö (U) - Stor betydelse;NA;
221369;102528;Vicia hybrida;solvicker;Art;8;Urban miljö (U) - Stor betydelse;NA;
221370;102529;Vicia hyrcanica;vaxvicker;Art;0;Urban miljö (U) - Stor betydelse;NA;
221372;102531;Vicia lutea;gulvicker;Art;352;Urban miljö (U) - Stor betydelse;NA;
221373;102532;Vicia melanops;brokvicker;Art;2;Urban miljö (U) - Stor betydelse;NA;
221374;102533;Vicia monantha;vimpelvicker;Art;0;Urban miljö (U) - Stor betydelse;NA;
221375;102534;Vicia narbonensis;klotvicker/tandvicker;Art;25;Urban miljö (U) - Stor betydelse;NA;
224165;102535;Vicia narbonensis subsp. narbonensis;klotvicker;Underart;1;Urban miljö (U) - Stor betydelse;NA;
224166;102536;Vicia narbonensis subsp. serratifolia;tandvicker;Underart;12;Urban miljö (U) - Stor betydelse;NA;
221376;102537;Vicia orobus;ljungvicker;Art;5;Urban miljö (U) - Stor betydelse;NA;
221377;102538;Vicia pannonica;strimvicker/ungersk vicker;Art;400;Urban miljö (U) - Stor betydelse;NA;
224167;102539;Vicia pannonica subsp. pannonica;ungersk vicker;Underart;137;Urban miljö (U) - Stor betydelse;NA;
224168;102540;Vicia pannonica subsp. striata;strimvicker;Underart;182;Urban miljö (U) - Stor betydelse;NA;
221378;102541;Vicia parviflora;finvicker;Art;0;Urban miljö (U) - Stor betydelse;NA;
221379;102542;Vicia peregrina;pilgrimsvicker;Art;4;Urban miljö (U) - Stor betydelse;NA;
224170;102547;Vicia sativa subsp. sativa;fodervicker;Underart;493;Urban miljö (U) - Stor betydelse;NA;
221386;102557;Vicia unijuga;praktvicker;Art;1;Urban miljö (U) - Stor betydelse;NA;
224175;102559;Vicia villosa subsp. ambigua;hamnvicker;Underart;7;Urban miljö (U) - Stor betydelse;NA;
224176;102560;Vicia villosa subsp. varia;kvarnvicker;Underart;219;Urban miljö (U) - Stor betydelse;NA;
264459;102563;Vigna radiata;mungböna;Art;1;Urban miljö (U) - Stor betydelse;NA;
267010;102567;Wisteria sinensis;blåregn;Art;104;Urban miljö (U) - Stor betydelse;NA;
235118;102588;Acaena microphylla;brun taggpimpinell;Art;8;Urban miljö (U) - Stor betydelse;NA;
222933;102595;Agrimonia repens;turkisk småborre;Art;6;Urban miljö (U) - Stor betydelse;NA;
222938;102600;Alchemilla conjuncta;alpkåpa;Art;55;Urban miljö (U) - Stor betydelse;NA;
265362;102604;Alchemilla semidivisa;norddalsdaggkåpa;Art;2;;NA;
222935;102610;Alchemilla baltica;baltisk daggkåpa;Art;1108;Jordbrukslandskap (J) - Stor betydelse, Urban miljö (U) - Har betydelse;NA;
222937;102612;Alchemilla chirophylla;handkåpa;Art;24;Urban miljö (U) - Stor betydelse;NA;
222939;102614;Alchemilla connivens;bergdaggkåpa;Art;1;Urban miljö (U) - Stor betydelse;NA;
222940;102615;Alchemilla cymatophylla;vågdaggkåpa;Art;1062;Jordbrukslandskap (J) - Stor betydelse;NA;
6012042;102616;Alchemilla erythropoda;rödskaftig daggkåpa;Art;44;;NA;
222946;102628;Alchemilla hybrida;sidendaggkåpa;Art;2;Urban miljö (U) - Stor betydelse;NA;
222948;102631;Alchemilla mollis;jättedaggkåpa;Art;2257;Urban miljö (U) - Stor betydelse;NA;
222955;102639;Alchemilla propinqua;hjuldaggkåpa;Art;710;Jordbrukslandskap (J) - Stor betydelse;NA;
222956;102640;Alchemilla rigida;styvdaggkåpa;Art;0;Urban miljö (U) - Stor betydelse;NA;
222958;102642;Alchemilla sarmatica;sarmatisk daggkåpa;Art;1189;Jordbrukslandskap (J) - Stor betydelse, Urban miljö (U) - Stor betydelse;NA;
222959;102644;Alchemilla sericata;silkesdaggkåpa;Art;30;Urban miljö (U) - Stor betydelse;NA;
222960;102645;Alchemilla speciosa;praktdaggkåpa;Art;118;Urban miljö (U) - Stor betydelse;NA;
219925;102654;Amelanchier alnifolia;sen häggmispel;Art;514;Urban miljö (U) - Stor betydelse;NA;
222967;102655;Amelanchier confusa;svensk häggmispel;Art;1498;Skog (S) - Stor betydelse, Urban miljö (U) - Har betydelse;NA;
222968;102656;Amelanchier laevis;kopparhäggmispel;Art;104;Urban miljö (U) - Stor betydelse;NA;
222969;102657;Amelanchier lamarckii;prakthäggmispel;Art;825;Urban miljö (U) - Stor betydelse;NA;
222971;102659;Amelanchier spicata;häggmispel;Art;6748;Skog (S) - Stor betydelse, Urban miljö (U) - Har betydelse;NA;
219952;102666;Aremonia agrimonoides;aremonia;Art;53;Urban miljö (U) - Stor betydelse;NA;
219957;102672;Aronia arbutifolia;rödaronia;Art;48;Urban miljö (U) - Stor betydelse;NA;
222977;102673;Aronia melanocarpa;svartaronia;Art;336;Urban miljö (U) - Stor betydelse;NA;
259713;102674;Aronia × prunifolia;slånaronia;Art;189;Urban miljö (U) - Stor betydelse;NA;
219558;102676;Aruncus aethusifolius;koreansk plymspirea;Art;68;Urban miljö (U) - Stor betydelse;NA;
222978;102677;Aruncus dioicus;plymspirea;Art;2975;Urban miljö (U) - Stor betydelse;NA;
259716;102678;Aruncus parvulus;sibirisk plymspirea;Art;2;Urban miljö (U) - Stor betydelse;NA;
221513;102680;Chaenomeles japonica;liten rosenkvitten;Art;636;Urban miljö (U) - Stor betydelse;NA;
235119;102681;Chaenomeles speciosa;stor rosenkvitten;Art;54;Urban miljö (U) - Stor betydelse;NA;
222981;102682;Chaenomeles × superba;hybridrosenkvitten;Art;145;Urban miljö (U) - Stor betydelse;NA;
264479;102684;× Comagaria rosea;rosensmultron;Art;50;Urban miljö (U) - Stor betydelse;NA;
223325;102688;Cotoneaster adpressus;mattoxbär;Art;59;Urban miljö (U) - Stor betydelse;NA;
222985;102689;Cotoneaster ascendens;spaljéoxbär;Art;132;Urban miljö (U) - Stor betydelse;NA;
222986;102690;Cotoneaster atropurpureus;mörkt lingonoxbär;Art;49;Urban miljö (U) - Stor betydelse;NA;
222987;102691;Cotoneaster bullatus;rynkoxbär;Art;1037;Urban miljö (U) - Stor betydelse, Skog (S) - Har betydelse;NA;
222989;102695;Cotoneaster dammeri;krypoxbär;Art;107;Urban miljö (U) - Stor betydelse;NA;
222990;102696;Cotoneaster dielsianus;rosenoxbär;Art;1190;Skog (S) - Stor betydelse, Urban miljö (U) - Stor betydelse;NA;
222991;102697;Cotoneaster divaricatus;spärroxbär;Art;15649;Skog (S) - Stor betydelse, Urban miljö (U) - Stor betydelse;NA;
222992;102701;Cotoneaster hjelmqvistii;stort lingonoxbär;Art;183;Urban miljö (U) - Stor betydelse;NA;
222993;102702;Cotoneaster horizontalis;lingonoxbär;Art;577;Urban miljö (U) - Stor betydelse, Skog (S) - Har betydelse;NA;
6012044;102703;Cotoneaster hummelii;aroniaoxbär;Art;31;;NA;
222994;102705;Cotoneaster insignis;pamiroxbär;Art;46;Urban miljö (U) - Stor betydelse;NA;
6002799;102707;Cotoneaster integrifolius;himalayaoxbär;Art;15;Urban miljö (U) - Stor betydelse;NA;
6328967;102708;Cotoneaster karatavicus;karatauoxbär;Art;32;;NA;
222997;102710;Cotoneaster laetevirens;ljusbladigt oxbär;Art;328;Urban miljö (U) - Stor betydelse, Skog (S) - Har betydelse;NA;
264471;102711;Cotoneaster latifolius;bredoxbär;Art;25;Urban miljö (U) - Stor betydelse;NA;
222998;102712;Cotoneaster lucidus;häckoxbär;Art;3237;Skog (S) - Stor betydelse, Urban miljö (U) - Stor betydelse;NA;
222999;102713;Cotoneaster moupinensis;moupinoxbär;Art;68;Urban miljö (U) - Stor betydelse;NA;
223000;102714;Cotoneaster multiflorus;flockoxbär;Art;616;Urban miljö (U) - Stor betydelse;NA;
223001;102715;Cotoneaster nanshan;klippoxbär;Art;39;Urban miljö (U) - Stor betydelse;NA;
223002;102716;Cotoneaster nepalensis;nepaloxbär;Art;1;Urban miljö (U) - Stor betydelse;NA;
6002800;102718;Cotoneaster perpusillus;småbladigt lingonoxbär;Art;28;Urban miljö (U) - Stor betydelse;NA;
223004;102719;Cotoneaster przewalskii;przewalskioxbär;Art;143;Skog (S) - Stor betydelse, Urban miljö (U) - Har betydelse;NA;
222995;102720;Cotoneaster pyrenaicus;tyskt oxbär;Art;103;Urban miljö (U) - Stor betydelse;NA;
235046;102722;Cotoneaster salicifolius;videoxbär;Art;87;Urban miljö (U) - Stor betydelse;NA;
265368;102723;Cotoneaster simonsii;indiskt oxbär;Art;52;Jordbrukslandskap (J) - Stor betydelse, Skog (S) - Stor betydelse, Urban miljö (U) - Stor betydelse;NA;
235120;102725;Cotoneaster splendens;praktoxbär;Art;4;Urban miljö (U) - Stor betydelse;NA;
222984;102726;Cotoneaster × suecicus;skogholmsoxbär;Art;260;Urban miljö (U) - Stor betydelse;NA;
223006;102727;Cotoneaster tomentellus;stäppoxbär;Art;66;Urban miljö (U) - Stor betydelse;NA;
223007;102728;Cotoneaster tomentosus;ulloxbär;Art;98;Urban miljö (U) - Stor betydelse;NA;
223008;102729;Cotoneaster veitchii;veitchoxbär;Art;90;Urban miljö (U) - Stor betydelse;NA;
235036;102730;Cotoneaster villosulus;spetsoxbär;Art;122;Urban miljö (U) - Stor betydelse;NA;
220483;102733;Crataegus crus-galli;sporrhagtorn;Art;15;Urban miljö (U) - Stor betydelse;NA;
6002801;102734;Crataegus douglasii;douglashagtorn;Art;24;;NA;
223010;102735;Crataegus flabellata;kanadahagtorn;Art;1248;Urban miljö (U) - Stor betydelse;NA;
224946;102736;Crataegus flabellata var. flabellata;äkta kanadahagtorn;Varietet;132;Urban miljö (U) - Stor betydelse;NA;
224947;102737;Crataegus flabellata var. grayana;häckhagtorn;Varietet;807;Urban miljö (U) - Stor betydelse;NA;
265370;102739;Crataegus × lavallei;glanshagtorn;Art;36;;NA;
265371;102740;Crataegus macracantha;spjuthagtorn;Art;44;;NA;
223013;102746;Crataegus orientalis;luddhagtorn;Art;12;Urban miljö (U) - Stor betydelse;NA;
265372;102747;Crataegus × persimilis;sylhagtorn;Art;38;Urban miljö (U) - Stor betydelse;NA;
223015;102753;Crataegus sanguinea;sibirisk hagtorn;Art;58;Urban miljö (U) - Stor betydelse;NA;
223016;102755;Crataegus submollis;trädhagtorn;Art;109;Urban miljö (U) - Stor betydelse;NA;
219663;102761;Cydonia oblonga;kvitten;Art;210;Urban miljö (U) - Stor betydelse;NA;
223019;102763;Dasiphora davurica;rysk vittok;Art;60;Urban miljö (U) - Stor betydelse;NA;
264475;102765;Dasiphora fruticosa subsp. floribunda;sydtok;Underart;683;Urban miljö (U) - Stor betydelse;NA;
223021;102770;Drymocallis arguta;;Art;1;Urban miljö (U) - Stor betydelse;NA;
259731;102773;Eriobotrya japonica;japansk mispel;Art;10;Urban miljö (U) - Stor betydelse;NA;
6034773;102775;Exochorda × macrantha;;Art;0;;;
235121;102776;Exochorda racemosa;pärlbuske;Art;66;Urban miljö (U) - Stor betydelse;NA;
220142;102778;Filipendula camtschatica;jätteälggräs;Art;82;Urban miljö (U) - Stor betydelse;NA;
6324448;102779;Filipendula multijuga;litet älggräs;Art;1;;NA;
265374;102780;Filipendula × purpurea;japanskt älggräs;Art;1;;NA;
235031;102781;Filipendula rubra;amerikanskt älggräs;Art;61;Urban miljö (U) - Stor betydelse;NA;
223029;102785;Fragaria × ananassa;jordgubbe;Art;1951;Urban miljö (U) - Stor betydelse;NA;
264476;102786;Fragaria chiloënsis;jättesmultron;Art;6;Urban miljö (U) - Stor betydelse;NA;
219676;102787;Fragaria moschata;parksmultron;Art;6402;Urban miljö (U) - Stor betydelse;NA;
259672;102789;Fragaria vesca var. semperflorens;månadssmultron;Varietet;0;;;
223031;102792;Fragaria virginiana;scharlakanssmultron;Art;59;Urban miljö (U) - Stor betydelse;NA;
221490;102801;Geum aleppicum;rysk nejlikrot;Art;124;Urban miljö (U) - Stor betydelse;NA;
235034;102802;Geum coccineum;röd nejlikrot;Art;96;Urban miljö (U) - Stor betydelse;NA;
223036;102805;Geum macrophyllum;amerikansk nejlikrot;Art;1057;Urban miljö (U) - Stor betydelse, Skog (S) - Har betydelse;NA;
264480;102806;Geum macrophyllum subsp. macrophyllum;stor nejlikrot;Underart;227;Urban miljö (U) - Stor betydelse;NA;
264481;102807;Geum macrophyllum subsp. perincisum;vägnejlikrot;Underart;19;Urban miljö (U) - Stor betydelse;NA;
6051251;102808;Geum montanum;bergnejlikrot;Art;3;;NA;
259683;102824;Gillenia trifoliata;gillenia;Art;32;Urban miljö (U) - Stor betydelse;NA;
222503;102826;Holodiscus discolor;vippspirea;Art;198;Urban miljö (U) - Stor betydelse;NA;
220216;102828;Kerria japonica;kerria;Art;314;Urban miljö (U) - Stor betydelse;NA;
235122;102830;Malus × atrosanguinea;karminapel;Art;2;Urban miljö (U) - Stor betydelse;NA;
222031;102831;Malus baccata;bärapel;Art;217;Urban miljö (U) - Stor betydelse;NA;
6332751;102832;Malus baccata var. baccata;äkta bärapel;Varietet;0;;NA;
6332750;102833;Malus baccata var. mandshurica;manchurisk bärapel;Varietet;2;;NA;
223045;102834;Malus domestica;apel;Art;22571;Skog (S) - Stor betydelse, Urban miljö (U) - Stor betydelse, Jordbrukslandskap (J) - Har betydelse;NA;
264482;102835;Malus floribunda;rosenapel;Art;63;Urban miljö (U) - Stor betydelse;NA;
261065;102836;Malus prunifolia;sibirisk apel;Art;70;Urban miljö (U) - Stor betydelse;NA;
223044;102837;Malus × purpurea;purpurapel;Art;224;Urban miljö (U) - Stor betydelse;NA;
223047;102839;Malus toringo;rönnbärsapel;Art;398;Urban miljö (U) - Stor betydelse;NA;
224960;102840;Malus toringo var. sargentii;bukettapel;Varietet;20;Urban miljö (U) - Stor betydelse;;
6333344;102841;Malus toringo var. toringo;;Varietet;1;;;
6053217;102842;Malus tschonoskii;cinnoberapel;Art;14;;NA;
265369;102845;Mespilus germanica;mispel;Art;50;Urban miljö (U) - Stor betydelse;NA;
223244;102847;Neillia incisa;stefanandra;Art;295;Urban miljö (U) - Stor betydelse;NA;
223471;102855;Physocarpus opulifolius;smällspirea;Art;720;Urban miljö (U) - Stor betydelse;NA;
259685;102857;Potentilla alba;vit fingerört;Art;62;Urban miljö (U) - Stor betydelse;NA;
223054;102867;Potentilla atrosanguinea;blodfingerört/silkesfingerört;Art;81;Urban miljö (U) - Stor betydelse;NA;
224970;102869;Potentilla atrosanguinea var. atrosanguinea;blodfingerört;Varietet;0;Urban miljö (U) - Stor betydelse;NA;
223055;102871;Potentilla buccoana;;Art;2;Urban miljö (U) - Stor betydelse;NA;
223059;102882;Potentilla inclinata;rysk fingerört;Art;129;Urban miljö (U) - Stor betydelse;NA;
232968;102883;Potentilla indica;skensmultron;Art;67;Urban miljö (U) - Stor betydelse;NA;
223060;102885;Potentilla intermedia;finsk fingerört;Art;2238;Urban miljö (U) - Stor betydelse, Jordbrukslandskap (J) - Har betydelse;NA;
264488;102889;Potentilla megalantha;storblommig fingerört;Art;33;Urban miljö (U) - Stor betydelse;NA;
223061;102890;Potentilla micrantha;späd fingerört;Art;172;Urban miljö (U) - Stor betydelse;NA;
264489;102894;Potentilla nepalensis;indisk fingerört;Art;82;Urban miljö (U) - Stor betydelse;NA;
224979;102899;Potentilla norvegica subsp. hirsuta;;Underart;15;Urban miljö (U) - Stor betydelse;NA;
223065;102903;Potentilla pulcherrima;skönfingerört;Art;4;Urban miljö (U) - Stor betydelse;NA;
223066;102904;Potentilla recta;styv fingerört;Art;1612;Urban miljö (U) - Stor betydelse;NA;
224981;102905;Potentilla recta subsp. pilosa;;Underart;2;Urban miljö (U) - Stor betydelse;NA;
224982;102906;Potentilla recta subsp. recta;;Underart;12;Urban miljö (U) - Stor betydelse;NA;
223072;102912;Potentilla supina;kvarnfingerört;Art;89;Urban miljö (U) - Stor betydelse;NA;
6046623;102917;Potentilla thurberi;rostfingerört;Art;6;;NA;
223074;102918;Potentilla thuringiaca;tysk fingerört;Art;2003;Urban miljö (U) - Stor betydelse;NA;
224984;102919;Potentilla thuringiaca subsp. goldbachii;;Underart;43;Urban miljö (U) - Stor betydelse;NA;
224985;102920;Potentilla thuringiaca subsp. thuringiaca;;Underart;146;Jordbrukslandskap (J) - Stor betydelse, Urban miljö (U) - Stor betydelse;NA;
6329077;102945;Pourthiaea villosa;glansmispel;Art;43;;NA;
221786;102947;Prunus armeniaca;aprikos;Art;27;Urban miljö (U) - Stor betydelse;NA;
223077;102950;Prunus cerasifera;körsbärsplommon;Art;1810;Urban miljö (U) - Stor betydelse;NA;
223080;102956;Prunus dulcis;mandel;Art;52;Urban miljö (U) - Stor betydelse;NA;
6053235;102957;Prunus grayana;pärlhägg;Art;46;;NA;
6332722;102958;Prunus incisa;dvärgkörsbär;Art;13;;NA;
223081;102959;Prunus laurocerasus;lagerhägg;Art;891;Urban miljö (U) - Stor betydelse;NA;
264490;102960;Prunus maackii;näverhägg;Art;70;Urban miljö (U) - Stor betydelse;NA;
223082;102961;Prunus mahaleb;vejksel;Art;736;Urban miljö (U) - Stor betydelse, Jordbrukslandskap (J) - Har betydelse;NA;
232953;102965;Prunus pensylvanica;amerikanskt häggkörsbär;Art;46;Urban miljö (U) - Stor betydelse;NA;
223084;102966;Prunus persica;persika;Art;498;Urban miljö (U) - Stor betydelse;NA;
6008636;102967;Prunus pumila;sandkörsbär;Art;16;Urban miljö (U) - Stor betydelse;NA;
6008688;102968;Prunus pumila var. depressa;sandkörsbär;Varietet;0;Urban miljö (U) - Stor betydelse;NA;
264491;102969;Prunus sargentii;bergkörsbär;Art;74;Urban miljö (U) - Stor betydelse;NA;
223085;102970;Prunus serotina;glanshägg;Art;583;Urban miljö (U) - Stor betydelse;NA;
266095;102971;Prunus serrulata;japanskt prydnadskörsbär;Art;240;Urban miljö (U) - Stor betydelse;NA;
6053234;102973;Prunus ssiori;sachalinhägg;Art;40;;NA;
223087;102974;Prunus tenella;dvärgmandel;Art;136;Urban miljö (U) - Stor betydelse;NA;
261639;102976;Prunus triloba;rosenmandel;Art;15;Urban miljö (U) - Stor betydelse;NA;
223088;102977;Prunus virginiana;virginiahägg;Art;450;Urban miljö (U) - Stor betydelse;NA;
6319425;102985;Pseudocydonia sinensis;kinesisk kvitten;Art;0;;NA;
223090;102987;Pyracantha coccinea;eldtorn;Art;791;Urban miljö (U) - Stor betydelse;NA;
223091;102990;Pyrus communis;päron;Art;6150;Urban miljö (U) - Stor betydelse, Jordbrukslandskap (J) - Har betydelse, Skog (S) - Har betydelse;NA;
223092;102991;Pyrus pyraster;vildpäron;Art;336;Urban miljö (U) - Stor betydelse;NA;
235123;102992;Pyrus salicifolia;vitbladigt päron;Art;56;Urban miljö (U) - Stor betydelse;NA;
223094;102996;Rosa × alba;jungfruros;Art;393;Urban miljö (U) - Stor betydelse;NA;
224993;102997;Rosa × alba 'Minette';nordisk ros;Sort;138;;NA;
6034675;102999;Rosa beggeriana;persisk ärtros;Art;21;;NA;
223105;103006;Rosa carolina;carolinaros;Art;86;Urban miljö (U) - Stor betydelse;NA;
223095;103007;Rosa × centifolia;centifoliaros;Art;46;Urban miljö (U) - Stor betydelse;NA;
223096;103009;Rosa × damascena;damascenerros;Art;148;Urban miljö (U) - Stor betydelse;NA;
223107;103011;Rosa elliptica;tyskros;Art;104;Jordbrukslandskap (J) - Stor betydelse, Urban miljö (U) - Stor betydelse;NA;
225009;103012;Rosa elliptica subsp. elliptica;tyskros;Underart;0;;;
6333499;103013;Rosa Floribunda-Gruppen;floribundaros;Hybrid;0;;;
223108;103014;Rosa foetida;turkisk gulros;Art;47;Urban miljö (U) - Stor betydelse;NA;
223097;103015;Rosa × francofurtana;kyrkogårdsros;Art;57;Urban miljö (U) - Stor betydelse;NA;
223109;103016;Rosa gallica;provinsros;Art;316;Urban miljö (U) - Stor betydelse;NA;
223110;103018;Rosa glauca;daggros;Art;4068;Urban miljö (U) - Stor betydelse, Jordbrukslandskap (J) - Har betydelse;NA;
223098;103019;Rosa × harisonii;gul pimpinellros;Art;127;Urban miljö (U) - Stor betydelse;NA;
223111;103021;Rosa hugonis;kinesisk gulros;Art;58;Urban miljö (U) - Stor betydelse;NA;
6319398;103023;Rosa × kordesii;kordesii-ros;Art;15;;NA;
223113;103024;Rosa laxa;;Art;2;Urban miljö (U) - Stor betydelse;NA;
225013;103026;Rosa majalis 'Foecundissima';bukettros;Sort;563;;NA;
264494;103032;Rosa moyesii;mandarinros;Art;176;Urban miljö (U) - Stor betydelse;NA;
223115;103033;Rosa multiflora;japansk klätterros;Art;1386;Urban miljö (U) - Stor betydelse;NA;
223116;103034;Rosa nitida;dockros;Art;105;Urban miljö (U) - Stor betydelse;NA;
223117;103036;Rosa pendulina;bergros;Art;211;Urban miljö (U) - Stor betydelse;NA;
6332748;103037;Rosa Polyantha-Gruppen;polyantaros;Hybrid;12;;NA;
223120;103039;Rosa rugosa;vresros;Art;24015;Havsstrand (H) - Stor betydelse, Urban miljö (U) - Stor betydelse, Jordbrukslandskap (J) - Har betydelse;NA;
6333503;103040;Rosa Rugosa-Gruppen;rugosa-ros;Art;0;;;
223100;103041;Rosa × rugotida;dockvresros;Art;31;Urban miljö (U) - Stor betydelse;NA;
223121;103042;Rosa sericea;västlig fyrtalsros;Art;0;Urban miljö (U) - Stor betydelse;NA;
225019;103043;Rosa sericea f. pteracantha;vingros;Form;0;;NA;
223099;103045;Rosa × spaethiana;holländsk ros;Art;1623;Urban miljö (U) - Stor betydelse;NA;
225015;103047;Rosa pimpinellifolia var. altaica;stor pimpinellros;Varietet;0;;;
264495;103051;Rosa × suberectiformis;borstros;Art;30;Urban miljö (U) - Stor betydelse;NA;
6324130;103054;Rosa wichurana;krypros;Art;24;;NA;
225022;103055;Rosa villosa;plommonros;Art;1525;Jordbrukslandskap (J) - Stor betydelse, Urban miljö (U) - Stor betydelse;NA;
223126;103057;Rosa virginiana;glansros;Art;1393;Urban miljö (U) - Stor betydelse;NA;
225002;103072;Rosa majalis × vosagiaca agg.;kanelros × nyponros (aggregat);Hybrid;1;Jordbrukslandskap (J) - Stor betydelse;NA;
223174;103084;Rubus odoratus;rosenhallon;Art;2268;Urban miljö (U) - Stor betydelse;NA;
223175;103085;Rubus parviflorus;nutkahallon;Art;115;Urban miljö (U) - Stor betydelse;NA;
223127;103092;Rubus × stellarcticus;allåkerbär;Art;20;Urban miljö (U) - Stor betydelse;NA;
259667;103097;Rubus × neglectus;purpurhallon;Art;5;Urban miljö (U) - Stor betydelse;NA;
223177;103099;Rubus phoenicolasius;vinhallon;Art;41;Urban miljö (U) - Stor betydelse;NA;
223190;103101;Rubus spectabilis;prunkhallon;Art;63;Urban miljö (U) - Stor betydelse;NA;
6332708;103102;Rubus idaeus × occidentalis;hallon × svarthallon;Hybrid;1;;NA;
264498;103120;Rubus fabrimontanus var. fabrimontanus;uddbjörnbär;Varietet;19;Jordbrukslandskap (J) - Stor betydelse;NA;
264502;103182;Rubus acanthodes;saxiskt björnbär;Art;30;Urban miljö (U) - Stor betydelse;NA;
223128;103183;Rubus allegheniensis;sammetsbjörnbär;Art;251;Jordbrukslandskap (J) - Stor betydelse, Urban miljö (U) - Stor betydelse;NA;
223130;103186;Rubus armeniacus;armeniskt björnbär;Art;3374;Jordbrukslandskap (J) - Stor betydelse, Urban miljö (U) - Stor betydelse;NA;
264504;103192;Rubus 'Bedford Giant';bedfordbjörnbär;Art;219;;NA;
235038;103193;Rubus bertramii;bertramsbjörnbär;Art;16;Urban miljö (U) - Stor betydelse;NA;
264505;103195;Rubus canadensis;kanadabjörnbär;Art;5;Jordbrukslandskap (J) - Stor betydelse;NA;
223137;103198;Rubus chlorothyrsos;smalbjörnbär;Art;15;Urban miljö (U) - Stor betydelse;NA;
223148;103210;Rubus flexuosus;slingerbjörnbär;Art;13;Urban miljö (U) - Stor betydelse;NA;
6010536;103211;Rubus foliosus;;Art;30;Skog (S) - Stor betydelse;NA;
223152;103217;Rubus gratus;storbjörnbär;Art;125;Urban miljö (U) - Stor betydelse;NA;
235039;103219;Rubus henrici-weberi;Webers björnbär;Art;41;Urban miljö (U) - Stor betydelse;NA;
6010537;103220;Rubus hirtus;esaubjörnbär;Art;20;Jordbrukslandskap (J) - Stor betydelse;NA;
265443;103221;Rubus hypomalacus;kambjörnbär;Art;1;;NA;
267125;103226;Rubus koehleri;Köhlers björnbär;Art;22;Urban miljö (U) - Stor betydelse;NA;
223159;103228;Rubus laciniatus;flikbjörnbär;Art;3296;Urban miljö (U) - Stor betydelse, Jordbrukslandskap (J) - Har betydelse;NA;
223162;103232;Rubus lasiandrus;beneluxbjörnbär;Art;19;Urban miljö (U) - Stor betydelse;NA;
223163;103233;Rubus leptothyrsos;stavbjörnbär;Art;37;Urban miljö (U) - Stor betydelse;NA;
6051090;103243;Rubus myricae;hedbjörnbär;Art;15;;NA;
223171;103244;Rubus nemoralis;norskt björnbär;Art;29;Jordbrukslandskap (J) - Stor betydelse, Urban miljö (U) - Stor betydelse;NA;
265454;103250;Rubus pallidus;blekblomsbjörnbär;Art;20;;NA;
235040;103253;Rubus platyacanthus;konbjörnbär;Art;22;Urban miljö (U) - Stor betydelse;NA;
235041;103260;Rubus rubercadaver;skönbjörnbär;Art;34;Urban miljö (U) - Stor betydelse;NA;
264506;103261;Rubus rudis;strävbjörnbär;Art;23;Skog (S) - Stor betydelse;NA;
223188;103265;Rubus senticosus;taggbjörnbär;Art;33;Urban miljö (U) - Stor betydelse;NA;
6010538;103271;Rubus thelybatos;;Art;3;Skog (S) - Stor betydelse;NA;
6051091;103278;Rubus vulgaris;rännbjörnbär;Art;22;;NA;
6043357;103280;Rubus canescens × ulmifolius;;Hybrid;10;;NA;
223167;103284;Rubus loganobaccus;loganbär;Art;9;Urban miljö (U) - Stor betydelse;NA;
6324894;103298;Rubus caesius × sect. Rubus;blåhallon × äkta björnbär;Hybrid;39;;NA;
223200;103300;Sanguisorba alpina;gråpimpinell;Art;2;Urban miljö (U) - Stor betydelse;NA;
265459;103301;Sanguisorba canadensis;kanadapimpinell;Art;33;;NA;
223201;103304;Sanguisorba dodecandra;axpimpinell;Art;93;Urban miljö (U) - Stor betydelse;NA;
6007370;103308;Sanguisorba tenuifolia;hängpimpinell;Art;47;Urban miljö (U) - Stor betydelse;NA;
6331432;103311;Sibbaldia tridentata;tretandsfingerört;Art;28;;NA;
1285;103313;Sibbaldianthe bifurca;spetsfingerört;Art;404;Urban miljö (U) - Stor betydelse, Jordbrukslandskap (J) - Har betydelse;NA;
265464;103314;Sibbaldianthe bifurca subsp. orientalis;spetsfingerört;Underart;0;Urban miljö (U) - Stor betydelse;NA;
223206;103316;Sorbaria kirilowii;stor rönnspirea;Art;105;Urban miljö (U) - Stor betydelse;NA;
223207;103317;Sorbaria sorbifolia;rönnspirea;Art;3996;Urban miljö (U) - Stor betydelse;NA;
6007371;103319;Sorbaria kirilowii × sorbifolia;stor rönnspirea × rönnspirea;Hybrid;16;Urban miljö (U) - Stor betydelse;NA;
6328969;103321;Sorbus alnifolia;körsbärsoxel;Art;21;;NA;
223208;103322;Sorbus aria;vitoxel;Art;1156;Urban miljö (U) - Stor betydelse, Jordbrukslandskap (J) - Har betydelse;NA;
261644;103328;Sorbus austriaca;österrikisk oxel;Art;50;Urban miljö (U) - Stor betydelse;NA;
6002816;103329;Sorbus commixta;japansk rönn;Art;41;;NA;
223210;103330;Sorbus × decipiens;skarpsågad oxel;Art;8;Urban miljö (U) - Stor betydelse;NA;
223211;103332;Sorbus graeca;balkanoxel;Art;236;Urban miljö (U) - Stor betydelse;NA;
6051085;103336;Sorbus ’Joseph Rock’;ambrarönn;Art;0;;NA;
223214;103337;Sorbus koehneana;pärlrönn;Art;53;Urban miljö (U) - Stor betydelse;NA;
223215;103339;Sorbus latifolia;bergoxel;Art;309;Urban miljö (U) - Stor betydelse;NA;
223217;103344;Sorbus mougeotii;häckoxel;Art;364;Urban miljö (U) - Stor betydelse;NA;
6332757;103347;Sorbus prattii;praktpärlrönn;Art;4;;NA;
223219;103348;Sorbus rotundifolia;;Art;0;Urban miljö (U) - Stor betydelse;;
6007372;103355;Sorbus × thuringiaca;hybridoxel;Art;63;Urban miljö (U) - Stor betydelse;NA;
264508;103359;Sorbus torminalis;tyskoxel;Art;67;Urban miljö (U) - Stor betydelse;NA;
6007373;103360;Sorbus ulleungensis;ullungrönn;Art;87;Urban miljö (U) - Stor betydelse;NA;
6053218;103362;Sorbus vestita;himalayaoxel;Art;0;;NA;
223230;103370;Spiraea arcuata;himalayaspirea;Art;4;Urban miljö (U) - Stor betydelse;NA;
223222;103371;Spiraea × arguta;brudspirea;Art;702;Urban miljö (U) - Stor betydelse;NA;
223231;103372;Spiraea betulifolia;björkspirea;Art;204;Urban miljö (U) - Stor betydelse;NA;
223223;103373;Spiraea × billardii;klasespirea;Art;5478;Urban miljö (U) - Stor betydelse;NA;
264509;103374;Spiraea cana;gråspirea;Art;22;Urban miljö (U) - Stor betydelse;NA;
223232;103376;Spiraea chamaedryfolia;kvastspirea;Art;1885;Urban miljö (U) - Stor betydelse, Jordbrukslandskap (J) - Har betydelse, Skog (S) - Har betydelse;NA;
223224;103377;Spiraea × cinerea;hybridspirea;Art;759;Urban miljö (U) - Stor betydelse;NA;
223233;103378;Spiraea corymbosa;rundspirea;Art;26;Urban miljö (U) - Stor betydelse;NA;
223234;103379;Spiraea crenata;altajspirea;Art;23;Urban miljö (U) - Stor betydelse;NA;
223235;103380;Spiraea douglasii;douglasspirea;Art;505;Urban miljö (U) - Stor betydelse;NA;
223225;103381;Spiraea × fontenaysii;fontenayspirea;Art;47;Urban miljö (U) - Stor betydelse;NA;
223237;103384;Spiraea japonica;praktspirea;Art;2208;Urban miljö (U) - Stor betydelse;NA;
225044;103385;Spiraea japonica ´Albiflora´;höstspirea;Sort;0;;NA;
225045;103386;Spiraea japonica ´Anthony Waterer´;rosenspirea;Sort;0;;NA;
259673;103387;Spiraea japonica ´Little Princess´;;Sort;0;;NA;
223238;103388;Spiraea latifolia;bredspirea;Art;209;Urban miljö (U) - Stor betydelse;NA;
223226;103389;Spiraea × macrothyrsa;storspirea;Art;535;Urban miljö (U) - Stor betydelse;NA;
223239;103390;Spiraea media;fransspirea;Art;113;Urban miljö (U) - Stor betydelse;NA;
223240;103391;Spiraea nipponica;girlandspirea;Art;39;Urban miljö (U) - Stor betydelse;NA;
223227;103392;Spiraea × rosalba;torpspirea;Art;1592;Urban miljö (U) - Stor betydelse, Jordbrukslandskap (J) - Har betydelse, Skog (S) - Har betydelse;NA;
223228;103393;Spiraea × rubella;blekspirea;Art;2100;Urban miljö (U) - Stor betydelse, Jordbrukslandskap (J) - Har betydelse, Skog (S) - Har betydelse;NA;
223241;103394;Spiraea salicifolia;häckspirea;Art;5095;Urban miljö (U) - Stor betydelse, Jordbrukslandskap (J) - Har betydelse;NA;
6010699;103395;Spiraea salicifolia agg.;häckspirea (aggregat);Artkomplex;15725;;NA;
264282;103397;Spiraea sargentiana;sargentspirea;Art;12;Urban miljö (U) - Stor betydelse;NA;
223242;103398;Spiraea tomentosa;luddspirea;Art;77;Urban miljö (U) - Stor betydelse, Skog (S) - Har betydelse, Våtmark (V) - Har betydelse;NA;
223243;103399;Spiraea trilobata;sibirisk spirea;Art;125;Urban miljö (U) - Stor betydelse;NA;
223229;103400;Spiraea × vanhouttei;bukettspirea;Art;1015;Urban miljö (U) - Stor betydelse;NA;
223254;103403;Waldsteinia geoides;rosettwaldsteinia;Art;111;Urban miljö (U) - Stor betydelse;NA;
223255;103404;Waldsteinia ternata;waldsteinia;Art;283;Urban miljö (U) - Stor betydelse;NA;
220980;103408;Elaeagnus angustifolia;smalbladig silverbuske;Art;110;Urban miljö (U) - Stor betydelse;NA;
223023;103409;Elaeagnus commutata;silverbuske;Art;934;Urban miljö (U) - Stor betydelse;NA;
265478;103410;Elaeagnus umbellata;koreansk silverbuske;Art;42;;NA;
223245;103424;Ulmus x hollandica;hybridalm;Art;274;Urban miljö (U) - Stor betydelse;NA;
6325013;103430;Zelkova serrata;japansk zelkova;Art;9;;NA;
220026;103433;Cannabis sativa;hampa;Art;1992;Urban miljö (U) - Stor betydelse;NA;
6034788;103435;Celtis australis;europeisk bäralm;Art;4;;NA;
221099;103437;Humulus japonicus;japansk humle;Art;22;Urban miljö (U) - Stor betydelse;NA;
222485;103443;Ficus carica;fikon;Art;466;Urban miljö (U) - Stor betydelse;NA;
220562;103445;Morus alba;vitt mullbär;Art;91;Urban miljö (U) - Stor betydelse;NA;
6002819;103446;Morus nigra;svart mullbär;Art;47;;NA;
221755;103449;Parietaria judaica;grenig väggört;Art;172;Urban miljö (U) - Stor betydelse;NA;
264510;103453;Pilea hyalina;;Art;3;Urban miljö (U) - Stor betydelse;NA;
264511;103454;Pilea microphylla;mosspilea;Art;3;Urban miljö (U) - Stor betydelse;NA;
265480;103456;Soleirolia soleirolii;hemtrevnad;Art;14;Urban miljö (U) - Stor betydelse;NA;
223249;103458;Urtica cannabina;hampnässla;Art;11;Urban miljö (U) - Stor betydelse;NA;
223251;103467;Urtica membranacea;bandnässla;Art;33;Urban miljö (U) - Stor betydelse;NA;
223252;103468;Urtica pilulifera;romersk nässla;Art;10;Urban miljö (U) - Stor betydelse;NA;
6328966;103474;Nothofagus antarctica;sydbok;Art;32;;NA;
221082;103477;Castanea sativa;äkta kastanj;Art;496;Urban miljö (U) - Stor betydelse;NA;
6332756;103479;Fagus grandifolia;amerikansk bok;Art;15;;NA;
6008888;103480;Fagus orientalis;orientbok;Art;29;;NA;
260363;103483;Quercus alba;vitek;Art;20;Urban miljö (U) - Stor betydelse;NA;
221404;103484;Quercus cerris;turkisk ek;Art;208;Urban miljö (U) - Stor betydelse;NA;
6319430;103485;Quercus frainetto;ungersk ek;Art;7;;NA;
6008924;103487;Quercus palustris;kärrek;Art;101;;NA;
221407;103492;Quercus rubra;rödek;Art;1846;Urban miljö (U) - Stor betydelse, Skog (S) - Har betydelse;NA;
6044406;103493;Quercus palustris × rubra;kärrek × rödek;Hybrid;18;;NA;
235115;103502;Carya ovata;skidhickory;Art;32;Urban miljö (U) - Stor betydelse;NA;
6328970;103504;Juglans ailantifolia;japansk valnöt;Art;21;;NA;
232956;103505;Juglans cinerea;grå valnöt;Art;182;Urban miljö (U) - Stor betydelse;NA;
259669;103506;Juglans mandshurica;manchurisk valnöt;Art;241;Urban miljö (U) - Stor betydelse;NA;
264512;103507;Juglans nigra;svart valnöt;Art;13;Urban miljö (U) - Stor betydelse;NA;
223345;103508;Juglans regia;valnöt;Art;917;Skog (S) - Stor betydelse, Urban miljö (U) - Stor betydelse;NA;
222761;103510;Pterocarya fraxinifolia;kaukasisk vingnöt;Art;427;Urban miljö (U) - Stor betydelse;NA;
6040145;103511;Pterocarya rhoifolia;japansk vingnöt;Art;49;;NA;
221391;103514;Alnus alnobetula;björkal;Art;109;Urban miljö (U) - Stor betydelse;NA;
264514;103516;Alnus alnobetula subsp. crispa;amerikansk björkal;Underart;1;Urban miljö (U) - Stor betydelse;NA;
6332753;103517;Alnus alnobetula subsp. fruticosa;sibirisk björkal;Underart;1;;NA;
6002820;103519;Alnus cordata;italiensk al;Art;70;;NA;
221390;103526;Alnus incana subsp. rugosa;hasselal;Underart;55;Urban miljö (U) - Stor betydelse;NA;
6331434;103527;Alnus mandschurica;;Art;20;;NA;
221389;103528;Alnus rubra;rödal;Art;12;Urban miljö (U) - Stor betydelse;NA;
6331112;103532;Betula grossa;japansk körsbärsbjörk;Art;28;;NA;
221393;103538;Betula papyrifera;pappersbjörk;Art;74;Urban miljö (U) - Stor betydelse;NA;
6053240;103559;Carpinus japonica;japansk avenbok;Art;24;;NA;
235116;103563;Corylus colurna;turkhassel;Art;99;Urban miljö (U) - Stor betydelse;NA;
221398;103565;Corylus maxima;filberthassel;Art;101;Urban miljö (U) - Stor betydelse;NA;
220998;103571;Bryonia dioica;röd hundrova;Art;1090;Urban miljö (U) - Stor betydelse, Jordbrukslandskap (J) - Har betydelse;NA;
220089;103573;Citrullus colocynthis;kolokvint;Art;28;Urban miljö (U) - Stor betydelse;NA;
221000;103574;Citrullus lanatus;vattenmelon;Art;793;Urban miljö (U) - Stor betydelse;NA;
264519;103576;Cucumis dipsaceus;igelkottsgurka;Art;16;Urban miljö (U) - Stor betydelse;NA;
222145;103577;Cucumis melo;melon;Art;946;Urban miljö (U) - Stor betydelse;NA;
221002;103578;Cucumis metuliferus;kiwano;Art;6;Urban miljö (U) - Stor betydelse;NA;
221003;103579;Cucumis myriocarpus;krusbärsgurka;Art;33;Urban miljö (U) - Stor betydelse;NA;
221004;103580;Cucumis sativus;gurka;Art;200;Urban miljö (U) - Stor betydelse;NA;
221005;103582;Cucurbita maxima;jättepumpa;Art;170;Urban miljö (U) - Stor betydelse;NA;
221006;103583;Cucurbita moschata;myskpumpa;Art;14;Urban miljö (U) - Stor betydelse;NA;
221007;103584;Cucurbita pepo;pumpa;Art;1944;Urban miljö (U) - Stor betydelse;NA;
264520;103586;Cyclanthera brachystachya;springgurka;Art;2;Urban miljö (U) - Stor betydelse;NA;
220775;103588;Ecballium elaterium;sprutgurka;Art;24;Urban miljö (U) - Stor betydelse;NA;
259719;103590;Echinocystis lobata;taggreva;Art;15;Urban miljö (U) - Stor betydelse;NA;
220220;103592;Lagenaria siceraria;flaskkurbits;Art;26;Urban miljö (U) - Stor betydelse;NA;
6324984;103594;Melothria scabra;djungelgurka;Art;12;;NA;
221011;103596;Sicyos angulatus;hårgurka;Art;1;Urban miljö (U) - Stor betydelse;NA;
221012;103598;Thladiantha dubia;berggurka;Art;62;Urban miljö (U) - Stor betydelse;NA;
6012046;103601;Begonia boliviensis;boliviabegonia;Art;19;;NA;
264521;103602;Begonia × cheimantha;julbegonia;Art;0;Urban miljö (U) - Stor betydelse;NA;
264522;103603;Begonia × semperflorens-cultorum;sommarbegonia;Art;74;Urban miljö (U) - Stor betydelse;NA;
220996;103604;Begonia × tuberhybrida;knölbegonia;Art;55;Urban miljö (U) - Stor betydelse;NA;
219651;103609;Celastrus orbiculatus;japansk träddödare;Art;179;Urban miljö (U) - Stor betydelse;NA;
6328198;103610;Celastrus scandens;amerikansk träddödare;Art;0;;NA;
248997;103612;Euonymus alatus;vingbenved;Art;88;Urban miljö (U) - Stor betydelse;NA;
235012;103615;Euonymus fortunei;klätterbenved;Art;315;Urban miljö (U) - Stor betydelse;NA;
235013;103616;Euonymus fortunei var. radicans;klätterbenved;Varietet;3;Urban miljö (U) - Stor betydelse;NA;
6007391;103617;Euonymus hamiltonianus;tokyobenved;Art;4;Urban miljö (U) - Stor betydelse;NA;
259659;103618;Euonymus japonicus;japansk benved;Art;65;Urban miljö (U) - Stor betydelse;NA;
221528;103619;Euonymus latifolius;storbladig benved;Art;170;Urban miljö (U) - Stor betydelse;NA;
221529;103620;Euonymus nanus;dvärgbenved;Art;227;Urban miljö (U) - Stor betydelse;NA;
267124;103621;Euonymus oxyphyllus;bollbenved;Art;15;Urban miljö (U) - Stor betydelse;NA;
6002824;103622;Euonymus planipes;körsbärsbenved;Art;57;;NA;
222120;103630;Oxalis articulata;lyckoklöver;Art;35;Urban miljö (U) - Stor betydelse;NA;
222121;103631;Oxalis corniculata;krypoxalis;Art;903;Urban miljö (U) - Stor betydelse;NA;
222122;103632;Oxalis debilis;lökoxalis;Art;6;Urban miljö (U) - Stor betydelse;NA;
224497;103633;Oxalis debilis var. corymbosa;lökoxalis;Varietet;2;Urban miljö (U) - Stor betydelse;NA;
6331719;103634;Oxalis depressa;soloxalis;Art;6;;NA;
222123;103635;Oxalis dillenii;prärieoxalis;Art;324;Urban miljö (U) - Stor betydelse;NA;
222124;103636;Oxalis exilis;dvärgoxalis;Art;10;Urban miljö (U) - Stor betydelse;NA;
222126;103637;Oxalis incarnata;ampeloxalis;Art;1;Urban miljö (U) - Stor betydelse;NA;
259718;103638;Oxalis lasiandra;palmoxalis;Art;4;Urban miljö (U) - Stor betydelse;NA;
265488;103639;Oxalis latifolia;;Art;5;;NA;
222127;103640;Oxalis pes-caprae;getoxalis;Art;1;Urban miljö (U) - Stor betydelse;NA;
222128;103641;Oxalis regnellii;snöoxalis;Art;43;Urban miljö (U) - Stor betydelse;NA;
222125;103642;Oxalis stricta;klöveroxalis;Art;4725;Urban miljö (U) - Stor betydelse;NA;
222129;103643;Oxalis tetraphylla;rosettoxalis;Art;174;Urban miljö (U) - Stor betydelse;NA;
232957;103644;Oxalis triangularis;triangeloxalis;Art;236;Urban miljö (U) - Stor betydelse;NA;
222130;103645;Oxalis valdiviensis;guldoxalis;Art;52;Urban miljö (U) - Stor betydelse;NA;
265533;103649;Hypericum androsaemum;läkehyperikum;Art;6;;NA;
6040110;103651;Hypericum ascyron;kransjohannesört;Art;1;;NA;
222853;103652;Hypericum calycinum;prakthyperikum;Art;98;Urban miljö (U) - Stor betydelse;NA;
6037473;103653;Hypericum cerastoides;försommarjohannesört;Art;46;;NA;
6040111;103654;Hypericum densiflorum;rosmarinhyperikum;Art;25;;NA;
221974;103656;Hypericum forrestii;buskhyperikum;Art;38;Urban miljö (U) - Stor betydelse;NA;
264585;103657;Hypericum 'Hidcote';vinterhyperikum;Art;23;Urban miljö (U) - Stor betydelse;NA;
265536;103661;Hypericum × inodorum;bärhyperikum;Art;30;Urban miljö (U) - Stor betydelse;NA;
6329097;103662;Hypericum kalmianum;kanadahyperikum;Art;46;;NA;
221979;103666;Hypericum olympicum;olympjohannesört;Art;40;Urban miljö (U) - Stor betydelse;NA;
1661;103684;Viola alba;silverviol;Art;723;Jordbrukslandskap (J) - Stor betydelse, Urban miljö (U) - Stor betydelse;NA;
6007699;103686;Viola banksii;murgrönsviol;Art;6;Urban miljö (U) - Stor betydelse;NA;
221997;103692;Viola cornuta;hornviol;Art;204;Urban miljö (U) - Stor betydelse;NA;
6010702;103693;Viola cornuta agg.;hornviol (aggregat);Artkomplex;289;;NA;
266192;103716;Viola sororia;fjärilsviol;Art;30;Urban miljö (U) - Stor betydelse;NA;
264554;103723;Viola × williamsii;bukettviol;Art;84;Urban miljö (U) - Stor betydelse;NA;
221991;103724;Viola × wittrockiana;pensé;Art;4464;Urban miljö (U) - Stor betydelse;NA;
264528;103776;Passiflora antioquiensis;tubpassionsblomma;Art;0;Urban miljö (U) - Stor betydelse;NA;
264529;103777;Passiflora caerulea;blå passionsblomma;Art;8;Urban miljö (U) - Stor betydelse;NA;
222602;103779;Passiflora edulis;passionsfrukt;Art;132;Urban miljö (U) - Stor betydelse;NA;
222760;103782;Populus alba;silverpoppel;Art;1101;Urban miljö (U) - Stor betydelse, Jordbrukslandskap (J) - Har betydelse;NA;
223261;103784;Populus balsamifera;balsampoppel;Art;3456;Urban miljö (U) - Stor betydelse, Jordbrukslandskap (J) - Har betydelse;NA;
225056;103785;Populus balsamifera 'Elongata';jämtlandspoppel;Sort;397;;NA;
225058;103786;Populus balsamifera 'Hortensis';vanlig balsampoppel;Sort;1036;;NA;
223256;103787;Populus × berolinensis;berlinerpoppel;Art;154;Urban miljö (U) - Stor betydelse;NA;
223257;103788;Populus × canadensis;kanadapoppel;Art;1391;Urban miljö (U) - Stor betydelse;NA;
225052;103790;Populus × canadensis 'Marilandica';marylandpoppel;Sort;55;;NA;
225053;103791;Populus × canadensis 'Regenerata';sommarpoppel;Sort;5;;NA;
225054;103792;Populus × canadensis 'Robusta';goliatpoppel;Sort;88;;NA;
225055;103793;Populus × canadensis 'Serotina';höstpoppel;Sort;61;;NA;
223258;103794;Populus × canescens;gråpoppel;Art;645;Urban miljö (U) - Stor betydelse;NA;
264531;103795;Populus deltoides;virginiapoppel;Art;29;Urban miljö (U) - Stor betydelse;NA;
6053236;103798;Populus lasiocarpa;storbladig poppel;Art;20;;NA;
223262;103799;Populus laurifolia;lagerpoppel;Art;231;Urban miljö (U) - Stor betydelse;NA;
223263;103800;Populus nigra;svartpoppel;Art;958;Urban miljö (U) - Stor betydelse;NA;
225062;103802;Populus nigra subsp. nigra;äkta svartpoppel;Underart;110;Urban miljö (U) - Stor betydelse;NA;
6002699;103803;Populus nigra 'Italica'/'Plantierensis' agg.;pelarpoppel (aggregat);Artkomplex;178;;NA;
225060;103804;Populus nigra 'Italica';italiensk pelarpoppel;Sort;85;;NA;
225061;103805;Populus nigra 'Plantierensis';pelarpoppel;Sort;93;;NA;
225057;103807;Populus × ontariensis;ontariopoppel;Art;467;Jordbrukslandskap (J) - Stor betydelse, Urban miljö (U) - Stor betydelse;NA;
265498;103809;Populus × rasumowskiana;furstepoppel;Art;23;;NA;
223264;103810;Populus simonii;kinesisk poppel;Art;243;Urban miljö (U) - Stor betydelse;NA;
223266;103822;Populus trichocarpa;jättepoppel;Art;655;Urban miljö (U) - Stor betydelse;NA;
225059;103823;Populus tristis;sorgpoppel;Art;12;Jordbrukslandskap (J) - Stor betydelse, Urban miljö (U) - Stor betydelse;NA;
223260;103824;Populus × wettsteinii;hybridasp;Art;78;Urban miljö (U) - Stor betydelse;NA;
225119;103826;Salix acutifolia;spetsdaggvide;Art;330;Urban miljö (U) - Stor betydelse;NA;
223279;103827;Salix aegyptiaca;persisk sälg;Art;13;Urban miljö (U) - Stor betydelse;NA;
223280;103829;Salix alba;vitpil;Art;4077;Urban miljö (U) - Stor betydelse, Jordbrukslandskap (J) - Har betydelse;NA;
225067;103830;Salix alba var. alba;vanlig vitpil;Varietet;528;Urban miljö (U) - Stor betydelse;NA;
225068;103831;Salix alba var. sericea;silverpil;Varietet;244;Urban miljö (U) - Stor betydelse;NA;
223267;103833;Salix × alopecuroides;kavelpil;Art;234;Urban miljö (U) - Stor betydelse;NA;
225118;103837;Salix atrocinerea;rostvide;Art;4;Urban miljö (U) - Stor betydelse;NA;
265507;103839;Salix babylonica;tårpil;Art;90;Urban miljö (U) - Stor betydelse;NA;
223283;103842;Salix bicolor;gullvide;Art;53;Urban miljö (U) - Stor betydelse;NA;
223269;103845;Salix × calodendron;sammetssälg;Art;40;Urban miljö (U) - Stor betydelse;NA;
6040100;103852;Salix daphnoides var. daphnoides;alpdaggvide;Varietet;1;Våtmark (V) - Stor betydelse, Skog (S) - Har betydelse, Sötvatten (L) - Har betydelse;NA;
6040101;103854;Salix daphnoides var. pomeranica;pommernvide;Varietet;1;;NA;
223287;103856;Salix × dasyclados;sammetsvide;Art;446;Urban miljö (U) - Stor betydelse;NA;
223270;103857;Salix × ehrhartiana;balsampil;Art;312;Urban miljö (U) - Stor betydelse;NA;
223288;103858;Salix eleagnos;lavendelvide;Art;95;Urban miljö (U) - Stor betydelse;NA;
225122;103859;Salix elaeagnos subsp. angustifolia;lavendelvide;Underart;11;Urban miljö (U) - Stor betydelse;NA;
223289;103860;Salix eriocephala;styvvide;Art;13;Urban miljö (U) - Stor betydelse;NA;
6051094;103862;Salix euxina ’Bullata’;klotpil;Sort;12;;NA;
6051095;103863;Salix euxina var. euxina;vanlig knäckepil;Varietet;67;;NA;
223275;103864;Salix × fragilis;grönpil;Art;4955;Urban miljö (U) - Stor betydelse;NA;
6051092;103865;Salix × fragilis f. fragilis;vanlig grönpil;Form;168;;NA;
225065;103866;Salix × fragilis f. vitellina;gulpil;Form;149;Urban miljö (U) - Stor betydelse;NA;
6010681;103868;Salix fragilis agg.;knäckepil (aggregat);Artkomplex;10814;;NA;
6034772;103880;Salix integra;eukalyptusvide;Art;43;;NA;
223271;103887;Salix × laurina;lagervide;Art;163;Urban miljö (U) - Stor betydelse;NA;
223272;103889;Salix × meyeriana;hybridpil;Art;99;Urban miljö (U) - Stor betydelse;NA;
223273;103890;Salix × mollissima;fyrisvide;Art;418;Urban miljö (U) - Stor betydelse, Våtmark (V) - Stor betydelse, Sötvatten (L) - Har betydelse;NA;
223274;103899;Salix × pendulina;fontänpil;Art;420;Urban miljö (U) - Stor betydelse;NA;
6051096;103900;Salix × pendulina f. pendulina;vanlig fontänpil;Form;2;;NA;
223276;103901;Salix × pendulina f. salamonii;kaskadpil;Form;184;Urban miljö (U) - Stor betydelse;NA;
225066;103903;Salix × pentandroides;buskpil;Art;5;Urban miljö (U) - Stor betydelse;NA;
223277;103921;Salix × smithiana;häckvide;Art;1515;Urban miljö (U) - Stor betydelse;NA;
223278;103924;Salix × stipularis;dammvide;Art;62;Urban miljö (U) - Stor betydelse;NA;
225063;103928;Salix aegyptiaca × caprea subsp. caprea;persisk sälg × vanlig sälg;Hybrid;13;Urban miljö (U) - Stor betydelse;NA;
225064;103929;Salix aegyptiaca × repens subsp. repens;persisk sälg × krypvide;Hybrid;0;Urban miljö (U) - Stor betydelse;NA;
221953;104084;Acalypha australis;vimpelakalyfa;Art;2;Urban miljö (U) - Stor betydelse;NA;
6002825;104085;Acalypha brachystachya;;Art;4;Urban miljö (U) - Stor betydelse;NA;
6002894;104086;Acalypha virginica;;Art;0;Urban miljö (U) - Stor betydelse;NA;
220137;104092;Euphorbia agraria;bantörel;Art;35;Urban miljö (U) - Stor betydelse;NA;
265490;104093;Euphorbia amygdaloides;mandeltörel;Art;40;;NA;
235029;104094;Euphorbia chamaesyce;dvärgtörel;Art;4;Urban miljö (U) - Stor betydelse;NA;
6051244;104095;Euphorbia characias;daggtörel;Art;76;;NA;
6051245;104096;Euphorbia characias subsp. wulfenii;daggtörel;Underart;0;;NA;
221957;104099;Euphorbia dulcis;söttörel;Art;198;Urban miljö (U) - Stor betydelse;NA;
221958;104100;Euphorbia epithymoides;gulltörel;Art;474;Urban miljö (U) - Stor betydelse;NA;
221961;104104;Euphorbia falcata;åkertörel;Art;1;Urban miljö (U) - Stor betydelse;NA;
221962;104105;Euphorbia glyptosperma;;Art;2;Urban miljö (U) - Stor betydelse;NA;
6324449;104106;Euphorbia graminea;snötörel;Art;6;;NA;
264525;104109;Euphorbia hyberna;irlandstörel;Art;35;Urban miljö (U) - Stor betydelse;NA;
267004;104110;Euphorbia illirica;lentörel;Art;35;Urban miljö (U) - Stor betydelse;NA;
221964;104111;Euphorbia lathyris;korstörel;Art;179;Urban miljö (U) - Stor betydelse;NA;
221965;104112;Euphorbia maculata;fläcktörel;Art;242;Urban miljö (U) - Stor betydelse;NA;
221966;104113;Euphorbia marginata;broktörel;Art;8;Urban miljö (U) - Stor betydelse;NA;
264526;104114;Euphorbia milii;Kristi törnekrona;Art;3;Urban miljö (U) - Stor betydelse;NA;
264527;104115;Euphorbia myrsinites;myrtentörel;Art;140;Urban miljö (U) - Stor betydelse;NA;
221967;104116;Euphorbia nutans;snedtörel;Art;1;Urban miljö (U) - Stor betydelse;NA;
221970;104121;Euphorbia platyphyllos;bredtörel;Art;35;Urban miljö (U) - Stor betydelse;NA;
259714;104122;Euphorbia prostrata;sandtörel;Art;50;Urban miljö (U) - Stor betydelse;NA;
221971;104123;Euphorbia salicifolia;luddtörel;Art;206;Urban miljö (U) - Stor betydelse;NA;
6012047;104125;Euphorbia serpens;marktörel;Art;23;;NA;
221972;104126;Euphorbia stricta;styvtörel;Art;33;Urban miljö (U) - Stor betydelse;NA;
220252;104134;Mercurialis annua;grenbingel;Art;513;Urban miljö (U) - Stor betydelse;NA;
232488;104135;Mercurialis ovata;rundbingel;Art;3;Urban miljö (U) - Stor betydelse;NA;
221990;104138;Ricinus communis;ricin;Art;155;Urban miljö (U) - Stor betydelse;NA;
221027;104143;Linum austriacum;klipplin;Art;540;Urban miljö (U) - Stor betydelse;NA;
264555;104144;Linum bienne;bleklin;Art;17;Urban miljö (U) - Stor betydelse;NA;
221984;104146;Linum grandiflorum;blomsterlin;Art;319;Urban miljö (U) - Stor betydelse;NA;
264556;104147;Linum perenne;berglin;Art;14;Urban miljö (U) - Stor betydelse;NA;
221985;104148;Linum usitatissimum;lin;Art;2405;Jordbrukslandskap (J) - Stor betydelse, Urban miljö (U) - Stor betydelse;NA;
221506;104154;Leptopus chinensis;andrakne;Art;0;Urban miljö (U) - Stor betydelse;NA;
6331564;104157;Phyllanthus niruri;;Art;0;;NA;
220135;104161;Erodium botrys;lansnäva;Art;26;Urban miljö (U) - Stor betydelse;NA;
221458;104162;Erodium brachycarpum;;Art;2;Urban miljö (U) - Stor betydelse;NA;
221459;104163;Erodium chium;lobnäva;Art;1;Urban miljö (U) - Stor betydelse;NA;
265538;104164;Erodium ciconium;storknäva;Art;5;;NA;
221461;104167;Erodium cygnorum;svannäva;Art;19;Urban miljö (U) - Stor betydelse;NA;
221462;104168;Erodium geoides;;Art;3;Urban miljö (U) - Stor betydelse;NA;
221463;104169;Erodium gruinum;spåmansnäva;Art;5;Urban miljö (U) - Stor betydelse;NA;
221464;104170;Erodium malacoides;kattostnäva;Art;4;Urban miljö (U) - Stor betydelse;NA;
264587;104171;Erodium manescavii;bergnäva;Art;3;Urban miljö (U) - Stor betydelse;NA;
221465;104172;Erodium moschatum;mysknäva;Art;100;Urban miljö (U) - Stor betydelse;NA;
221466;104173;Erodium stephanianum;kinesnäva;Art;3;Urban miljö (U) - Stor betydelse;NA;
6034791;104174;Erodium × variabile;pysslingnäva;Art;7;;NA;
264588;104179;Geranium × cantabrigiense;liten flocknäva;Art;132;Urban miljö (U) - Stor betydelse;NA;
221469;104180;Geranium carolinianum;kvarnnäva;Art;2;Urban miljö (U) - Stor betydelse;NA;
221470;104181;Geranium cinereum;silkesnäva;Art;8;Urban miljö (U) - Stor betydelse;NA;
264589;104182;Geranium collinum;;Art;2;Urban miljö (U) - Stor betydelse;NA;
221473;104185;Geranium divaricatum;spretnäva;Art;18;Urban miljö (U) - Stor betydelse;NA;
221474;104186;Geranium endressii;spansknäva;Art;486;Urban miljö (U) - Stor betydelse;NA;
264590;104187;Geranium himalayense;praktnäva;Art;115;Urban miljö (U) - Stor betydelse;NA;
264591;104188;Geranium ibericum;turknäva;Art;39;Urban miljö (U) - Stor betydelse;NA;
221477;104191;Geranium macrorrhizum;flocknäva;Art;1329;Urban miljö (U) - Stor betydelse;NA;
221468;104192;Geranium × magnificum;kungsnäva;Art;342;Urban miljö (U) - Stor betydelse;NA;
261642;104194;Geranium nodosum;blanknäva;Art;209;Urban miljö (U) - Stor betydelse;NA;
6037478;104195;Geranium × oxonianum;kronnäva;Art;34;;NA;
709;104197;Geranium phaeum;brunnäva;Art;915;Urban miljö (U) - Stor betydelse;NA;
264593;104200;Geranium psilostemon;armenisk näva;Art;9;Urban miljö (U) - Stor betydelse;NA;
221482;104201;Geranium purpureum;purpurnäva;Art;2;Urban miljö (U) - Stor betydelse;NA;
6007627;104205;Geranium renardii;nätnäva;Art;26;Urban miljö (U) - Stor betydelse;NA;
224214;104206;Geranium rivulare;alpnäva;Art;1;Urban miljö (U) - Stor betydelse;NA;
221486;104210;Geranium rotundifolium;klibbnäva;Art;99;Urban miljö (U) - Stor betydelse;NA;
221488;104212;Geranium sibiricum;ryssnäva;Art;53;Urban miljö (U) - Stor betydelse;NA;
6051263;104218;Geranium himalayense × wallichianum;praktnäva × parnäva;Hybrid;83;;NA;
221115;104221;Monsonia biflora;hottentottnäva;Art;7;Urban miljö (U) - Stor betydelse;NA;
221762;104223;Pelargonium graveolens;rosengeranium;Art;47;Urban miljö (U) - Stor betydelse;NA;
266219;104224;Pelargonium grossularioides;kokospelargon;Art;6;Urban miljö (U) - Stor betydelse;NA;
6329031;104225;Pelargonium helmsii;;Art;3;;NA;
221491;104226;Pelargonium × hortorum;pelargon;Art;348;Urban miljö (U) - Stor betydelse;NA;
6007394;104227;Pelargonium myrrhifolium;korianderpelargon;Art;2;Urban miljö (U) - Stor betydelse;NA;
6007395;104228;Pelargonium myrrhifolium var. coriandrifolium;korianderpelargon;Varietet;0;Urban miljö (U) - Stor betydelse;NA;
221492;104229;Pelargonium peltatum;hängpelargon;Art;30;Urban miljö (U) - Stor betydelse;NA;
6332571;104230;Pelargonium vitifolium;vinbladspelargon;Art;4;;NA;
264594;104240;Cuphea ignea;cigarettglöd;Art;5;Urban miljö (U) - Stor betydelse;NA;
264595;104241;Cuphea lanceolata;;Art;0;Urban miljö (U) - Stor betydelse;NA;
261626;104242;Cuphea × purpurea;eldflugeblomster;Art;7;Urban miljö (U) - Stor betydelse;NA;
219662;104243;Cuphea viscosissima;indianbloss;Art;1;Urban miljö (U) - Stor betydelse;NA;
261615;104247;Lythrum acutangulum;vingfackelblomster;Art;2;Urban miljö (U) - Stor betydelse;NA;
221113;104248;Lythrum hyssopifolia;dvärgfackelblomster;Art;21;Urban miljö (U) - Stor betydelse;NA;
222085;104249;Lythrum junceum;småfackelblomster;Art;2;Urban miljö (U) - Stor betydelse;NA;
249000;104252;Lythrum × scabrum;hybridfackelblomster;Art;12;Urban miljö (U) - Stor betydelse;NA;
222088;104255;Lythrum virgatum;smalt fackelblomster;Art;31;Urban miljö (U) - Stor betydelse;NA;
225212;104257;Punica granatum;granatäpple;Art;151;Urban miljö (U) - Stor betydelse;NA;
222396;104275;Clarkia amoena;atlasblomma;Art;189;Urban miljö (U) - Stor betydelse;NA;
222057;104276;Clarkia pulchella;fjärilsclarkia;Art;24;Urban miljö (U) - Stor betydelse;NA;
232281;104277;Clarkia purpurea;purpurclarkia;Art;3;Urban miljö (U) - Stor betydelse;NA;
224429;104278;Clarkia purpurea subsp. quadrivulnera;purpurclarkia;Underart;1;Urban miljö (U) - Stor betydelse;NA;
222058;104280;Clarkia unguiculata;clarkia;Art;167;Urban miljö (U) - Stor betydelse;NA;
221090;104282;Epilobium adenocaulon;amerikansk dunört;Art;22566;Jordbrukslandskap (J) - Stor betydelse, Urban miljö (U) - Stor betydelse;NA;
222064;104288;Epilobium ciliatum;vit dunört;Art;8114;Jordbrukslandskap (J) - Stor betydelse, Urban miljö (U) - Stor betydelse;NA;
222067;104291;Epilobium glandulosum;alaskadunört;Art;524;Urban miljö (U) - Stor betydelse;NA;
222070;104295;Epilobium komarovianum;krypdunört;Art;6;Urban miljö (U) - Stor betydelse;NA;
222081;104387;Fuchsia × hybrida;fuchsia;Art;110;Urban miljö (U) - Stor betydelse;NA;
249001;104388;Fuchsia magellanica;scharlakansfuchsia;Art;27;Urban miljö (U) - Stor betydelse;NA;
221042;104390;Lopezia racemosa;enmansblomma;Art;67;Urban miljö (U) - Stor betydelse;NA;
264609;104405;Oenothera acutifolia;äkta nattljus × klittnattljus;Art;2;Urban miljö (U) - Stor betydelse;NA;
264610;104406;Oenothera albicaulis;;Art;1;Urban miljö (U) - Stor betydelse;NA;
264613;104410;Oenothera biennis var. leptomeres;;Varietet;7;Urban miljö (U) - Stor betydelse;NA;
264616;104412;Oenothera cespitosa;jordnattljus;Art;0;Urban miljö (U) - Stor betydelse;NA;
222093;104414;Oenothera canovirens;grågrönt nattljus;Art;44;Urban miljö (U) - Stor betydelse;NA;
235127;104415;Oenothera casimiri;baltiskt nattljus;Art;161;Urban miljö (U) - Stor betydelse;NA;
222094;104416;Oenothera deflexa;sandnattljus;Art;8;Urban miljö (U) - Stor betydelse;NA;
222095;104417;Oenothera depressa;strävt nattljus;Art;192;Urban miljö (U) - Stor betydelse;NA;
222090;104419;Oenothera × fallax;falskt jättenattljus;Art;286;Urban miljö (U) - Stor betydelse;NA;
249006;104420;Oenothera flava;rosettnattljus;Art;12;Urban miljö (U) - Stor betydelse;NA;
264620;104421;Oenothera fruticosa;gullnattljus;Art;31;Urban miljö (U) - Stor betydelse;NA;
264621;104422;Oenothera fruticosa subsp. fruticosa;gullnattljus;Underart;0;Urban miljö (U) - Stor betydelse;;
222487;104423;Oenothera gaura;småblommigt sommarljus;Art;5;Urban miljö (U) - Stor betydelse;NA;
222097;104424;Oenothera glazioviana;jättenattljus;Art;2402;Urban miljö (U) - Stor betydelse;NA;
222091;104426;Oenothera hoelscheri;axnattljus;Art;7;Urban miljö (U) - Stor betydelse;NA;
6330740;104427;Oenothera hoelscheri var. hoelscheri;;Varietet;0;;NA;
224489;104428;Oenothera hoelscheri var. rubricalyx;;Varietet;1;Urban miljö (U) - Stor betydelse;NA;
222098;104429;Oenothera indecora;sparvnattljus;Art;2;Urban miljö (U) - Stor betydelse;NA;
222099;104430;Oenothera laciniata;fliknattljus;Art;18;Urban miljö (U) - Stor betydelse;NA;
222082;104431;Oenothera lindheimeri;sommarljus;Art;222;Urban miljö (U) - Stor betydelse;NA;
222100;104432;Oenothera longiflora;raggnattljus;Art;0;Urban miljö (U) - Stor betydelse;NA;
264623;104433;Oenothera macrocarpa;storblommigt nattljus;Art;22;Urban miljö (U) - Stor betydelse;NA;
222103;104434;Oenothera muricata;pricknattljus;Art;4528;Jordbrukslandskap (J) - Stor betydelse, Urban miljö (U) - Stor betydelse;NA;
224492;104435;Oenothera biennis x rubricaulis;;Hybrid;0;;;
264626;104437;Oenothera oakesiana;klittnattljus;Art;112;Havsstrand (H) - Stor betydelse, Urban miljö (U) - Stor betydelse;NA;
222101;104439;Oenothera perangusta;smalt nattljus;Art;122;Urban miljö (U) - Stor betydelse;NA;
222102;104440;Oenothera perennis;dvärgnattljus;Art;5;Urban miljö (U) - Stor betydelse;NA;
264628;104441;Oenothera rosea;rosennattljus;Art;3;Urban miljö (U) - Stor betydelse;NA;
235128;104442;Oenothera rubricauloides;pipnattljus;Art;141;Urban miljö (U) - Stor betydelse;NA;
224490;104443;Oenothera scandinavica;nordiskt nattljus;Art;93;Urban miljö (U) - Stor betydelse;NA;
222104;104444;Oenothera speciosa;silvernattljus;Art;7;Urban miljö (U) - Stor betydelse;NA;
222105;104445;Oenothera stricta;doftnattljus;Art;6;Urban miljö (U) - Stor betydelse;NA;
222106;104447;Oenothera tetragona;klubbnattljus;Art;17;Urban miljö (U) - Stor betydelse;NA;
264630;104448;Oenothera tetraptera;;Art;1;Urban miljö (U) - Stor betydelse;NA;
264631;104449;Oenothera victorinii;;Art;1;Urban miljö (U) - Stor betydelse;NA;
264632;104450;Oenothera villosa;;Art;1;;NA;
248999;104451;Oenothera × wienii;mjukt nattljus;Art;43;Urban miljö (U) - Stor betydelse;NA;
261621;104452;Oenothera wratislaviensis;polskt nattljus;Art;70;Urban miljö (U) - Stor betydelse;NA;
261628;104464;Callistemon citrinus;lampborste;Art;2;Urban miljö (U) - Stor betydelse;NA;
221578;104471;Staphylea pinnata;pimpernöt;Art;48;Urban miljö (U) - Stor betydelse;NA;
232959;104475;Peganum harmala;harmelbuske;Art;56;Urban miljö (U) - Stor betydelse;NA;
220097;104480;Cotinus coggygria;perukbuske;Art;97;Urban miljö (U) - Stor betydelse;NA;
6330795;104482;Rhus aromatica;doftsumak;Art;12;;NA;
235016;104483;Rhus coriaria;bärsumak;Art;27;Urban miljö (U) - Stor betydelse;NA;
223327;104484;Rhus typhina;rönnsumak;Art;1573;Urban miljö (U) - Stor betydelse;NA;
6332570;104489;Acer × bornmuelleri;naverlönn × dvärglönn;Art;2;;NA;
235017;104491;Acer cappadocicum;turkisk lönn;Art;51;Urban miljö (U) - Stor betydelse;NA;
6331111;104492;Acer carpinifolium;avenbokslönn;Art;8;;NA;
6331419;104494;Acer griseum;kopparlönn;Art;29;;NA;
264634;104495;Acer heldreichii;balkanlönn;Art;22;Urban miljö (U) - Stor betydelse;NA;
6002833;104496;Acer japonicum;solfjäderslönn;Art;43;;NA;
235125;104499;Acer monspessulanum;dvärglönn;Art;57;Urban miljö (U) - Stor betydelse;NA;
223314;104500;Acer negundo;asklönn;Art;699;Urban miljö (U) - Stor betydelse;NA;
6008851;104502;Acer palmatum;japansk lönn;Art;124;;NA;
6052347;104503;Acer pensylvanicum;amerikansk strimlönn;Art;14;;NA;
223316;104505;Acer pseudoplatanus;tysklönn;Art;11390;Skog (S) - Stor betydelse, Urban miljö (U) - Har betydelse;NA;
223317;104507;Acer saccharinum;silverlönn;Art;172;Urban miljö (U) - Stor betydelse;NA;
6331110;104508;Acer shirasawanum;shirasawalönn;Art;16;;NA;
223318;104509;Acer spicatum;axlönn;Art;38;Urban miljö (U) - Stor betydelse;NA;
223319;104510;Acer tataricum;tatarlönn;Art;1856;Urban miljö (U) - Stor betydelse;NA;
225178;104511;Acer tataricum subsp. ginnala;ginnalalönn;Underart;1252;Urban miljö (U) - Stor betydelse;NA;
225179;104512;Acer tataricum subsp. tataricum;rysk lönn;Underart;298;Urban miljö (U) - Stor betydelse;NA;
6331420;104513;Acer tschonoskii;guldlönn;Art;20;;NA;
264635;104515;Aesculus carnea;rödblommig hästkastanj;Art;69;Urban miljö (U) - Stor betydelse;NA;
219618;104516;Aesculus flava;gulblommig hästkastanj;Art;40;Urban miljö (U) - Stor betydelse;NA;
223321;104517;Aesculus hippocastanum;hästkastanj;Art;20303;Urban miljö (U) - Stor betydelse, Jordbrukslandskap (J) - Har betydelse, Skog (S) - Har betydelse;NA;
235126;104518;Aesculus parviflora;småblommig hästkastanj;Art;56;Urban miljö (U) - Stor betydelse;NA;
220471;104521;Cardiospermum halicacabum;ballongranka;Art;19;Urban miljö (U) - Stor betydelse;NA;
266091;104523;Koelreuteria paniculata;kinesträd;Art;95;Urban miljö (U) - Stor betydelse;NA;
264636;104525;Litchi chinensis;litchi;Art;3;Urban miljö (U) - Stor betydelse;NA;
221001;104529;Citrus limon;citron;Art;103;Urban miljö (U) - Stor betydelse;NA;
223323;104531;Citrus sinensis;apelsin;Art;86;Urban miljö (U) - Stor betydelse;NA;
223437;104533;Dictamnus albus;Moses brinnande buske;Art;116;Urban miljö (U) - Stor betydelse;NA;
6002838;104537;Ptelea trifoliata;klöveralm;Art;11;;NA;
223328;104539;Ruta graveolens;vinruta;Art;128;Urban miljö (U) - Stor betydelse;NA;
248998;104541;Skimmia japonica;vinterbär;Art;97;Urban miljö (U) - Stor betydelse;NA;
267002;104543;Tetradium daniellii;falskt korkträd;Art;23;Urban miljö (U) - Stor betydelse;NA;
222201;104546;Ailanthus altissima;gudaträd;Art;453;Urban miljö (U) - Stor betydelse;NA;
6331575;104549;Toona sinensis;kinesisk toona;Art;16;;NA;
6319429;104551;Melia azedarach;zedrak;Art;1;;NA;
235025;104558;Abutilon × hybridum;klockmalva;Art;10;Urban miljö (U) - Stor betydelse;NA;
222013;104559;Abutilon theophrasti;lindmalva;Art;1345;Urban miljö (U) - Stor betydelse;NA;
6007375;104562;Alcea ficifolia;perenn stockros;Art;0;Urban miljö (U) - Stor betydelse;;
222777;104563;Alcea rosea;stockros;Art;3030;Urban miljö (U) - Stor betydelse;NA;
264637;104564;Alcea rugosa;gul stockros;Art;250;Urban miljö (U) - Stor betydelse;NA;
222014;104565;Alcea setosa;sträv stockros;Art;18;Urban miljö (U) - Stor betydelse;NA;
220622;104567;Althaea cannabina;hampmalva;Art;1;Urban miljö (U) - Stor betydelse;NA;
264638;104570;Anisodontea capensis;rumsmalva;Art;24;Urban miljö (U) - Stor betydelse;NA;
6045465;104571;Anisodontea × hypomadara;;Art;15;;NA;
222018;104573;Anoda crenatiflora;liten glansmalva;Art;3;Urban miljö (U) - Stor betydelse;NA;
221162;104574;Anoda cristata;glansmalva;Art;16;Urban miljö (U) - Stor betydelse;NA;
264639;104575;Anoda lanceolata;spjutmalva;Art;1;Urban miljö (U) - Stor betydelse;NA;
6002841;104579;Fuertesimalva limensis;;Art;0;Urban miljö (U) - Stor betydelse;NA;
259693;104580;Fuertesimalva peruviana;perumalva;Art;37;Urban miljö (U) - Stor betydelse;NA;
6332768;104582;Gossypium herbaceum;indisk bomull;Art;0;;NA;
232958;104584;Hibiscus rosa-sinensis;hibiskus;Art;9;Urban miljö (U) - Stor betydelse;NA;
6034771;104585;Hibiscus syriacus;frilandshibiskus;Art;45;Urban miljö (U) - Stor betydelse;NA;
223340;104586;Hibiscus trionum;timvisare;Art;229;Urban miljö (U) - Stor betydelse;NA;
221668;104588;Kitaibela vitifolia;balkanmalva;Art;82;Urban miljö (U) - Stor betydelse;NA;
220558;104591;Malope trifida;praktmalva;Art;104;Urban miljö (U) - Stor betydelse;NA;
221680;104594;Malva arborea;jättemalva;Art;9;Urban miljö (U) - Stor betydelse;NA;
222033;104595;Malva cretica;kretamalva;Art;4;Urban miljö (U) - Stor betydelse;NA;
222026;104597;Malva multiflora;narrmalva;Art;30;Urban miljö (U) - Stor betydelse;NA;
222036;104599;Malva nicaeensis;franskmalva;Art;9;Urban miljö (U) - Stor betydelse;NA;
266096;104600;Malva oxyloba;vassmalva;Art;13;Urban miljö (U) - Stor betydelse;NA;
222037;104601;Malva parviflora;kvarnkattost;Art;99;Urban miljö (U) - Stor betydelse;NA;
222027;104602;Malva punctata;prickmalva;Art;2;Urban miljö (U) - Stor betydelse;NA;
224424;104606;Malva sylvestris subsp. mauritiana;stor rödmalva;Underart;387;Urban miljö (U) - Stor betydelse;NA;
224420;104609;Malva thuringiaca subsp. ambigua;spetsmalva;Underart;0;Urban miljö (U) - Stor betydelse;NA;
222029;104611;Malva trimestris;sommarmalva;Art;135;Urban miljö (U) - Stor betydelse;NA;
222040;104612;Malva verticillata;kransmalva;Art;190;Urban miljö (U) - Stor betydelse;NA;
224426;104613;Malva verticillata var. crispa;krusmalva;Varietet;57;Urban miljö (U) - Stor betydelse;NA;
224427;104614;Malva verticillata var. verticillata;äkta kransmalva;Varietet;59;Urban miljö (U) - Stor betydelse;NA;
221722;104620;Modiola caroliniana;sprötmalva;Art;8;Urban miljö (U) - Stor betydelse;NA;
219698;104622;Pavonia sp.;påfågelsmalva;Art;0;;;
222044;104624;Sida cordifolia;sammetsmalva;Art;0;Urban miljö (U) - Stor betydelse;NA;
222045;104626;Sida rhombifolia;smalmalva;Art;4;Urban miljö (U) - Stor betydelse;NA;
222046;104627;Sida spinosa;taggmalva;Art;2;Urban miljö (U) - Stor betydelse;NA;
264640;104629;Sidalcea candida;vit axmalva;Art;3;Urban miljö (U) - Stor betydelse;NA;
222047;104630;Sidalcea malviflora;röd axmalva;Art;11;Urban miljö (U) - Stor betydelse;NA;
222048;104632;Sphaeralcea angustifolia;bandmalva;Art;0;Urban miljö (U) - Stor betydelse;NA;
6332716;104634;Tilia × haynaldiana;bohuslind × silverlind;Art;1;;NA;
6008962;104635;Tilia americana;svartlind;Art;16;;NA;
265559;104640;Tilia tomentosa;silverlind;Art;57;Skog (S) - Stor betydelse, Jordbrukslandskap (J) - Har betydelse;NA;
222053;104642;Triumfetta trichocarpa;triumfetta;Art;0;Urban miljö (U) - Stor betydelse;NA;
259734;104645;Daphne laureola;lagertibast;Art;47;Urban miljö (U) - Stor betydelse, Skog (S) - Har betydelse;NA;
222049;104648;Thymelaea passerina;sparvört;Art;0;Urban miljö (U) - Stor betydelse;NA;
6332724;104652;Cistus laurifolius;lagercistros;Art;17;;NA;
264641;104661;Helianthemum nummularium subsp. pyrenaicum;röd solvända;Underart;3;Urban miljö (U) - Stor betydelse;NA;
220610;104670;Tropaeolum majus;indiankrasse;Art;1413;Urban miljö (U) - Stor betydelse;NA;
220611;104671;Tropaeolum peregrinum;fjärilskrasse;Art;26;Urban miljö (U) - Stor betydelse;NA;
221927;104675;Limnanthes douglasii;sumpört;Art;40;Urban miljö (U) - Stor betydelse;NA;
222107;104678;Oligomeris linifolia;pärlreseda;Art;0;Urban miljö (U) - Stor betydelse;NA;
220575;104680;Reseda alba;vitreseda;Art;407;Urban miljö (U) - Stor betydelse;NA;
220576;104681;Reseda complicata;spanskreseda;Art;4;Urban miljö (U) - Stor betydelse;NA;
220579;104684;Reseda odorata;luktreseda;Art;285;Urban miljö (U) - Stor betydelse;NA;
220580;104685;Reseda phyteuma;nickreseda;Art;2;Urban miljö (U) - Stor betydelse;NA;
259692;104691;Polanisia dodecandra;morrhårsblomster;Art;26;Urban miljö (U) - Stor betydelse;NA;
220612;104693;Tarenaya hassleriana;paradisblomster;Art;303;Urban miljö (U) - Stor betydelse;NA;
222809;104694;Cleome dodecandra;;Art;0;Urban miljö (U) - Stor betydelse;;
220411;104700;Alyssum dasycarpum;ulldådra;Art;0;Urban miljö (U) - Stor betydelse;NA;
220415;104701;Alyssum desertorum;stäppdådra;Art;0;Urban miljö (U) - Stor betydelse;NA;
220412;104702;Alyssum hirsutum;kvarndådra;Art;11;Urban miljö (U) - Stor betydelse;NA;
264642;104703;Alyssum montanum;liten stenört;Art;39;Urban miljö (U) - Stor betydelse;NA;
220413;104704;Alyssum murale;silverstenört;Art;79;Urban miljö (U) - Stor betydelse;NA;
220414;104705;Alyssum rostratum;stiftdådra;Art;0;Urban miljö (U) - Stor betydelse;NA;
223807;104706;Alyssum simplex;smådådra;Art;5;Urban miljö (U) - Stor betydelse;NA;
220410;104707;Alyssum simplex agg.;smådådra (aggregat);Kollektivtaxon;5;Urban miljö (U) - Stor betydelse;NA;
223808;104708;Alyssum strigosum;;Art;0;Urban miljö (U) - Stor betydelse;NA;
220420;104723;Arabis blepharophylla;vårtrav;Art;19;Urban miljö (U) - Stor betydelse;NA;
220421;104724;Arabis caucasica;fagertrav;Art;543;Urban miljö (U) - Stor betydelse, Jordbrukslandskap (J) - Har betydelse;NA;
220418;104726;Arabis × digenea;hybridtrav;Art;17;Urban miljö (U) - Stor betydelse;NA;
220426;104734;Arabis procurrens;kryptrav;Art;60;Urban miljö (U) - Stor betydelse;NA;
220429;104738;Aubrieta × cultorum;aubrietia;Art;160;Urban miljö (U) - Stor betydelse;NA;
223415;104741;Aurinia saxatilis;praktstenört;Art;167;Urban miljö (U) - Stor betydelse;NA;
221602;104743;Barbarea intermedia;mellangyllen;Art;304;Urban miljö (U) - Stor betydelse, Jordbrukslandskap (J) - Har betydelse;NA;
220432;104745;Barbarea verna;vårgyllen;Art;39;Urban miljö (U) - Stor betydelse;NA;
220438;104757;Brassica carinata;etiopisk kål;Art;12;Urban miljö (U) - Stor betydelse;NA;
220004;104758;Brassica deflexa;spretsenap;Art;0;Urban miljö (U) - Stor betydelse;NA;
220437;104759;Brassica elongata;svartahavskål;Art;141;Urban miljö (U) - Stor betydelse;NA;
265576;104761;Brassica elongata subsp. integrifolia;svartahavskål;Underart;86;Urban miljö (U) - Stor betydelse;NA;
220439;104762;Brassica juncea;sareptasenap;Art;732;Urban miljö (U) - Stor betydelse, Jordbrukslandskap (J) - Har betydelse;NA;
220440;104763;Brassica napus;kålrot/raps;Art;6320;Urban miljö (U) - Stor betydelse;NA;
223818;104764;Brassica napus subsp. napus;raps;Underart;5229;Jordbrukslandskap (J) - Stor betydelse, Urban miljö (U) - Stor betydelse;NA;
223819;104765;Brassica napus subsp. rapifera;kålrot;Underart;63;Jordbrukslandskap (J) - Stor betydelse, Urban miljö (U) - Stor betydelse;NA;
220441;104766;Brassica nigra;svartsenap;Art;812;Urban miljö (U) - Stor betydelse, Jordbrukslandskap (J) - Har betydelse;NA;
220442;104767;Brassica oleracea;kål;Art;531;Urban miljö (U) - Stor betydelse;NA;
223820;104768;Brassica oleracea var. capitata;huvudkål;Varietet;10;Urban miljö (U) - Stor betydelse;NA;
223821;104769;Brassica oleracea var. gongylodes;kålrabbi;Varietet;2;Urban miljö (U) - Stor betydelse;NA;
264644;104770;Brassica oleracea var. italica;broccoli;Varietet;12;Urban miljö (U) - Stor betydelse;NA;
223822;104771;Brassica oleracea var. medullosa;fodermärgkål;Varietet;56;Urban miljö (U) - Stor betydelse;NA;
223823;104772;Brassica oleracea var. oleracea;vildkål;Varietet;3;Urban miljö (U) - Stor betydelse;NA;
6051607;104773;Brassica oleracea var. palmifolia;palmkål;Varietet;4;;NA;
223824;104774;Brassica oleracea var. sabellica;grönkål;Varietet;48;Urban miljö (U) - Stor betydelse;NA;
220443;104775;Brassica rapa;rova/rybs/åkerkål;Art;7333;Urban miljö (U) - Stor betydelse, Jordbrukslandskap (J) - Har betydelse;NA;
6002843;104777;Brassica rapa subsp. nipposinica;mizunakål;Underart;9;Jordbrukslandskap (J) - Stor betydelse, Urban miljö (U) - Stor betydelse;NA;
223826;104778;Brassica rapa subsp. oleifera;rybs;Underart;1434;Jordbrukslandskap (J) - Stor betydelse, Urban miljö (U) - Stor betydelse;NA;
223827;104779;Brassica rapa subsp. rapa;rova;Underart;79;Jordbrukslandskap (J) - Stor betydelse, Urban miljö (U) - Stor betydelse;NA;
220444;104780;Brassica tournefortii;medelhavskål;Art;23;Urban miljö (U) - Stor betydelse;NA;
221605;104788;Bunias erucago;vingdådra;Art;2;Urban miljö (U) - Stor betydelse;NA;
220451;104803;Camelina anomala;smaldådra;Art;4;Urban miljö (U) - Stor betydelse;NA;
264646;104806;Camelina microcarpa subsp. microcarpa;;Underart;141;Urban miljö (U) - Stor betydelse;NA;
220453;104808;Camelina rumelica;balkandådra;Art;12;Urban miljö (U) - Stor betydelse;NA;
223834;104811;Camelina sativa subsp. zingeri;ryssdådra;Underart;5;Urban miljö (U) - Stor betydelse;NA;
220456;104814;Capsella grandiflora;storlomme;Art;0;Urban miljö (U) - Stor betydelse;NA;
220457;104815;Capsella rubella;rödlomme;Art;0;Urban miljö (U) - Stor betydelse;NA;
220462;104824;Cardamine heptaphylla;violtandrot;Art;19;Urban miljö (U) - Stor betydelse;NA;
6002897;104827;Cardamine kitaibelii;ljusgul tandrot;Art;38;Urban miljö (U) - Stor betydelse;NA;
6028243;104830;Cardamine occulta;risbräsma;Art;155;;NA;
220466;104832;Cardamine pentaphyllos;fingertandrot;Art;75;Urban miljö (U) - Stor betydelse;NA;
221396;104841;Carrichtera annua;skedsenap;Art;0;Urban miljö (U) - Stor betydelse;NA;
220424;104843;Catolobus pendula;sloktrav;Art;0;Urban miljö (U) - Stor betydelse;NA;
219773;104845;Chorispora tenella;hönsrättika;Art;87;Urban miljö (U) - Stor betydelse;NA;
219732;104856;Coincya monensis;lacksenap/brittsenap;Art;18;Urban miljö (U) - Stor betydelse;NA;
223845;104857;Coincya monensis subsp. cheiranthos;lacksenap;Underart;4;Urban miljö (U) - Stor betydelse;NA;
223844;104858;Coincya monensis subsp. monensis;brittsenap;Underart;0;Urban miljö (U) - Stor betydelse;NA;
220477;104861;Conringia orientalis;kåltrav;Art;252;Urban miljö (U) - Stor betydelse;NA;
220478;104862;Conringia planisiliqua;turkisk kåltrav;Art;5;Urban miljö (U) - Stor betydelse;NA;
265586;104865;Crambe cordifolia;stäppkål;Art;57;;NA;
220098;104866;Crambe hispanica;oljekål;Art;25;Urban miljö (U) - Stor betydelse;NA;
222418;104869;Descurainia argentina;cordobastillfrö;Art;1;Urban miljö (U) - Stor betydelse;NA;
264647;104870;Descurainia incana;grått stillfrö;Art;0;Urban miljö (U) - Stor betydelse;NA;
220484;104871;Descurainia pinnata;indianstillfrö;Art;2;Urban miljö (U) - Stor betydelse;NA;
222744;104874;Diplotaxis catholica;sågsenap;Art;0;Urban miljö (U) - Stor betydelse;NA;
220487;104875;Diplotaxis erucoides;vit mursenap;Art;32;Urban miljö (U) - Stor betydelse;NA;
220488;104876;Diplotaxis muralis;mursenap;Art;2601;Jordbrukslandskap (J) - Stor betydelse, Urban miljö (U) - Stor betydelse;NA;
235027;104880;Draba aizoides;barrdraba;Art;3;Urban miljö (U) - Stor betydelse;NA;
220503;104904;Draba sibirica;krypdraba;Art;24;Urban miljö (U) - Stor betydelse;NA;
220507;104933;Erophila setulosa;syrisk nagelört;Art;0;Urban miljö (U) - Stor betydelse;;
220509;104936;Eruca vesicaria;senapskål;Art;514;Urban miljö (U) - Stor betydelse;NA;
223858;104937;Eruca vesicaria subsp. sativa;äkta senapskål;Underart;272;Urban miljö (U) - Stor betydelse;NA;
223859;104938;Eruca vesicaria subsp. vesicaria;vild senapskål;Underart;0;Urban miljö (U) - Stor betydelse;NA;
220510;104942;Erucastrum abyssinicum;afrikasenap;Art;15;Urban miljö (U) - Stor betydelse;NA;
220602;104943;Erucastrum austroafricanum;boersenap;Art;14;Urban miljö (U) - Stor betydelse;NA;
623;104944;Erucastrum gallicum;kålsenap;Art;868;Jordbrukslandskap (J) - Stor betydelse, Urban miljö (U) - Stor betydelse;NA;
220513;104951;Erysimum cheiri;gyllenlack;Art;215;Urban miljö (U) - Stor betydelse;NA;
220514;104953;Erysimum inconspicuum;indiankårel;Art;3;Urban miljö (U) - Stor betydelse;NA;
235050;104954;Erysimum marschallianum;hårdkårel;Art;125;Urban miljö (U) - Stor betydelse;NA;
265609;104955;Erysimum x marshallii;sommarkårel;Art;18;;NA;
220515;104956;Erysimum odoratum;kalkkårel;Art;4;Urban miljö (U) - Stor betydelse;NA;
220516;104957;Erysimum repandum;rysskårel;Art;70;Urban miljö (U) - Stor betydelse;NA;
220518;104959;Erysimum sylvestre;;Art;0;Urban miljö (U) - Stor betydelse;NA;
6012048;104960;Erysimum witmannii;karpaterkårel;Art;6;;NA;
222833;104962;Euclidium syriacum;näbbdådra;Art;13;Urban miljö (U) - Stor betydelse;NA;
222497;104968;Heliophila linearifolia;;Art;0;Urban miljö (U) - Stor betydelse;NA;
6051601;104971;Hesperis bicuspidata;turkhesperis;Art;2;;NA;
220800;104972;Hesperis matronalis;hesperis;Art;9434;Urban miljö (U) - Stor betydelse;NA;
220522;104973;Hesperis pycnotricha;rysshesperis;Art;178;Urban miljö (U) - Stor betydelse;NA;
220523;104974;Hesperis tristis;sorgört;Art;225;Urban miljö (U) - Stor betydelse;NA;
221950;104976;Hirschfeldia incana;gråsenap;Art;60;Urban miljö (U) - Stor betydelse;NA;
264650;104978;Hornungia alpina;alpkrassing;Art;24;Urban miljö (U) - Stor betydelse;NA;
220527;104982;Iberis amara;blomsteriberis;Art;320;Havsstrand (H) - Stor betydelse, Urban miljö (U) - Stor betydelse;NA;
223862;104983;Iberis amara var. amara;vanlig blomsteriberis;Varietet;1;Havsstrand (H) - Stor betydelse, Urban miljö (U) - Stor betydelse;NA;
264651;104986;Iberis odorata;doftiberis;Art;2;Urban miljö (U) - Stor betydelse;NA;
220528;104987;Iberis pectinata;;Art;1;Urban miljö (U) - Stor betydelse;NA;
220529;104988;Iberis sempervirens;vinteriberis;Art;209;Urban miljö (U) - Stor betydelse;NA;
220530;104989;Iberis umbellata;roseniberis;Art;687;Urban miljö (U) - Stor betydelse;NA;
220214;104991;Ionopsidium acaule;violkrassing;Art;5;Urban miljö (U) - Stor betydelse;NA;
221508;104994;Isatis quadrialata;boreavia;Art;0;Urban miljö (U) - Stor betydelse;NA;
221683;104997;Lepidium auriculatum;skedkrassing;Art;1;Urban miljö (U) - Stor betydelse;NA;
220534;104998;Lepidium austrinum;texaskrassing;Art;7;Urban miljö (U) - Stor betydelse;NA;
220535;104999;Lepidium bonariense;flikkrassing;Art;43;Urban miljö (U) - Stor betydelse;NA;
220537;105003;Lepidium densiflorum;bankrassing;Art;2019;Urban miljö (U) - Stor betydelse;NA;
221187;105004;Lepidium didymum;hamnkrassing;Art;478;Urban miljö (U) - Stor betydelse;NA;
223840;105006;Lepidium draba subsp. chalepense;syrisk krassing;Underart;3;Urban miljö (U) - Stor betydelse;NA;
220538;105008;Lepidium graminifolium;gräskrassing;Art;1;Urban miljö (U) - Stor betydelse;NA;
220539;105009;Lepidium heterophyllum;vallkrassing;Art;2013;Urban miljö (U) - Stor betydelse;NA;
220541;105011;Lepidium neglectum;rundkrassing;Art;609;Urban miljö (U) - Stor betydelse;NA;
220542;105012;Lepidium nitidum;;Art;0;Urban miljö (U) - Stor betydelse;NA;
220543;105013;Lepidium perfoliatum;hjulkrassing;Art;216;Urban miljö (U) - Stor betydelse;NA;
220544;105014;Lepidium ramosissimum;grenkrassing;Art;23;Urban miljö (U) - Stor betydelse;NA;
220546;105016;Lepidium sativum;smörgåskrasse;Art;489;Urban miljö (U) - Stor betydelse;NA;
220547;105017;Lepidium spicatum;axkrassing;Art;4;Urban miljö (U) - Stor betydelse;NA;
220548;105018;Lepidium spinosum;taggkrassing;Art;1;Urban miljö (U) - Stor betydelse;NA;
220549;105019;Lepidium virginicum;virginiakrassing;Art;416;Urban miljö (U) - Stor betydelse;NA;
220244;105021;Lobularia maritima;strandkrassing;Art;956;Urban miljö (U) - Stor betydelse;NA;
220553;105023;Lunaria annua;judaspenningar;Art;2614;Urban miljö (U) - Stor betydelse;NA;
223864;105024;Lunaria annua subsp. annua;vanliga judaspenningar;Underart;133;Urban miljö (U) - Stor betydelse;NA;
223865;105025;Lunaria annua subsp. pachyrhiza;midaspenningar;Underart;1;Urban miljö (U) - Stor betydelse;NA;
219850;105028;Malcolmia africana;arabisk lövkoja;Art;3;Urban miljö (U) - Stor betydelse;NA;
220556;105029;Malcolmia chia;egeisk lövkoja;Art;1;Urban miljö (U) - Stor betydelse;NA;
220557;105030;Malcolmia maritima;strandlövkoja;Art;166;Urban miljö (U) - Stor betydelse;NA;
222753;105032;Matthiola incana;lövkoja;Art;52;Urban miljö (U) - Stor betydelse;NA;
220559;105033;Matthiola longipetala;grekisk lövkoja;Art;228;Urban miljö (U) - Stor betydelse;NA;
223866;105034;Matthiola longipetala subsp. bicornis;grekisk lövkoja;Underart;54;Urban miljö (U) - Stor betydelse;NA;
220560;105036;Matthiola parviflora;berberlövkoja;Art;1;Urban miljö (U) - Stor betydelse;NA;
220830;105039;Moricandia arvensis;blåsenap;Art;3;Urban miljö (U) - Stor betydelse;NA;
219856;105043;Myagrum perfoliatum;håldådra;Art;51;Urban miljö (U) - Stor betydelse;NA;
223868;105051;Neslia paniculata subsp. thracica;vårtdådra;Underart;0;Urban miljö (U) - Stor betydelse;NA;
221493;105060;Peltaria alliacea;penningtrav;Art;18;Urban miljö (U) - Stor betydelse;NA;
259697;105062;Pritzelago alpina;alpkrassing;Art;0;Urban miljö (U) - Stor betydelse;;
223870;105070;Raphanus raphanistrum subsp. maritimus;strandrättika;Underart;7;Urban miljö (U) - Stor betydelse;NA;
220572;105072;Raphanus sativus;rädisa/rättika;Art;1141;Urban miljö (U) - Stor betydelse;NA;
223872;105073;Raphanus sativus var. niger;rättika;Varietet;155;Urban miljö (U) - Stor betydelse;NA;
6007697;105074;Raphanus sativus var. oleiformis;oljerättika;Varietet;77;Urban miljö (U) - Stor betydelse;NA;
223873;105075;Raphanus sativus var. sativus;rädisa;Varietet;373;Urban miljö (U) - Stor betydelse;NA;
220573;105078;Rapistrum perenne;flerårig stäppsenap;Art;33;Urban miljö (U) - Stor betydelse;NA;
220574;105079;Rapistrum rugosum;stäppsenap;Art;191;Urban miljö (U) - Stor betydelse;NA;
223874;105080;Rapistrum rugosum subsp. linnaeanum;spansk stäppsenap;Underart;17;Urban miljö (U) - Stor betydelse;NA;
223875;105081;Rapistrum rugosum subsp. orientale;orientalisk stäppsenap;Underart;36;Urban miljö (U) - Stor betydelse;NA;
223876;105082;Rapistrum rugosum subsp. rugosum;hårig stäppsenap;Underart;19;Urban miljö (U) - Stor betydelse;NA;
220582;105087;Rorippa × armoracioides;vägfräne;Art;761;Urban miljö (U) - Stor betydelse;NA;
220584;105088;Rorippa austriaca;klotfräne;Art;324;Urban miljö (U) - Stor betydelse;NA;
220587;105098;Sinapis alba;vitsenap;Art;1108;Urban miljö (U) - Stor betydelse;NA;
223880;105099;Sinapis alba subsp. alba;vanlig vitsenap;Underart;168;Urban miljö (U) - Stor betydelse;NA;
223881;105100;Sinapis alba subsp. dissecta;linsenap;Underart;4;Urban miljö (U) - Stor betydelse;NA;
220589;105103;Sisymbrium altissimum;hamnsenap;Art;4456;Jordbrukslandskap (J) - Stor betydelse, Urban miljö (U) - Stor betydelse;NA;
220590;105104;Sisymbrium austriacum;donausenap;Art;26;Urban miljö (U) - Stor betydelse;NA;
220591;105105;Sisymbrium erysimoides;fransksenap;Art;0;Urban miljö (U) - Stor betydelse;NA;
220592;105106;Sisymbrium irio;vallsenap;Art;155;Urban miljö (U) - Stor betydelse;NA;
220593;105107;Sisymbrium loeselii;borstsenap;Art;1016;Urban miljö (U) - Stor betydelse;NA;
220596;105112;Sisymbrium orientale;orientsenap;Art;480;Urban miljö (U) - Stor betydelse;NA;
264654;105113;Sisymbrium orientale var. orientale;;Varietet;22;Urban miljö (U) - Stor betydelse;NA;
264655;105114;Sisymbrium orientale var. subhastatum;;Varietet;109;Urban miljö (U) - Stor betydelse;NA;
220597;105115;Sisymbrium polyceratium;knippsenap;Art;1;Urban miljö (U) - Stor betydelse;NA;
220598;105116;Sisymbrium runcinatum;;Art;1;Urban miljö (U) - Stor betydelse;NA;
220599;105117;Sisymbrium septulatum;hornsenap;Art;1;Urban miljö (U) - Stor betydelse;NA;
220600;105118;Sisymbrium strictissimum;styvsenap;Art;283;Urban miljö (U) - Stor betydelse;NA;
220603;105119;Sisymbrium volgense;volgasenap;Art;248;Urban miljö (U) - Stor betydelse;NA;
220608;105128;Thlaspi ceratocarpon;hornskärvfrö;Art;0;Urban miljö (U) - Stor betydelse;NA;
223034;105143;Frankenia pulverulenta;småfrankenia;Art;4;Urban miljö (U) - Stor betydelse;NA;
260359;105149;Tamarix parviflora;junitamarisk;Art;42;Urban miljö (U) - Stor betydelse;NA;
220969;105150;Tamarix ramosissima;hösttamarisk;Art;14;Urban miljö (U) - Stor betydelse;NA;
6007695;105161;Limonium platyphyllum;silverrisp;Art;13;Urban miljö (U) - Stor betydelse;NA;
220806;105162;Limonium sinuatum;blårisp/gulrisp;Art;28;Urban miljö (U) - Stor betydelse;NA;
223955;105163;Limonium sinuatum subsp. bonduellei;gulrisp;Underart;6;Urban miljö (U) - Stor betydelse;NA;
223956;105164;Limonium sinuatum subsp. sinuatum;blårisp;Underart;4;Urban miljö (U) - Stor betydelse;NA;
259723;105170;Plumbago auriculata;blyblomma;Art;10;Urban miljö (U) - Stor betydelse;NA;
222165;105173;Psylliostachys suworowii;axrisp;Art;3;Urban miljö (U) - Stor betydelse;NA;
222769;105176;Aconogonon alpinum;alpslide;Art;748;Urban miljö (U) - Stor betydelse;NA;
220615;105177;Aconogonon divaricatum;vippslide;Art;209;Urban miljö (U) - Stor betydelse;NA;
220614;105178;Aconogonon × fennicum;finnslide;Art;450;Urban miljö (U) - Stor betydelse;NA;
220616;105180;Aconogonon weyrichii;gråslide;Art;237;Urban miljö (U) - Stor betydelse;NA;
219637;105182;Bistorta affinis;bergormrot;Art;79;Urban miljö (U) - Stor betydelse;NA;
220683;105183;Bistorta amplexicaulis;blodormrot;Art;160;Urban miljö (U) - Stor betydelse;NA;
265628;105187;Emex spinosa;taggskräppa;Art;9;Urban miljö (U) - Stor betydelse;NA;
221642;105189;Fagopyrum esculentum;bovete;Art;1858;Urban miljö (U) - Stor betydelse;NA;
220777;105190;Fagopyrum tataricum;sibiriskt bovete;Art;429;Urban miljö (U) - Stor betydelse;NA;
219675;105192;Fallopia baldschuanica;bokharabinda;Art;311;Urban miljö (U) - Stor betydelse;NA;
265630;105198;Muehlenbeckia axillaris;slideranka;Art;46;Urban miljö (U) - Stor betydelse;NA;
6053177;105199;Muehlenbeckia complexa;stor slideranka;Art;19;;NA;
220835;105204;Persicaria bungeana;taggpilört;Art;43;Urban miljö (U) - Stor betydelse;NA;
220836;105205;Persicaria capitata;slingerpilört;Art;97;Urban miljö (U) - Stor betydelse;NA;
6034792;105207;Persicaria glabra;glattpilört;Art;2;;NA;
6002849;105210;Persicaria lapathifolia subsp. brittingeri;flodpilört;Underart;19;;NA;
223968;105214;Persicaria lapathifolia var. linicola;linpilört;Varietet;0;Urban miljö (U) - Stor betydelse;NA;
220842;105222;Persicaria nepalensis;vingpilört;Art;3;Urban miljö (U) - Stor betydelse;NA;
220843;105223;Persicaria orientalis;purpurpilört;Art;46;Urban miljö (U) - Stor betydelse;NA;
220844;105224;Persicaria pensylvanica;kvarnpilört;Art;27;Urban miljö (U) - Stor betydelse;NA;
219881;105233;Polygonum achoreum;pilgrimstrampört;Art;2;Urban miljö (U) - Stor betydelse;NA;
220854;105234;Polygonum arenarium;fransk trampört;Art;10;Urban miljö (U) - Stor betydelse;NA;
223971;105235;Polygonum arenarium subsp. pulchellum;fransk trampört;Underart;10;Urban miljö (U) - Stor betydelse;NA;
220855;105236;Polygonum argyrocoleon;persisk trampört;Art;0;Urban miljö (U) - Stor betydelse;NA;
220857;105244;Polygonum bellardii;busktrampört;Art;47;Urban miljö (U) - Stor betydelse;NA;
220858;105245;Polygonum erectum;amerikansk trampört;Art;1;Urban miljö (U) - Stor betydelse;NA;
220860;105247;Polygonum patulum;rysk trampört;Art;8;Urban miljö (U) - Stor betydelse;NA;
220861;105248;Polygonum plebeium;dvärgtrampört;Art;1;Urban miljö (U) - Stor betydelse;NA;
220779;105255;Reynoutria x bohemica;hybridslide;Art;323;Urban miljö (U) - Stor betydelse;NA;
220782;105256;Reynoutria japonica;parkslide;Art;34317;Urban miljö (U) - Stor betydelse;NA;
223950;105257;Reynoutria japonica var. compacta;rosenslide;Varietet;84;Urban miljö (U) - Stor betydelse;NA;
223951;105258;Reynoutria japonica var. japonica;vanligt parkslide;Varietet;3119;Urban miljö (U) - Stor betydelse;NA;
220783;105259;Reynoutria sachalinensis;jätteslide;Art;4433;Urban miljö (U) - Stor betydelse;NA;
259733;105261;Rheum officinale;läkerabarber;Art;3;Urban miljö (U) - Stor betydelse;NA;
232955;105262;Rheum palmatum;flikrabarber;Art;55;Urban miljö (U) - Stor betydelse;NA;
220866;105263;Rheum rhabarbarum;rabarber;Art;4207;Urban miljö (U) - Stor betydelse;NA;
220845;105266;Rubrivena polystachya;syrenslide;Art;87;Urban miljö (U) - Stor betydelse;NA;
223988;105280;Rumex acetosella subsp. pyrenaicus;gömsyra;Underart;1;Urban miljö (U) - Stor betydelse;NA;
220870;105282;Rumex alpinus;alpskräppa;Art;24;Urban miljö (U) - Stor betydelse;NA;
220871;105283;Rumex altissimus;stor hamnskräppa;Art;1;Urban miljö (U) - Stor betydelse;NA;
220873;105286;Rumex brownii;kloskräppa;Art;12;Urban miljö (U) - Stor betydelse;NA;
220874;105288;Rumex bucephalophorus;oxhornssyra;Art;3;Urban miljö (U) - Stor betydelse;NA;
223995;105289;Rumex bucephalophorus subsp. bucephalophorus;;Underart;0;Urban miljö (U) - Stor betydelse;NA;
223996;105290;Rumex bucephalophorus subsp. hispanicus;;Underart;0;Urban miljö (U) - Stor betydelse;NA;
220875;105291;Rumex confertus;vippskräppa;Art;67;Urban miljö (U) - Stor betydelse;NA;
220878;105300;Rumex dentatus;tandskräppa;Art;6;Urban miljö (U) - Stor betydelse;NA;
224011;105301;Rumex dentatus subsp. dentatus;äkta tandskräppa;Underart;3;Urban miljö (U) - Stor betydelse;NA;
224012;105302;Rumex dentatus subsp. halacsyi;balkanskräppa;Underart;2;Urban miljö (U) - Stor betydelse;NA;
224013;105303;Rumex dentatus subsp. klotzschianus;;Underart;1;Urban miljö (U) - Stor betydelse;NA;
220879;105305;Rumex flexuosus;kopparskräppa;Art;0;Urban miljö (U) - Stor betydelse;NA;
224021;105310;Rumex maritimus subsp. fueginus;eldskräppa;Underart;28;Urban miljö (U) - Stor betydelse;NA;
220883;105314;Rumex obovatus;argentinsk skräppa;Art;45;Urban miljö (U) - Stor betydelse;NA;
220886;105321;Rumex paraguayensis;;Art;2;Urban miljö (U) - Stor betydelse;NA;
220887;105322;Rumex patientia;spenatskräppa;Art;126;Urban miljö (U) - Stor betydelse;NA;
224028;105323;Rumex patientia subsp. callosus;grynskräppa;Underart;2;Urban miljö (U) - Stor betydelse;NA;
224029;105325;Rumex patientia subsp. patientia;vanlig spenatskräppa;Underart;35;Urban miljö (U) - Stor betydelse;NA;
220889;105327;Rumex pulcher;skönskräppa;Art;12;Urban miljö (U) - Stor betydelse;NA;
224030;105328;Rumex pulcher subsp. pulcher;;Underart;2;Urban miljö (U) - Stor betydelse;NA;
224031;105329;Rumex pulcher subsp. raulinii;;Underart;0;Urban miljö (U) - Stor betydelse;NA;
224032;105330;Rumex pulcher subsp. woodsii;;Underart;7;Urban miljö (U) - Stor betydelse;NA;
220890;105331;Rumex rugosus;trädgårdssyra;Art;391;Urban miljö (U) - Stor betydelse;NA;
259722;105333;Rumex sanguineus var. sanguineus;blodskräppa;Varietet;91;Urban miljö (U) - Stor betydelse;NA;
220892;105335;Rumex scutatus;sköldsyra;Art;256;Urban miljö (U) - Stor betydelse;NA;
220893;105336;Rumex stenophyllus;ungersk skräppa;Art;115;Urban miljö (U) - Stor betydelse;NA;
220895;105338;Rumex triangulivalvis;hamnskräppa;Art;157;Urban miljö (U) - Stor betydelse;NA;
220896;105339;Rumex trisetifer;;Art;1;Urban miljö (U) - Stor betydelse;NA;
265653;105374;Rumex crispus × stenophyllus;krusskräppa × ungersk skräppa;Hybrid;1;;NA;
265629;105391;Fallopia baldschuanica × Reynoutria japonica;bokharabinda × parkslide;Hybrid;2;;NA;
223886;105403;Agrostemma githago subsp. thessalum;grekisk klätt;Underart;7;Urban miljö (U) - Stor betydelse;NA;
220619;105404;Agrostemma gracile;sommarklätt;Art;37;Urban miljö (U) - Stor betydelse;NA;
266090;105411;Arenaria montana;bergnarv;Art;3;Urban miljö (U) - Stor betydelse;NA;
6012049;105419;Atocion compactum;bollglim;Art;3;;NA;
220692;105432;Cerastium dichotomum;gaffelarv;Art;1;Urban miljö (U) - Stor betydelse;NA;
220701;105452;Cerastium tomentosum;silverarv;Art;6979;Urban miljö (U) - Stor betydelse, Jordbrukslandskap (J) - Har betydelse;NA;
220481;105474;Corrigiola litoralis;skorem;Art;108;Urban miljö (U) - Stor betydelse;NA;
220759;105481;Dianthus barbatus;borstnejlika;Art;4940;Urban miljö (U) - Stor betydelse;NA;
220760;105482;Dianthus carthusianorum;brödranejlika;Art;55;Urban miljö (U) - Stor betydelse;NA;
220761;105483;Dianthus caryophyllus;trädgårdsnejlika;Art;60;Urban miljö (U) - Stor betydelse;NA;
220762;105484;Dianthus chinensis;sommarnejlika;Art;80;Urban miljö (U) - Stor betydelse;NA;
220763;105485;Dianthus cruentus;blodnejlika;Art;42;Urban miljö (U) - Stor betydelse, Jordbrukslandskap (J) - Har betydelse;NA;
220764;105486;Dianthus cyri;brosknejlika;Art;0;Urban miljö (U) - Stor betydelse;NA;
6038594;105488;Dianthus giganteiformis;systranejlika;Art;181;;NA;
220766;105489;Dianthus giganteus;;Art;8;Urban miljö (U) - Stor betydelse;NA;
6012050;105490;Dianthus glacialis;glaciärnejlika;Art;0;;NA;
220767;105491;Dianthus gratianopolitanus;bergnejlika;Art;76;Urban miljö (U) - Stor betydelse;NA;
6002852;105492;Dianthus knappii;svavelnejlika;Art;22;;NA;
220768;105493;Dianthus plumarius;fjädernejlika;Art;181;Urban miljö (U) - Stor betydelse;NA;
220520;105506;Eudianthe coeli-rosa;nejlikglim;Art;111;Urban miljö (U) - Stor betydelse;NA;
265685;105508;Gypsophila acutifolia;stäppslöja;Art;9;Urban miljö (U) - Stor betydelse;NA;
222752;105509;Gypsophila elegans;sommarslöja;Art;445;Urban miljö (U) - Stor betydelse;NA;
220790;105512;Gypsophila oldhamiana;silverslöja;Art;1;Urban miljö (U) - Stor betydelse;NA;
220791;105513;Gypsophila paniculata;brudslöja;Art;402;Urban miljö (U) - Stor betydelse;NA;
220792;105515;Gypsophila pilosa;hårslöja;Art;9;Urban miljö (U) - Stor betydelse;NA;
220793;105516;Gypsophila repens;hängslöja;Art;37;Urban miljö (U) - Stor betydelse;NA;
223952;105517;Gypsophila ´Rosenschleier´;rosenslöja;Art;31;Urban miljö (U) - Stor betydelse;NA;
220794;105519;Gypsophila viscosa;jungfruslöja;Art;12;Urban miljö (U) - Stor betydelse;NA;
220798;105523;Herniaria hirsuta;gråknytling/luddknytling;Art;13;Urban miljö (U) - Stor betydelse;NA;
219820;105524;Herniaria hirsuta subsp. cinerea;gråknytling;Underart;0;Urban miljö (U) - Stor betydelse;NA;
264657;105525;Herniaria hirsuta subsp. hirsuta;luddknytling;Underart;1;Urban miljö (U) - Stor betydelse;NA;
220799;105526;Herniaria polygama;ryssknytling;Art;1;Urban miljö (U) - Stor betydelse;NA;
873;105534;Illecebrum verticillatum;glimmerört;Art;210;Urban miljö (U) - Stor betydelse, Jordbrukslandskap (J) - Har betydelse;NA;
222558;105536;Lepyrodiclis holosteoides;turkstjärnblomma;Art;2;Urban miljö (U) - Stor betydelse;NA;
222582;105540;Lychnis abyssinica;afrikaglim;Art;1;Urban miljö (U) - Stor betydelse;NA;
220809;105541;Lychnis chalcedonica;studentnejlika;Art;1706;Urban miljö (U) - Stor betydelse;NA;
220810;105542;Lychnis coronaria;purpurklätt;Art;3334;Urban miljö (U) - Stor betydelse;NA;
223960;105545;Lychnis flos-cuculi subsp. subintegra;;Underart;0;Urban miljö (U) - Stor betydelse;NA;
220812;105546;Lychnis flos-jovis;jupitersblomster;Art;28;Urban miljö (U) - Stor betydelse;NA;
220813;105547;Lychnis fulgens;;Art;2;Urban miljö (U) - Stor betydelse;NA;
267123;105548;Lychnis × haageana;eldklätt;Art;3;Urban miljö (U) - Stor betydelse;NA;
264658;105551;Moehringia muscosa;mossnarv;Art;0;Urban miljö (U) - Stor betydelse;NA;
220824;105554;Moenchia mantica;styvarv;Art;0;Urban miljö (U) - Stor betydelse;NA;
6332787;105559;Paronychia fastigiata;;Art;2;;NA;
1187;105562;Petrorhagia saxifraga;klippnejlika;Art;575;Jordbrukslandskap (J) - Stor betydelse, Urban miljö (U) - Har betydelse;NA;
221135;105564;Polycarpon tetraphyllum;tusenfrö;Art;136;Urban miljö (U) - Stor betydelse;NA;
265693;105587;Sagina revelierei 'Hortensis';trampnarv;Sort;6;;NA;
220911;105592;Saponaria ocymoides;liten såpnejlika;Art;188;Urban miljö (U) - Stor betydelse;NA;
220913;105594;Saponaria orientalis;orientalisk såpnejlika;Art;0;Urban miljö (U) - Stor betydelse;NA;
220919;105604;Silene baccifera;bärglim;Art;26;Urban miljö (U) - Stor betydelse;NA;
220920;105606;Silene bellidifolia;luddglim;Art;0;Urban miljö (U) - Stor betydelse;NA;
220921;105607;Silene borysthenica;smalglim;Art;1;Urban miljö (U) - Stor betydelse;NA;
1493;105611;Silene conica;sandglim;Art;845;Jordbrukslandskap (J) - Stor betydelse, Urban miljö (U) - Har betydelse;NA;
220923;105613;Silene conoidea;kvarnglim;Art;13;Urban miljö (U) - Stor betydelse;NA;
220924;105614;Silene cretica;kretaglim;Art;4;Urban miljö (U) - Stor betydelse;NA;
220925;105615;Silene csereii;orientglim;Art;42;Urban miljö (U) - Stor betydelse;NA;
1494;105616;Silene dichotoma;gaffelglim;Art;1445;Jordbrukslandskap (J) - Stor betydelse, Urban miljö (U) - Har betydelse;NA;
224043;105617;Silene dichotoma subsp. dichotoma;vanlig gaffelglim;Underart;36;Jordbrukslandskap (J) - Stor betydelse, Urban miljö (U) - Stor betydelse;NA;
224044;105618;Silene dichotoma subsp. racemosa;anatolisk gaffelglim;Underart;0;Urban miljö (U) - Stor betydelse;NA;
220928;105623;Silene fabaria;nätglim;Art;0;Urban miljö (U) - Stor betydelse;NA;
220929;105624;Silene fuscata;purpurglim;Art;0;Urban miljö (U) - Stor betydelse;NA;
220930;105625;Silene gallica;franskglim;Art;130;Urban miljö (U) - Stor betydelse;NA;
224049;105626;Silene gallica var. anglica;engelskglim;Varietet;7;Urban miljö (U) - Stor betydelse;NA;
224050;105627;Silene gallica var. gallica;äkta franskglim;Varietet;2;Urban miljö (U) - Stor betydelse;NA;
224051;105628;Silene gallica var. quinquevulnera;prickglim;Varietet;2;Urban miljö (U) - Stor betydelse;NA;
265699;105632;Silene italica;romarglim;Art;50;;NA;
259691;105636;Silene lydia;lydisk sandglim;Art;1;Urban miljö (U) - Stor betydelse;NA;
220932;105638;Silene multifida;fransglim;Art;66;Urban miljö (U) - Stor betydelse;NA;
220933;105639;Silene muscipula;flugglim;Art;7;Urban miljö (U) - Stor betydelse;NA;
220935;105641;Silene nocturna;medelhavsglim;Art;0;Urban miljö (U) - Stor betydelse;NA;
264659;105646;Silene otites;kvastglim;Art;0;Urban miljö (U) - Stor betydelse;NA;
220937;105647;Silene pendula;sommarglim;Art;174;Urban miljö (U) - Stor betydelse;NA;
220938;105649;Silene pseudoatocion;atlasglim;Art;7;Urban miljö (U) - Stor betydelse;NA;
6034793;105651;Silene schafta;höstglim;Art;25;;NA;
220939;105653;Silene stricta;vingglim;Art;20;Urban miljö (U) - Stor betydelse;NA;
224042;105654;Silene subconica;stor sandglim;Art;3;Urban miljö (U) - Stor betydelse;NA;
220940;105655;Silene tatarica;ryssglim;Art;42;Urban miljö (U) - Stor betydelse;NA;
224060;105664;Silene vulgaris subsp. angustifolia;smalbladig smällglim;Underart;2;Urban miljö (U) - Stor betydelse;NA;
224061;105665;Silene vulgaris subsp. commutata;bredbladig smällglim;Underart;4;Urban miljö (U) - Stor betydelse;NA;
224045;105670;Silene dioica × latifolia;skärblära;Hybrid;639;Jordbrukslandskap (J) - Stor betydelse;NA;
220973;105719;Vaccaria hispanica;åkernejlika;Art;475;Urban miljö (U) - Stor betydelse;NA;
264660;105731;Alternanthera ficoidea;papegojblad;Art;0;Urban miljö (U) - Stor betydelse;NA;
221910;105732;Alternanthera halimifolia;mållalternant;Art;2;Urban miljö (U) - Stor betydelse;NA;
220621;105734;Alternanthera pungens;stickalternant;Art;2;Urban miljö (U) - Stor betydelse;NA;
220416;105737;Amaranthus acutilobus;klyvamarant;Art;5;Urban miljö (U) - Stor betydelse;NA;
220623;105738;Amaranthus albus;vit amarant;Art;330;Urban miljö (U) - Stor betydelse;NA;
220624;105739;Amaranthus arenicola;sandamarant;Art;10;Urban miljö (U) - Stor betydelse;NA;
220625;105740;Amaranthus blitoides;skedamarant;Art;235;Urban miljö (U) - Stor betydelse;NA;
220626;105741;Amaranthus blitum;mållamarant;Art;536;Urban miljö (U) - Stor betydelse;NA;
220627;105743;Amaranthus capensis;krokamarant;Art;2;Urban miljö (U) - Stor betydelse;NA;
223887;105744;Amaranthus capensis subsp. uncinatus;krokamarant;Underart;0;Urban miljö (U) - Stor betydelse;NA;
220628;105745;Amaranthus caudatus;rävsvans;Art;457;Urban miljö (U) - Stor betydelse;NA;
220629;105747;Amaranthus deflexus;krypamarant;Art;66;Urban miljö (U) - Stor betydelse;NA;
220630;105748;Amaranthus dinteri;boeramarant;Art;12;Urban miljö (U) - Stor betydelse;NA;
6034794;105749;Amaranthus dubius;spenatamarant;Art;14;Urban miljö (U) - Stor betydelse;NA;
220631;105750;Amaranthus graecizans;grekamarant;Art;65;Urban miljö (U) - Stor betydelse;NA;
223888;105751;Amaranthus graecizans var. graecizans;smalbladig grekamarant;Varietet;12;Urban miljö (U) - Stor betydelse;NA;
223889;105752;Amaranthus graecizans var. sylvestris;bredbladig grekamarant;Varietet;38;Urban miljö (U) - Stor betydelse;NA;
220632;105753;Amaranthus hybridus;grönamarant/toppamarant;Art;2381;Urban miljö (U) - Stor betydelse;NA;
223890;105754;Amaranthus hybridus subsp. cruentus;blodamarant;Underart;174;Urban miljö (U) - Stor betydelse;NA;
223891;105755;Amaranthus hybridus subsp. hybridus;nålamarant;Underart;81;Urban miljö (U) - Stor betydelse;NA;
223892;105756;Amaranthus hybridus subsp. hypochondriacus;toppamarant;Underart;623;Urban miljö (U) - Stor betydelse;NA;
223893;105757;Amaranthus hybridus subsp. powellii;grönamarant;Underart;980;Urban miljö (U) - Stor betydelse;NA;
220633;105759;Amaranthus mitchellii;;Art;1;Urban miljö (U) - Stor betydelse;NA;
220634;105760;Amaranthus muricatus;bandamarant;Art;3;Urban miljö (U) - Stor betydelse;NA;
220635;105761;Amaranthus palmeri;kvarnamarant;Art;20;Urban miljö (U) - Stor betydelse;NA;
220636;105763;Amaranthus quitensis;uddamarant;Art;37;Urban miljö (U) - Stor betydelse;NA;
220637;105764;Amaranthus retroflexus;svinamarant;Art;3175;Urban miljö (U) - Stor betydelse;NA;
220638;105765;Amaranthus rudis;kansasamarant;Art;4;Urban miljö (U) - Stor betydelse;NA;
220639;105766;Amaranthus spinosus;taggamarant;Art;33;Urban miljö (U) - Stor betydelse;NA;
220640;105767;Amaranthus standleyanus;nötamarant;Art;20;Urban miljö (U) - Stor betydelse;NA;
220641;105768;Amaranthus thunbergii;ullamarant;Art;13;Urban miljö (U) - Stor betydelse;NA;
220642;105769;Amaranthus viridis;smalamarant;Art;111;Urban miljö (U) - Stor betydelse;NA;
220652;105771;Atriplex angulata;;Art;5;Urban miljö (U) - Stor betydelse;NA;
220654;105776;Atriplex dimorphostegia;;Art;0;Urban miljö (U) - Stor betydelse;NA;
220656;105778;Atriplex hortensis;trädgårdsmålla;Art;1460;Urban miljö (U) - Stor betydelse;NA;
220658;105780;Atriplex laevis;glattmålla;Art;4;Urban miljö (U) - Stor betydelse;NA;
220659;105782;Atriplex lasiantha;fnasmålla;Art;4;Urban miljö (U) - Stor betydelse;NA;
220660;105783;Atriplex leptocarpa;;Art;7;Urban miljö (U) - Stor betydelse;NA;
220663;105788;Atriplex micrantha;;Art;10;Urban miljö (U) - Stor betydelse;NA;
220666;105791;Atriplex pentandra;tuppkamsmålla;Art;0;Urban miljö (U) - Stor betydelse;NA;
220669;105795;Atriplex pseudocampanulata;;Art;0;Urban miljö (U) - Stor betydelse;NA;
220671;105797;Atriplex sagittata;glansmålla;Art;31;Urban miljö (U) - Stor betydelse;NA;
220672;105798;Atriplex sibirica;nötmålla;Art;1;Urban miljö (U) - Stor betydelse;NA;
220673;105800;Atriplex tatarica;axmålla;Art;161;Urban miljö (U) - Stor betydelse;NA;
222234;105815;Axyris amaranthoides;amarantmålla;Art;154;Urban miljö (U) - Stor betydelse;NA;
220675;105816;Axyris hybrida;liten amarantmålla;Art;0;Urban miljö (U) - Stor betydelse;NA;
220677;105818;Bassia hyssopifolia;krokmålla;Art;7;Urban miljö (U) - Stor betydelse;NA;
220678;105819;Bassia scoparia;kvastmålla;Art;216;Urban miljö (U) - Stor betydelse;NA;
223910;105820;Bassia scoparia subsp. densiflora;hamnkvastmålla;Underart;26;Urban miljö (U) - Stor betydelse;NA;
223911;105821;Bassia scoparia subsp. scoparia;sommarcypress;Underart;54;Urban miljö (U) - Stor betydelse;NA;
219636;105824;Beta macrocarpa;liten strandbeta;Art;0;Urban miljö (U) - Stor betydelse;NA;
220680;105825;Beta trigyna;kaukasusbeta;Art;11;Urban miljö (U) - Stor betydelse;NA;
223913;105828;Beta vulgaris subsp. vulgaris;vanlig beta;Underart;689;Urban miljö (U) - Stor betydelse;NA;
223914;105829;Beta vulgaris var. altissima;sockerbeta;Varietet;110;Urban miljö (U) - Stor betydelse;NA;
223915;105830;Beta vulgaris var. cicla;mangold;Varietet;189;Urban miljö (U) - Stor betydelse;NA;
223916;105831;Beta vulgaris var. rapacea;foderbeta;Varietet;27;Urban miljö (U) - Stor betydelse;NA;
223917;105832;Beta vulgaris var. vulgaris;rödbeta;Varietet;137;Urban miljö (U) - Stor betydelse;NA;
220714;105835;Blitum capitatum;smultronmålla;Art;305;Urban miljö (U) - Stor betydelse;NA;
221114;105836;Blitum nuttallianum;;Art;5;Urban miljö (U) - Stor betydelse;NA;
220718;105837;Blitum petiolare;spansk bärmålla;Art;1;Urban miljö (U) - Stor betydelse;NA;
265731;105840;Celosia argentea;celosia;Art;11;;NA;
220744;105844;Chenopodiastrum simplex;platanmålla;Art;1;Urban miljö (U) - Stor betydelse;NA;
221620;105847;Chenopodium acuminatum;pärlmålla;Art;7;Urban miljö (U) - Stor betydelse;NA;
223935;105850;Chenopodium album var. reticulatum;nätmålla;Varietet;0;Urban miljö (U) - Stor betydelse;NA;
220709;105852;Chenopodium auricomum;;Art;2;Urban miljö (U) - Stor betydelse;NA;
220710;105853;Chenopodium berlandieri;texasmålla;Art;216;Urban miljö (U) - Stor betydelse;NA;
220712;105854;Chenopodium borbasioides;pampasmålla;Art;44;Urban miljö (U) - Stor betydelse;NA;
220719;105856;Chenopodium ficifolium;fikonmålla;Art;1987;Urban miljö (U) - Stor betydelse;NA;
223939;105857;Chenopodium ficifolium subsp. blomianum;slät fikonmålla;Underart;14;Urban miljö (U) - Stor betydelse;NA;
223940;105858;Chenopodium ficifolium subsp. ficifolium;vanlig fikonmålla;Underart;372;Urban miljö (U) - Stor betydelse;NA;
220721;105859;Chenopodium giganteum;praktmålla;Art;98;Urban miljö (U) - Stor betydelse;NA;
220723;105860;Chenopodium hircinum;bockmålla;Art;119;Urban miljö (U) - Stor betydelse;NA;
220725;105861;Chenopodium karoi;mongolmålla;Art;7;Urban miljö (U) - Stor betydelse;NA;
220728;105862;Chenopodium missouriense;hönsmålla;Art;73;Urban miljö (U) - Stor betydelse;NA;
220729;105863;Chenopodium mucronatum;;Art;2;Urban miljö (U) - Stor betydelse;NA;
220732;105864;Chenopodium opulifolium;olvonmålla;Art;173;Urban miljö (U) - Stor betydelse;NA;
265734;105865;Chenopodium pedunculare;;Art;2;;NA;
220733;105866;Chenopodium pilcomayense;pilcomayomålla;Art;0;Urban miljö (U) - Stor betydelse;NA;
220735;105867;Chenopodium pratericola;smalmålla;Art;264;Urban miljö (U) - Stor betydelse;NA;
220736;105868;Chenopodium probstii;probstmålla;Art;36;Urban miljö (U) - Stor betydelse;NA;
220739;105869;Chenopodium purpurascens;purpurmålla;Art;3;Urban miljö (U) - Stor betydelse;NA;
220740;105870;Chenopodium quinoa;mjölmålla;Art;28;Urban miljö (U) - Stor betydelse;NA;
220745;105871;Chenopodium sosnowskyi;turkmålla;Art;8;Urban miljö (U) - Stor betydelse;NA;
1869;105872;Chenopodium striatiforme;östersjömålla;Art;442;Jordbrukslandskap (J) - Stor betydelse, Urban miljö (U) - Har betydelse;NA;
220747;105873;Chenopodium strictum;olivmålla/präriemålla;Art;80;Urban miljö (U) - Stor betydelse;NA;
223942;105874;Chenopodium strictum subsp. glaucophyllum;präriemålla;Underart;0;Urban miljö (U) - Stor betydelse;NA;
223943;105875;Chenopodium strictum subsp. strictum;olivmålla;Underart;35;Urban miljö (U) - Stor betydelse;NA;
220750;105877;Chenopodium virgatum;käppmålla;Art;3;Urban miljö (U) - Stor betydelse;NA;
219661;105883;Corispermum intermedium;lusfrö;Art;153;Urban miljö (U) - Stor betydelse;NA;
220705;105887;Dysphania ambrosioides;dieselmålla;Art;120;Urban miljö (U) - Stor betydelse;NA;
220707;105888;Dysphania anthelmintica;maskmålla;Art;1;Urban miljö (U) - Stor betydelse;NA;
220713;105889;Dysphania botrys;ekmålla;Art;152;Urban miljö (U) - Stor betydelse;NA;
220715;105890;Dysphania carinata;kölmålla;Art;12;Urban miljö (U) - Stor betydelse;NA;
220717;105891;Dysphania cristata;kammålla;Art;21;Urban miljö (U) - Stor betydelse;NA;
222750;105892;Dysphania glomulifera;;Art;0;Urban miljö (U) - Stor betydelse;NA;
220727;105893;Dysphania melanocarpa;svartmålla;Art;3;Urban miljö (U) - Stor betydelse;NA;
220730;105894;Dysphania multifida;ullmålla;Art;1;Urban miljö (U) - Stor betydelse;NA;
220737;105895;Dysphania pseudomultiflora;;Art;0;Urban miljö (U) - Stor betydelse;NA;
220738;105896;Dysphania pumilio;pygmémålla;Art;105;Urban miljö (U) - Stor betydelse;NA;
220743;105897;Dysphania schraderiana;drakmålla;Art;214;Urban miljö (U) - Stor betydelse;NA;
220157;105901;Gomphrena globosa;klotamarant;Art;22;Urban miljö (U) - Stor betydelse;NA;
220795;105903;Hablitzia tamnoides;rankspenat;Art;149;Urban miljö (U) - Stor betydelse, Jordbrukslandskap (J) - Har betydelse;NA;
220706;105911;Oxybasis antarctica;;Art;0;Urban miljö (U) - Stor betydelse;NA;
220716;105912;Oxybasis chenopodioides;druvmålla;Art;6;Urban miljö (U) - Stor betydelse;NA;
220742;105915;Oxybasis glauca subsp. salina;amerikansk blåmålla;Underart;4;Urban miljö (U) - Stor betydelse;NA;
220726;105916;Oxybasis macrosperma;;Art;2;Urban miljö (U) - Stor betydelse;NA;
223941;105917;Chenopodium macrospermum subsp. salsum;;Underart;0;;;
220851;105921;Polycnemum arvense;broskört;Art;1;Urban miljö (U) - Stor betydelse;NA;
220852;105922;Polycnemum majus;stor broskört;Art;1;Urban miljö (U) - Stor betydelse;NA;
220910;105935;Salsola tragus;rysk sodaört;Art;177;Urban miljö (U) - Stor betydelse;NA;
220916;105937;Sclerolaena bicornis;;Art;0;Urban miljö (U) - Stor betydelse;;
220917;105938;Sclerolaena eriacantha;;Art;1;Urban miljö (U) - Stor betydelse;NA;
232492;105939;Sclerolaena muricata;;Art;5;Urban miljö (U) - Stor betydelse;NA;
220950;105941;Spinacia oleracea;spenat;Art;312;Urban miljö (U) - Stor betydelse;NA;
220964;105945;Suaeda altissima;stor saltört;Art;4;Urban miljö (U) - Stor betydelse;NA;
220965;105946;Suaeda corniculata;hornsaltört;Art;5;Urban miljö (U) - Stor betydelse;NA;
220967;105948;Suaeda vera;busksaltört;Art;1;Urban miljö (U) - Stor betydelse;NA;
220708;105950;Teloxys aristata;renlavsmålla;Art;14;Urban miljö (U) - Stor betydelse;NA;
220972;105952;Tidestromia lanuginosa;bomullsamarant;Art;12;Urban miljö (U) - Stor betydelse;NA;
220119;105959;Dorotheanthus bellidiformis;stor doroteablomma;Art;45;Urban miljö (U) - Stor betydelse;NA;
221195;105961;Galenia secunda;galenia;Art;4;Urban miljö (U) - Stor betydelse;NA;
221540;105963;Mesembryanthemum aitonis;kantig isört;Art;1;Urban miljö (U) - Stor betydelse;NA;
220815;105964;Mesembryanthemum crystallinum;isört;Art;3;Urban miljö (U) - Stor betydelse;NA;
220816;105965;Mesembryanthemum nodiflorum;gul isört;Art;9;Urban miljö (U) - Stor betydelse;NA;
220970;105967;Tetragonia echinata;taggtetragonia;Art;1;Urban miljö (U) - Stor betydelse;NA;
220971;105968;Tetragonia tetragonoides;nyzeeländsk spenat;Art;123;Urban miljö (U) - Stor betydelse;NA;
220270;105971;Phytolacca acinosa;kermesbär;Art;842;Urban miljö (U) - Stor betydelse;NA;
220849;105972;Phytolacca americana;amerikanskt kermesbär;Art;17;Urban miljö (U) - Stor betydelse;NA;
220821;105975;Mirabilis jalapa;underblomma;Art;108;Urban miljö (U) - Stor betydelse;NA;
222131;105976;Mirabilis nyctaginea;gytterblomma;Art;3;Urban miljö (U) - Stor betydelse;NA;
222591;105980;Mollugo verticillata;kransört;Art;8;Urban miljö (U) - Stor betydelse;NA;
222275;105983;Calandrinia compressa;deltasidenblomma;Art;0;Urban miljö (U) - Stor betydelse;NA;
265742;105984;Calandrinia ciliata;röd sidenblomma;Art;9;Urban miljö (U) - Stor betydelse;NA;
222059;105987;Claytonia perfoliata;vinterportlak;Art;618;Urban miljö (U) - Stor betydelse;NA;
220753;105988;Claytonia sibirica;vårsköna;Art;434;Urban miljö (U) - Stor betydelse;NA;
265625;105999;Basella alba;malabarspenat;Art;9;Urban miljö (U) - Stor betydelse;NA;
259715;106002;Talinum paniculatum;bärnstensvippa;Art;109;Urban miljö (U) - Stor betydelse;NA;
6051100;106005;Portulaca africana;afrikaportlak;Art;13;;NA;
235049;106007;Portulaca grandiflora;praktportlak;Art;32;Urban miljö (U) - Stor betydelse;NA;
6007422;106008;Portulaca granulatostellulata;grynportlak;Art;62;Urban miljö (U) - Stor betydelse;NA;
6007423;106009;Portulaca nitida;slätportlak;Art;53;Urban miljö (U) - Stor betydelse;NA;
223980;106010;Portulaca oleracea;vildportlak;Art;325;Urban miljö (U) - Stor betydelse;NA;
220864;106011;Portulaca oleracea agg.;vildportlak (aggregat);Artkomplex;739;Urban miljö (U) - Stor betydelse;NA;
6007424;106013;Portulaca papillatostellulata;papillportlak;Art;2;Urban miljö (U) - Stor betydelse;NA;
6051101;106014;Portulaca rausii;rausportlak;Art;5;;NA;
223981;106015;Portulaca sativa;trädgårdsportlak;Art;194;Urban miljö (U) - Stor betydelse;NA;
6051103;106016;Portulaca sativa agg.;trädgårdsportlak (aggregat);Artkomplex;201;;NA;
6051102;106018;Portulaca zaffranii;zaffranportlak;Art;3;;NA;
264661;106021;Opuntia ficus-indica;fikonkaktus;Art;1;Urban miljö (U) - Stor betydelse;NA;
264662;106023;Pereskia aculeata;trädkaktus;Art;4;Urban miljö (U) - Stor betydelse;NA;
220486;106028;Deutzia crenata;strävdeutzia;Art;273;Urban miljö (U) - Stor betydelse;NA;
235117;106030;Deutzia hookeriana;hookerdeutzia;Art;0;Urban miljö (U) - Stor betydelse;NA;
264663;106031;Deutzia × kalmiiflora;klockdeutzia;Art;33;Urban miljö (U) - Stor betydelse;NA;
265746;106032;Deutzia × lemoinei;rikblommig deutzia;Art;15;;NA;
265747;106033;Deutzia purpurascens;purpurdeutzia;Art;25;;NA;
220989;106035;Hydrangea anomala;klätterhortensia;Art;344;Urban miljö (U) - Stor betydelse;NA;
224082;106036;Hydrangea anomala subsp. petiolaris;klätterhortensia;Underart;27;Urban miljö (U) - Stor betydelse;NA;
219831;106037;Hydrangea arborescens;vidjehortensia;Art;88;Urban miljö (U) - Stor betydelse;NA;
6051599;106038;Hydrangea aspera;strävhortensia;Art;37;;NA;
6324980;106039;Hydrangea aspera subsp. sargentiana;sammetshortensia;Underart;17;;NA;
6324979;106040;Hydrangea aspera subsp. aspera;;Underart;2;;NA;
259689;106042;Hydrangea macrophylla;hortensia;Art;131;Urban miljö (U) - Stor betydelse;NA;
220990;106043;Hydrangea paniculata;vipphortensia;Art;121;Urban miljö (U) - Stor betydelse;NA;
222756;106045;Philadelphus coronarius;doftschersmin;Art;2119;Urban miljö (U) - Stor betydelse;NA;
264664;106047;Philadelphus floridus;fåblommig schersmin;Art;34;Urban miljö (U) - Stor betydelse;NA;
6332296;106048;Philadelphus hirsutus;luddschersmin;Art;3;;NA;
265749;106049;Philadelphus inodorus;storblommig schersmin;Art;78;Urban miljö (U) - Stor betydelse;NA;
264665;106050;Philadelphus × lemoinei;småblommig schersmin;Art;190;Urban miljö (U) - Stor betydelse;NA;
264666;106051;Philadelphus lewisii;gordonschersmin;Art;269;Urban miljö (U) - Stor betydelse;NA;
220994;106052;Philadelphus pubescens;kungsschersmin;Art;428;Urban miljö (U) - Stor betydelse;NA;
220993;106053;Philadelphus × virginalis;kameliaschersmin;Art;139;Urban miljö (U) - Stor betydelse;NA;
266093;106056;Nasa triphylla;färgkrona;Art;4;Urban miljö (U) - Stor betydelse;NA;
6332288;106059;Davidia involucrata;wilsonnäsduksträd;Art;39;;NA;
224080;106062;Cornus alba;rysk kornell;Art;1064;Urban miljö (U) - Stor betydelse;NA;
220755;106063;Cornus alba agg.;vitkornell (aggregat);Artkomplex;4447;Urban miljö (U) - Stor betydelse;NA;
260625;106064;Cornus controversa;pagodkornell;Art;3;Urban miljö (U) - Stor betydelse;NA;
220985;106065;Cornus mas;körsbärskornell;Art;474;Urban miljö (U) - Stor betydelse;NA;
6333383;106066;Cornus nuttallii;stor blomsterkornell;Art;10;;;
6003005;106067;Cornus racemosa;silverkornell;Art;5;Urban miljö (U) - Stor betydelse;NA;
224081;106069;Cornus sericea;videkornell;Art;3021;Jordbrukslandskap (J) - Stor betydelse, Urban miljö (U) - Stor betydelse;NA;
220803;106075;Impatiens balsamina;balsamin;Art;82;Urban miljö (U) - Stor betydelse;NA;
259702;106076;Impatiens capensis;apelsinbalsamin;Art;1;Urban miljö (U) - Stor betydelse;NA;
221100;106078;Impatiens glandulifera;jättebalsamin;Art;37448;Jordbrukslandskap (J) - Stor betydelse, Urban miljö (U) - Stor betydelse, Våtmark (V) - Stor betydelse, Skog (S) - Har betydelse, Sötvatten (L) - Har betydelse;NA;
221102;106080;Impatiens parviflora;blekbalsamin;Art;13155;Skog (S) - Stor betydelse, Urban miljö (U) - Stor betydelse, Våtmark (V) - Stor betydelse;NA;
221103;106081;Impatiens walleriana;flitiga Lisa;Art;36;Urban miljö (U) - Stor betydelse;NA;
221621;106084;Collomia biflora;neonblomster;Art;4;Urban miljö (U) - Stor betydelse;NA;
221084;106085;Collomia grandiflora;"stort limfrö ";Art;1;Urban miljö (U) - Stor betydelse;NA;
221085;106086;Collomia linearis;limfrö;Art;85;Urban miljö (U) - Stor betydelse;NA;
223039;106090;Gilia achilleifolia;fjädergilia;Art;210;Urban miljö (U) - Stor betydelse;NA;
264667;106091;Gilia achilleifolia subsp. achilleifolia;;Underart;2;Urban miljö (U) - Stor betydelse;NA;
264668;106092;Gilia achilleifolia subsp. multicaulis;;Underart;1;Urban miljö (U) - Stor betydelse;NA;
221094;106093;Gilia capitata;bollgilia;Art;181;Urban miljö (U) - Stor betydelse;NA;
221095;106094;Gilia laciniata;flikgilia;Art;3;Urban miljö (U) - Stor betydelse;NA;
221096;106095;Gilia tricolor;bukettgilia;Art;62;Urban miljö (U) - Stor betydelse;NA;
221687;106097;Linanthus androsaceus;barrgilia;Art;11;Urban miljö (U) - Stor betydelse;NA;
221105;106099;Linanthus grandiflorus;klotgilia;Art;0;Urban miljö (U) - Stor betydelse;NA;
220258;106101;Navarretia intertexta;nätnavarretia;Art;0;Urban miljö (U) - Stor betydelse;NA;
264669;106102;Navarretia peninsularis;nålnavarretia;Art;2;Urban miljö (U) - Stor betydelse;NA;
221116;106103;Navarretia squarrosa;navarretia;Art;5;Urban miljö (U) - Stor betydelse;NA;
221764;106105;Phlox drummondii;sommarflox;Art;120;Urban miljö (U) - Stor betydelse;NA;
221128;106106;Phlox paniculata;höstflox;Art;847;Urban miljö (U) - Stor betydelse;NA;
221129;106107;Phlox stolonifera;krypflox;Art;8;Urban miljö (U) - Stor betydelse;NA;
221130;106108;Phlox subulata;mossflox;Art;523;Urban miljö (U) - Stor betydelse;NA;
221134;106113;Polemonium pauciflorum;gult blågull;Art;16;Urban miljö (U) - Stor betydelse;NA;
265754;106114;Polemonium reptans;krypblågull;Art;21;Urban miljö (U) - Stor betydelse;NA;
249002;106115;Polemonium × richardsonii;hybridblågull;Art;5;Urban miljö (U) - Stor betydelse;NA;
222212;106119;Androsace elongata;sandviva;Art;42;Urban miljö (U) - Stor betydelse;NA;
259680;106120;Androsace filiformis;trådviva;Art;11;Urban miljö (U) - Stor betydelse;NA;
221075;106121;Androsace maxima;fältviva;Art;0;Urban miljö (U) - Stor betydelse;NA;
6051105;106124;Cyclamen coum;dvärgcyklamen;Art;15;;NA;
6002859;106125;Cyclamen hederifolium;höstcyklamen;Art;72;Urban miljö (U) - Stor betydelse;NA;
264670;106126;Cyclamen persicum;cyklamen;Art;9;Urban miljö (U) - Stor betydelse;NA;
6330781;106128;Dodecatheon jeffreyi;stor tolvgudablomma;Art;2;;NA;
235033;106135;Lysimachia ciliata;guldlysing;Art;89;Urban miljö (U) - Stor betydelse;NA;
219578;106136;Lysimachia clethroides;vitlysing;Art;113;Urban miljö (U) - Stor betydelse;NA;
221070;106138;Lysimachia foemina;blåmire;Art;88;Urban miljö (U) - Stor betydelse;NA;
221072;106141;Lysimachia monelli;praktmire;Art;19;Urban miljö (U) - Stor betydelse;NA;
221110;106144;Lysimachia punctata;praktlysing;Art;9900;Urban miljö (U) - Stor betydelse, Jordbrukslandskap (J) - Har betydelse;NA;
6046624;106152;Primula beesiana;röd kandelaberviva;Art;1;;NA;
264672;106153;Primula denticulata;bollviva;Art;25;Urban miljö (U) - Stor betydelse;NA;
6012040;106167;Primula × polyantha;trädgårdsviva;Art;415;;NA;
221136;106168;Primula × pruhoniciana;violviva;Art;43;Urban miljö (U) - Stor betydelse;NA;
265760;106178;Primula elatior × vulgaris;lundviva × jordviva;Hybrid;21;;NA;
224104;106180;Primula veris × vulgaris;gullviva × jordviva;Hybrid;0;Urban miljö (U) - Stor betydelse;;
259712;106185;Soldanella montana;skogsalpklocka;Art;2;Urban miljö (U) - Stor betydelse;NA;
6053239;106189;Stewartia serrata;grå skenkamelia;Art;24;;NA;
221153;106201;Sarracenia purpurea;flugtrumpet;Art;373;Våtmark (V) - Stor betydelse;NA;
222772;106205;Actinidia arguta;krusbärsaktinidia;Art;22;Urban miljö (U) - Stor betydelse;NA;
221068;106206;Actinidia deliciosa;kiwi;Art;48;Urban miljö (U) - Stor betydelse;NA;
264675;106207;Actinidia kolomikta;kameleontbuske;Art;42;;NA;
235129;106225;Clethra alnifolia;konvaljbuske;Art;2;Urban miljö (U) - Stor betydelse;NA;
221089;106231;Enkianthus campanulatus;klockbuske;Art;30;Urban miljö (U) - Stor betydelse;NA;
221091;106233;Erica carnea;vårljung;Art;106;Urban miljö (U) - Stor betydelse;NA;
259678;106242;Kalmia angustifolia;smalbladig kalmia;Art;21;Urban miljö (U) - Stor betydelse;NA;
265770;106245;Leucothoë axillaris;virginsk vinterrosling;Art;12;;NA;
6322843;106252;Monotropa uniflora;indiantallört;Art;39;;NA;
266089;106259;Pieris floribunda;amerikansk buskrosling;Art;37;Urban miljö (U) - Stor betydelse;NA;
221148;106275;Rhododendron brachycarpum;fujirododendron;Art;24;Urban miljö (U) - Stor betydelse, Skog (S) - Har betydelse;NA;
6037484;106276;Rhododendron canadense;vårazalea;Art;17;;NA;
221149;106277;Rhododendron catawbiense;"catawbarododendron ";Art;357;Urban miljö (U) - Stor betydelse;NA;
6051107;106278;Rhododendron catawbiense agg.;catawbarododendron (aggregat);Artkomplex;389;;NA;
264676;106280;Rhododendron groenlandicum;bredbladig skvattram;Art;13;Urban miljö (U) - Stor betydelse;NA;
235130;106282;Rhododendron luteum;guldazalea;Art;92;Urban miljö (U) - Stor betydelse;NA;
6037485;106283;Rhododendron maximum;sommarrododendron;Art;103;Skog (S) - Stor betydelse;NA;
264677;106284;Rhododendron molle;kinesisk azalea;Art;25;Urban miljö (U) - Stor betydelse;NA;
264678;106285;Rhododendron molle subsp. japonicum;japanazalea;Underart;1;Urban miljö (U) - Stor betydelse;NA;
235131;106286;Rhododendron ponticum;pontisk rododendron;Art;181;Urban miljö (U) - Stor betydelse;NA;
6037486;106290;Rhododendron catawbiense × maximum;catawbarododendron × sommarrododendron;Hybrid;39;;NA;
6324986;106292;Vaccinium angustifolium;kanadensiskt blåbär;Art;29;;NA;
221155;106293;Vaccinium corymbosum;amerikanskt blåbär;Art;115;Urban miljö (U) - Stor betydelse, Skog (S) - Har betydelse;NA;
264679;106314;Aucuba japonica;aukuba;Art;42;Urban miljö (U) - Stor betydelse;NA;
6051109;106318;Valantia hispida;valantia;Art;1;;NA;
221507;106320;Asperula arvensis;liten blåmåra;Art;15;Urban miljö (U) - Stor betydelse;NA;
6002861;106321;Asperula cynanchica;rosenmåra;Art;79;Skog (S) - Stor betydelse;NA;
221408;106323;Asperula orientalis;blåmåra;Art;87;Urban miljö (U) - Stor betydelse;NA;
264680;106324;Asperula taurina;skärmåra;Art;17;Urban miljö (U) - Stor betydelse;NA;
219786;106327;Cruciata glabra;kal korsmåra;Art;43;Urban miljö (U) - Stor betydelse;NA;
221414;106328;Cruciata laevipes;korsmåra;Art;115;Urban miljö (U) - Stor betydelse;NA;
221417;106336;Galium arenarium;sandmåra;Art;1;Urban miljö (U) - Stor betydelse;NA;
221420;106338;Galium glaucum;daggmåra;Art;1;Urban miljö (U) - Stor betydelse;NA;
264681;106341;Galium mollugo subsp. mollugo;buskmåra;Underart;165;Urban miljö (U) - Stor betydelse;NA;
221422;106343;Galium murale;murmåra;Art;0;Urban miljö (U) - Stor betydelse;NA;
221426;106355;Galium parisiense;franskmåra;Art;60;Urban miljö (U) - Stor betydelse;NA;
670;106356;Galium pumilum;parkmåra;Art;605;Urban miljö (U) - Stor betydelse, Jordbrukslandskap (J) - Har betydelse;NA;
265779;106371;Galium sylvaticum;skogsmåra;Art;61;Urban miljö (U) - Stor betydelse;NA;
221433;106372;Galium tenuissimum;spädmåra;Art;3;Urban miljö (U) - Stor betydelse;NA;
221434;106373;Galium tricornutum;pillermåra;Art;54;Urban miljö (U) - Stor betydelse;NA;
221438;106379;Galium verrucosum;vårtmåra;Art;1;Urban miljö (U) - Stor betydelse;NA;
224203;106382;Galium verum subsp. wirtgenii;gles gulmåra;Underart;10;Urban miljö (U) - Stor betydelse;NA;
6034796;106388;Houstonia caerulea;porslinsstjärna;Art;19;;NA;
222621;106390;Phuopsis stylosa;bollmåra;Art;65;Urban miljö (U) - Stor betydelse;NA;
221452;106393;Rubia tinctorum;krapp;Art;154;Urban miljö (U) - Stor betydelse;NA;
6024008;106400;Blackstonia perfoliata;gulört;Art;80;;NA;
221200;106415;Gentiana asclepiadea;knippgentiana;Art;34;Urban miljö (U) - Stor betydelse;NA;
260629;106416;Gentiana cruciata;korsgentiana;Art;16;Urban miljö (U) - Stor betydelse;NA;
264682;106417;Gentiana lutea;gullgentiana;Art;74;Urban miljö (U) - Stor betydelse;NA;
265789;106421;Gentiana septemfida;fransgentiana;Art;2;Urban miljö (U) - Stor betydelse;NA;
6328976;106446;Amsonia ciliata;texas-amsonia;Art;22;;NA;
249003;106450;Asclepias curassavica;röd sidenört;Art;22;Urban miljö (U) - Stor betydelse;NA;
259675;106451;Asclepias incarnata;rosensidenört;Art;2;Urban miljö (U) - Stor betydelse;NA;
249004;106453;Asclepias syriaca;sidenört;Art;108;Urban miljö (U) - Stor betydelse;NA;
6040108;106455;Ceropegia linearis;lyktranka;Art;2;;NA;
6040109;106456;Ceropegia linearis subsp. woodii;lyktranka;Underart;0;;NA;
6331114;106460;Gomphocarpus fruticosus;ballongbuske;Art;4;;NA;
221732;106462;Nerium oleander;oleander;Art;33;Urban miljö (U) - Stor betydelse;NA;
221454;106464;Vinca herbacea;girlandvintergröna;Art;7;Urban miljö (U) - Stor betydelse;NA;
221455;106465;Vinca major;stor vintergröna;Art;283;Urban miljö (U) - Stor betydelse;NA;
221456;106466;Vinca minor;vintergröna;Art;14046;Urban miljö (U) - Stor betydelse, Skog (S) - Har betydelse;NA;
264686;106470;Vincetoxicum rossicum;brun tulkört;Art;5;Urban miljö (U) - Stor betydelse;NA;
221727;106475;Nemophila maculata;kärleksblomster;Art;53;Urban miljö (U) - Stor betydelse;NA;
221118;106476;Nemophila menziesii;prins Gustafs öga;Art;127;Urban miljö (U) - Stor betydelse;NA;
219703;106479;Phacelia campanularia;klockfacelia;Art;76;Urban miljö (U) - Stor betydelse;NA;
221121;106480;Phacelia ciliata;lavendelfacelia;Art;8;Urban miljö (U) - Stor betydelse;NA;
264687;106481;Phacelia congesta;huvudfacelia;Art;2;Urban miljö (U) - Stor betydelse;NA;
221122;106482;Phacelia hispida;;Art;0;Urban miljö (U) - Stor betydelse;NA;
221123;106483;Phacelia magellanica;;Art;0;Urban miljö (U) - Stor betydelse;NA;
221124;106484;Phacelia minor;trattfacelia;Art;4;Urban miljö (U) - Stor betydelse;NA;
221125;106485;Phacelia tanacetifolia;honungsfacelia;Art;2395;Urban miljö (U) - Stor betydelse;NA;
221126;106486;Phacelia viscida;"klibbfacelia ";Art;9;Urban miljö (U) - Stor betydelse;NA;
264690;106489;Adelocaryum coelestinum;;Art;4;Urban miljö (U) - Stor betydelse;NA;
221495;106492;Amsinckia intermedia;ogräsgullört;Art;47;Urban miljö (U) - Stor betydelse;NA;
221496;106493;Amsinckia lunaris;mångullört;Art;2;Urban miljö (U) - Stor betydelse;NA;
221497;106494;Amsinckia lycopsoides;hönsgullört;Art;237;Urban miljö (U) - Stor betydelse;NA;
221498;106495;Amsinckia micrantha;gullört;Art;349;Urban miljö (U) - Stor betydelse;NA;
221499;106496;Amsinckia retrorsa;fodergullört;Art;34;Urban miljö (U) - Stor betydelse;NA;
221500;106497;Amsinckia tesselata;mosaikgullört;Art;21;Urban miljö (U) - Stor betydelse;NA;
224218;106501;Anchusa arvensis subsp. orientalis;orientalisk fårtunga;Underart;21;Urban miljö (U) - Stor betydelse;NA;
221502;106502;Anchusa azurea;italiensk oxtunga;Art;36;Urban miljö (U) - Stor betydelse;NA;
6007629;106503;Anchusa capensis;afrikansk oxtunga;Art;4;Urban miljö (U) - Stor betydelse;NA;
221503;106504;Anchusa ochroleuca;gul oxtunga;Art;1;Urban miljö (U) - Stor betydelse;NA;
221505;106506;Anchusa undulata;vågbladig oxtunga;Art;3;Urban miljö (U) - Stor betydelse;NA;
224217;106507;Anchusa arvensis × officinalis;fårtunga × oxtunga;Hybrid;15;Jordbrukslandskap (J) - Stor betydelse, Urban miljö (U) - Stor betydelse;NA;
222238;106512;Borago officinalis;gurkört;Art;3219;Urban miljö (U) - Stor betydelse;NA;
223416;106514;Brunnera macrophylla;kaukasisk förgätmigej;Art;753;Urban miljö (U) - Stor betydelse;NA;
221538;106519;Buglossoides purpurocaerulea;färgväxlare;Art;2;Urban miljö (U) - Stor betydelse;NA;
220977;106521;Cerinthe major;stor vaxblomma;Art;55;Urban miljö (U) - Stor betydelse;NA;
221512;106522;Cerinthe minor;liten vaxblomma;Art;10;Urban miljö (U) - Stor betydelse;NA;
222399;106524;Cryptantha clandestina;;Art;0;Urban miljö (U) - Stor betydelse;NA;
222400;106526;Cynoglossum amabile;kinesisk förgätmigej;Art;221;Urban miljö (U) - Stor betydelse;NA;
221515;106527;Cynoglossum apenninum;italiensk hundtunga;Art;0;Urban miljö (U) - Stor betydelse;NA;
264688;106528;Cynoglossum australe;;Art;1;Urban miljö (U) - Stor betydelse;NA;
221516;106529;Cynoglossum creticum;blå hundtunga;Art;1;Urban miljö (U) - Stor betydelse;NA;
221517;106531;Cynoglossum wallichii;indisk förgätmigej;Art;40;Urban miljö (U) - Stor betydelse;NA;
221519;106533;Cynoglottis barrelieri;turkisk oxtunga;Art;20;Urban miljö (U) - Stor betydelse;NA;
6330782;106535;Echium creticum;;Art;3;;NA;
220124;106537;Echium plantagineum;blå snokört;Art;1023;Urban miljö (U) - Stor betydelse;NA;
221521;106538;Echium tuberculatum;;Art;3;Urban miljö (U) - Stor betydelse;NA;
264689;106545;Glandora diffusa;bergstenfrö;Art;3;Urban miljö (U) - Stor betydelse;NA;
220179;106547;Heliotropium curassavicum;köttheliotrop;Art;1;Urban miljö (U) - Stor betydelse;NA;
221531;106548;Heliotropium dolosum;knutheliotrop;Art;1;Urban miljö (U) - Stor betydelse;NA;
221532;106549;Heliotropium europaeum;ogräsheliotrop;Art;44;Urban miljö (U) - Stor betydelse;NA;
221533;106550;Heliotropium suaveolens;italiensk heliotrop;Art;1;Urban miljö (U) - Stor betydelse;NA;
265795;106551;Heliotropium suaveolens subsp. bocconei;italiensk heliotrop;Underart;1;Urban miljö (U) - Stor betydelse;NA;
221535;106556;Lappula marginata;hönspiggfrö;Art;15;Urban miljö (U) - Stor betydelse;NA;
6051600;106564;Mertensia pterocarpa;stenfjärva;Art;2;;NA;
266204;106565;Mertensia sibirica;storfjärva;Art;20;Jordbrukslandskap (J) - Stor betydelse, Urban miljö (U) - Stor betydelse;NA;
221547;106584;Myosotis sparsiflora;fåblommig förgätmigej;Art;34;Urban miljö (U) - Stor betydelse;NA;
265801;106589;Neatostema apulum;gulrast;Art;6;Urban miljö (U) - Stor betydelse;NA;
223457;106591;Nonea lutea;gulnonnea;Art;61;Urban miljö (U) - Stor betydelse;NA;
221551;106592;Nonea pulla;svartnonnea;Art;166;Urban miljö (U) - Stor betydelse;NA;
1094;106593;Nonea versicolor;nonnea;Art;941;Jordbrukslandskap (J) - Stor betydelse, Urban miljö (U) - Stor betydelse;NA;
220569;106595;Omphalodes linifolia;lammtunga;Art;41;Urban miljö (U) - Stor betydelse;NA;
221554;106596;Omphalodes verna;ormöga;Art;1870;Urban miljö (U) - Stor betydelse;NA;
222043;106598;Pectocarya linearis;;Art;1;Urban miljö (U) - Stor betydelse;NA;
221763;106600;Pentaglottis sempervirens;hästtunga;Art;270;Urban miljö (U) - Stor betydelse;NA;
221301;106602;Plagiobothrys calandrinioides;;Art;1;Urban miljö (U) - Stor betydelse;NA;
221563;106604;Plagiobothrys fulvus;brungul tiggarstav;Art;0;Urban miljö (U) - Stor betydelse;NA;
221564;106605;Plagiobothrys oppositifolius;;Art;0;Urban miljö (U) - Stor betydelse;NA;
221565;106606;Plagiobothrys scouleri;tiggarstav;Art;46;Urban miljö (U) - Stor betydelse;NA;
221566;106607;Plagiobothrys stipitatus;grov tiggarstav;Art;0;Urban miljö (U) - Stor betydelse;NA;
6330274;106609;Pontechium maculatum;röd snokört;Art;28;;NA;
220286;106611;Pulmonaria affinis;fransk lungört;Art;647;Urban miljö (U) - Stor betydelse;NA;
6333501;106614;Pulmonaria longifolia;långbladig lungört;Art;1;;;
221569;106615;Pulmonaria mollis;mjuk lungört;Art;123;Urban miljö (U) - Stor betydelse;NA;
266209;106616;Pulmonaria montana;berglungört;Art;70;Urban miljö (U) - Stor betydelse;NA;
221572;106619;Pulmonaria rubra;röd lungört;Art;380;Urban miljö (U) - Stor betydelse;NA;
221573;106620;Pulmonaria saccharata;broklungört;Art;288;Urban miljö (U) - Stor betydelse;NA;
221580;106625;Symphytum asperum;fodervallört;Art;1579;Urban miljö (U) - Stor betydelse, Jordbrukslandskap (J) - Har betydelse;NA;
265805;106627;Symphytum caucasicum;bergvallört;Art;26;;NA;
6008958;106628;Symphytum × hidcotense;;Art;22;;NA;
6007427;106629;Symphytum grandiflorum;kaukasisk vallört;Art;22;Urban miljö (U) - Stor betydelse;NA;
265808;106631;Symphytum officinale var. bohemicum;;Varietet;0;Urban miljö (U) - Stor betydelse;NA;
221582;106635;Symphytum tuberosum;gul vallört;Art;284;Urban miljö (U) - Stor betydelse;NA;
221579;106636;Symphytum × uplandicum;uppländsk vallört;Art;13986;Jordbrukslandskap (J) - Stor betydelse, Urban miljö (U) - Stor betydelse;NA;
259721;106640;Lithodora diffusa;bergstenfrö;Art;0;Urban miljö (U) - Stor betydelse;;
223421;106648;Convolvulus betonicifolius;raggvinda;Art;0;Urban miljö (U) - Stor betydelse;NA;
223417;106650;Convolvulus dubius;rosenvinda;Art;784;Urban miljö (U) - Stor betydelse;NA;
223422;106651;Convolvulus gharbensis;sommarvinda;Art;0;Urban miljö (U) - Stor betydelse;NA;
219767;106652;Convolvulus pubescens;björnvinda;Art;3;Urban miljö (U) - Stor betydelse;NA;
265811;106653;Convolvulus sabatius;ampelvinda;Art;13;;NA;
223423;106657;Convolvulus siculus;stenvinda;Art;0;Urban miljö (U) - Stor betydelse;NA;
264691;106658;Convolvulus silvaticus;;Art;11;Urban miljö (U) - Stor betydelse;NA;
223424;106660;Convolvulus tricolor;blåvinda;Art;106;Urban miljö (U) - Stor betydelse;NA;
6052581;106661;Convolvulus valentinus;;Art;4;;NA;
235047;106662;"Convolvulus dahuricus × dubius ";"skärvinda × rosenvinda ";Hybrid;12;;NA;
225191;106663;Convolvulus dubius × sepium subsp. sepium;storvinda;Hybrid;24;Urban miljö (U) - Stor betydelse;NA;
222060;106665;Cuscuta approximata;nätsnärja;Art;13;Urban miljö (U) - Stor betydelse;NA;
223426;106666;Cuscuta campestris;amerikansk grovsnärja;Art;167;Urban miljö (U) - Stor betydelse;NA;
223430;106674;Cuscuta gronovii;;Art;0;Urban miljö (U) - Stor betydelse;NA;
223431;106675;Cuscuta lupuliformis;videsnärja;Art;5;Urban miljö (U) - Stor betydelse;NA;
223432;106677;Cuscuta scandens;grovsnärja;Art;32;Urban miljö (U) - Stor betydelse;NA;
225201;106678;Cuscuta scandens subsp. cesatiana;grovsnärja;Underart;4;Urban miljö (U) - Stor betydelse;NA;
259674;106682;Dichondra argentea;silvernjurvinda;Art;134;Urban miljö (U) - Stor betydelse;NA;
222829;106683;Dichondra micrantha;njurvinda;Art;4;Urban miljö (U) - Stor betydelse;NA;
6332292;106684;Dichondra sericea;smaragdvinda;Art;1;;NA;
6007428;106686;Ipomoea batatas;batat;Art;20;Urban miljö (U) - Stor betydelse;NA;
220211;106689;Ipomoea hederacea;luden praktvinda;Art;26;Urban miljö (U) - Stor betydelse;NA;
223441;106691;Ipomoea purpurea;purpurvinda;Art;500;Urban miljö (U) - Stor betydelse;NA;
223442;106692;Ipomoea tricolor;blomman för dagen;Art;21;Urban miljö (U) - Stor betydelse;NA;
220674;106698;Atropa bella-donna;belladonna;Art;242;Urban miljö (U) - Stor betydelse;NA;
265818;106700;Browallia americana;sommarbrowallia;Art;8;;NA;
222267;106702;Brugmansia suaveolens;änglatrumpet;Art;28;Urban miljö (U) - Stor betydelse;NA;
220458;106705;Capsicum annuum;spanskpeppar;Art;671;Urban miljö (U) - Stor betydelse;NA;
222413;106707;Datura ferox;långtaggig spikklubba;Art;6;Urban miljö (U) - Stor betydelse;NA;
223434;106708;Datura inoxia;mexikansk spikklubba;Art;409;Urban miljö (U) - Stor betydelse;NA;
232952;106709;Datura metel;indisk spikklubba;Art;14;Urban miljö (U) - Stor betydelse;NA;
6033461;106711;Datura stramonium var. godronii;slät violspikklubba;Varietet;5;;NA;
264692;106712;Datura stramonium var. inermis;slät spikklubba;Varietet;2;Urban miljö (U) - Stor betydelse;NA;
225203;106714;Datura stramonium var. tatula;violspikklubba;Varietet;862;Urban miljö (U) - Stor betydelse;NA;
223436;106715;Datura wrightii;indianspikklubba;Art;57;Urban miljö (U) - Stor betydelse;NA;
223344;106717;Hyoscyamus albus;vit bolmört;Art;20;Urban miljö (U) - Stor betydelse;NA;
223439;106719;Hyoscyamus reticulatus;purpurbolmört;Art;0;Urban miljö (U) - Stor betydelse;NA;
219843;106721;Jaltomata procumbens;jaltomata;Art;1;Urban miljö (U) - Stor betydelse;NA;
223492;106723;Lycianthes rantonnetii;himmelsöga;Art;58;Urban miljö (U) - Stor betydelse;NA;
220814;106725;Lycium barbarum;bocktörne;Art;1159;Urban miljö (U) - Stor betydelse, Jordbrukslandskap (J) - Har betydelse;NA;
223445;106726;Lycium chinense;bredbladigt bocktörne;Art;735;Urban miljö (U) - Stor betydelse, Jordbrukslandskap (J) - Har betydelse;NA;
6051609;106730;Mandragora officinarum;alruna;Art;4;;NA;
6323636;106732;Melothria scabra;djungelgurka;Art;0;;;
220568;106734;Nicandra physalodes;ballongblomma;Art;3911;Urban miljö (U) - Stor betydelse;NA;
264693;106736;Nicotiana acuminata;spetstobak;Art;7;Urban miljö (U) - Stor betydelse;NA;
223448;106737;Nicotiana alata;stor blomstertobak;Art;486;Urban miljö (U) - Stor betydelse;NA;
223449;106739;Nicotiana glauca;blåtobak;Art;2;Urban miljö (U) - Stor betydelse;NA;
223450;106740;Nicotiana langsdorffii;klocktobak;Art;426;Urban miljö (U) - Stor betydelse;NA;
223451;106741;Nicotiana longiflora;jasmintobak;Art;52;Urban miljö (U) - Stor betydelse;NA;
6046621;106742;Nicotiana mutabilis;färgväxlartobak;Art;18;;NA;
223452;106743;Nicotiana rustica;bondtobak;Art;104;Urban miljö (U) - Stor betydelse;NA;
223447;106744;Nicotiana × sanderae;blomstertobak;Art;995;Urban miljö (U) - Stor betydelse;NA;
223453;106745;Nicotiana suaveolens;dofttobak;Art;6;Urban miljö (U) - Stor betydelse;NA;
223454;106746;Nicotiana sylvestris;narcisstobak;Art;257;Urban miljö (U) - Stor betydelse;NA;
223455;106747;Nicotiana tabacum;virginiatobak;Art;84;Urban miljö (U) - Stor betydelse;NA;
235048;106748;Nicotiana langsdorffii × sanderae;klocktobak × blomstertobak;Hybrid;129;Urban miljö (U) - Stor betydelse;NA;
222862;106751;Nolana paradoxa;cymbalblomma;Art;36;Urban miljö (U) - Stor betydelse;NA;
223458;106754;Petunia × hybrida;petunia;Art;1233;Urban miljö (U) - Stor betydelse;NA;
223459;106755;Petunia inflata;trattpetunia;Art;19;Urban miljö (U) - Stor betydelse;NA;
223460;106756;Petunia integrifolia;violpetunia;Art;29;Urban miljö (U) - Stor betydelse;NA;
221132;106758;Physalis acutifolia;vasstandad lyktört;Art;2;Urban miljö (U) - Stor betydelse;NA;
223462;106759;Physalis alkekengi;japansk lykta;Art;1350;Urban miljö (U) - Stor betydelse;NA;
223463;106760;Physalis angulata;kantig lyktört;Art;0;Urban miljö (U) - Stor betydelse;NA;
6325011;106762;Physalis cordata;;Art;5;;NA;
223464;106763;Physalis grisea;gyllenbär;Art;862;Urban miljö (U) - Stor betydelse;NA;
223465;106764;Physalis lanceifolia;;Art;0;Urban miljö (U) - Stor betydelse;NA;
223466;106765;Physalis longifolia;smalbladig lyktört;Art;21;Urban miljö (U) - Stor betydelse;NA;
223467;106766;Physalis minima;småblommig lyktört;Art;15;Urban miljö (U) - Stor betydelse;NA;
223468;106767;Physalis peruviana;kapkrusbär;Art;3020;Urban miljö (U) - Stor betydelse;NA;
223469;106768;Physalis philadelphica;tomatillo;Art;614;Urban miljö (U) - Stor betydelse;NA;
223050;106772;Physochlaina orientalis;vårbolmört;Art;5;Urban miljö (U) - Stor betydelse;NA;
223473;106774;Salpiglossis sinuata;trumpetblomma;Art;37;Urban miljö (U) - Stor betydelse;NA;
223474;106776;Schizanthus pinnatus;fjärilsblomster;Art;54;Urban miljö (U) - Stor betydelse;NA;
265823;106777;Schizanthus × wisetonensis;praktfjärilsblomster;Art;3;;NA;
223475;106779;Scopolia carniolica;dårört;Art;434;Urban miljö (U) - Stor betydelse, Skog (S) - Har betydelse;NA;
259687;106781;Solanum aethiopicum;röd aubergin;Art;53;Urban miljö (U) - Stor betydelse;NA;
223476;106782;Solanum americanum;amerikansk nattskatta;Art;61;Urban miljö (U) - Stor betydelse;NA;
225204;106783;Solanum americanum var. americanum;;Varietet;16;Urban miljö (U) - Stor betydelse;NA;
225205;106784;Solanum americanum var. patulum;;Varietet;8;Urban miljö (U) - Stor betydelse;NA;
223477;106785;Solanum betaceum;trädtomat;Art;27;Urban miljö (U) - Stor betydelse;NA;
223478;106786;Solanum capsicoides;guldbärsskatta;Art;12;Urban miljö (U) - Stor betydelse;NA;
223480;106788;Solanum chenopodioides;filtnattskatta;Art;24;Urban miljö (U) - Stor betydelse;NA;
265824;106789;Solanum citrullifolium;blå taggborre;Art;19;Urban miljö (U) - Stor betydelse;NA;
223482;106790;Solanum dillenianum;texasnattskatta;Art;11;Urban miljö (U) - Stor betydelse;NA;
223484;106795;Solanum elaeagnifolium;silverskatta;Art;0;Urban miljö (U) - Stor betydelse;NA;
265825;106796;Solanum heterodoxum;;Art;2;Urban miljö (U) - Stor betydelse;NA;
223485;106797;Solanum laciniatum;känguruäpple;Art;217;Urban miljö (U) - Stor betydelse;NA;
223486;106798;Solanum lycopersicum;tomat;Art;4484;Urban miljö (U) - Stor betydelse;NA;
223487;106800;Solanum melongena;aubergin;Art;33;Urban miljö (U) - Stor betydelse;NA;
225208;106803;Solanum nigrum subsp. schultesii;hårig nattskatta;Underart;227;Urban miljö (U) - Stor betydelse;NA;
223490;106806;Solanum pilcomayense;pilcomayoskatta;Art;8;Urban miljö (U) - Stor betydelse;NA;
6008952;106807;Solanum pimpinellifolium;vinbärstomat;Art;27;;NA;
223491;106808;Solanum pseudocapsicum;korallbär;Art;18;Urban miljö (U) - Stor betydelse;NA;
223481;106809;Solanum pseudocapsicum var. diflorum;litet korallbär;Varietet;13;Urban miljö (U) - Stor betydelse;NA;
6037501;106810;Solanum pseudocapsicum var. pseudocapsicum;stort korallbär;Varietet;0;;NA;
223493;106812;Solanum retroflexum;;Art;0;Urban miljö (U) - Stor betydelse;NA;
223494;106813;Solanum rostratum;taggborre;Art;94;Urban miljö (U) - Stor betydelse;NA;
223495;106814;Solanum sarrachoides;klibbnattskatta;Art;27;Urban miljö (U) - Stor betydelse;NA;
223496;106815;Solanum scabrum;bärskatta;Art;25;Urban miljö (U) - Stor betydelse;NA;
223497;106816;Solanum sisymbriifolium;blek taggborre;Art;52;Urban miljö (U) - Stor betydelse;NA;
223498;106817;Solanum triflorum;fliknattskatta;Art;21;Urban miljö (U) - Stor betydelse;NA;
223499;106818;Solanum tuberosum;potatis;Art;3313;Urban miljö (U) - Stor betydelse;NA;
221643;106826;Forsythia × intermedia;hybridforsythia;Art;1104;Urban miljö (U) - Stor betydelse;NA;
265828;106827;Forsythia suspensa;hängforsythia;Art;230;Urban miljö (U) - Stor betydelse;NA;
265829;106828;Forsythia suspensa var. fortunei;bågforsythia;Varietet;164;Urban miljö (U) - Stor betydelse;NA;
6051602;106830;Fraxinus angustifolia;smalbladig ask;Art;45;;NA;
6011378;106831;Fraxinus americana;vitask;Art;2;;NA;
235132;106833;Fraxinus ornus;mannaask;Art;123;Urban miljö (U) - Stor betydelse;NA;
221644;106834;Fraxinus pennsylvanica;rödask;Art;30;Urban miljö (U) - Stor betydelse;NA;
6051243;106837;Jasminum nudiflorum;vinterjasmin;Art;19;;NA;
6332294;106839;Ligustrum × ibolium;hybridliguster;Art;19;;NA;
219688;106843;Ligustrum ovalifolium;bredbladig liguster;Art;82;Urban miljö (U) - Stor betydelse;NA;
6321941;106845;Ligustrum tschonoskii;miyamaliguster;Art;51;;NA;
6002868;106848;Olea europaea;olivträd;Art;23;Urban miljö (U) - Stor betydelse;NA;
264694;106850;Syringa × chinensis;parksyren;Art;136;Urban miljö (U) - Stor betydelse;NA;
264695;106851;Syringa × henryi;norrlandssyren;Art;182;Urban miljö (U) - Stor betydelse;NA;
6332285;106852;Syringa × hyacinthiflora;pingstsyren;Art;17;;NA;
6051252;106853;Syringa × josiflexa;hybridsyren;Art;37;;NA;
221839;106854;Syringa josikaea;ungersk syren;Art;455;Urban miljö (U) - Stor betydelse;NA;
6010561;106855;Syringa oblata;vårsyren;Art;3;Urban miljö (U) - Stor betydelse;NA;
221838;106857;Syringa × prestoniae;prestonsyren;Art;46;Urban miljö (U) - Stor betydelse;NA;
6010562;106858;Syringa pubescens;småbladig syren;Art;14;Urban miljö (U) - Stor betydelse;NA;
6037502;106859;Syringa pubescens subsp. microphylla;småbladig syren;Underart;0;;NA;
221840;106860;Syringa reflexa;hängsyren;Art;101;Urban miljö (U) - Stor betydelse;NA;
235133;106861;Syringa reticulata;ligustersyren;Art;45;Urban miljö (U) - Stor betydelse;NA;
6332711;106862;Syringa tomentella;luddsyren;Art;15;;NA;
221841;106863;Syringa vulgaris;syren;Art;16497;Urban miljö (U) - Stor betydelse;NA;
6037503;106866;Calceolaria biflora;tvillingtoffel;Art;0;;NA;
265830;106867;Calceolaria integrifolia;stor busktoffel;Art;0;;NA;
220687;106868;Calceolaria tripartita;sommartoffel;Art;49;Urban miljö (U) - Stor betydelse;NA;
221163;106873;Antirrhinum majus;lejongap;Art;2490;Urban miljö (U) - Stor betydelse;NA;
235045;106879;Bacopa monnieri;litet tjockblad;Art;8;Urban miljö (U) - Stor betydelse;NA;
221609;106883;Callitriche brevistyla;dvärglånke;Art;4;Urban miljö (U) - Stor betydelse;NA;
221618;106901;Chaenorhinum origanifolium;kyndelsporre;Art;25;Urban miljö (U) - Stor betydelse;NA;
265833;106903;Chelone glabra;vit sköldpaddsört;Art;9;Urban miljö (U) - Stor betydelse;NA;
222801;106904;Chelone lyonii;röd sköldpaddsört;Art;20;Urban miljö (U) - Stor betydelse;NA;
232976;106905;Chelone obliqua;lila sköldpaddsört;Art;265;Urban miljö (U) - Stor betydelse;NA;
264699;106907;Collinsia heterophylla;brokcollinsia;Art;9;Urban miljö (U) - Stor betydelse;NA;
220091;106908;Collinsia parviflora;dvärgcollinsia;Art;0;Urban miljö (U) - Stor betydelse;NA;
264700;106911;Cymbalaria hepaticifolia;korsikansk murreva;Art;36;Urban miljö (U) - Stor betydelse;NA;
223018;106912;Cymbalaria muralis;murreva;Art;3228;Urban miljö (U) - Stor betydelse;NA;
6330825;106913;Cymbalaria muralis subsp. muralis;vanlig murreva;Underart;32;;NA;
6330824;106914;Cymbalaria muralis subsp. visianii;;Underart;2;;NA;
221622;106915;Cymbalaria pallida;storblommig murreva;Art;124;Urban miljö (U) - Stor betydelse;NA;
6330779;106916;Cymbalaria muralis × pallida;murreva × storblommig murreva;Hybrid;2;;NA;
221018;106918;Digitalis grandiflora;gul fingerborgsblomma;Art;263;Urban miljö (U) - Stor betydelse;NA;
232954;106919;Digitalis lanata;grekisk fingerborgsblomma;Art;28;Urban miljö (U) - Stor betydelse;NA;
221625;106920;Digitalis lutea;liten fingerborgsblomma;Art;384;Urban miljö (U) - Stor betydelse;NA;
6327916;106924;Erinus alpinus;leverört;Art;6;;NA;
219810;106928;Gratiola ebracteata;kalifornisk jordgalla;Art;3;Urban miljö (U) - Stor betydelse;NA;
221661;106930;Gratiola officinalis;jordgalla;Art;4;Urban miljö (U) - Stor betydelse;NA;
223043;106940;Kickxia commutata;styv spjutsporre;Art;3;Urban miljö (U) - Stor betydelse;NA;
224262;106943;Kickxia elatine subsp. sieberi;hårig spjutsporre;Underart;1;Urban miljö (U) - Stor betydelse;NA;
221667;106944;Kickxia spuria;rundsporre;Art;48;Urban miljö (U) - Stor betydelse;NA;
6002916;106956;Linaria aeruginea;regnbågssporre;Art;7;Urban miljö (U) - Stor betydelse;NA;
221106;106957;Linaria alpina;alpsporre;Art;5;Urban miljö (U) - Stor betydelse;NA;
221688;106959;Linaria arenaria;sandsporre;Art;2;Urban miljö (U) - Stor betydelse;NA;
221689;106960;Linaria bipartita;kal violsporre;Art;18;Urban miljö (U) - Stor betydelse;NA;
221690;106961;Linaria bordiana;broksporre;Art;16;Urban miljö (U) - Stor betydelse;NA;
224267;106962;Linaria bordiana subsp. kralikiana;broksporre;Underart;4;Urban miljö (U) - Stor betydelse;NA;
221691;106963;Linaria chalepensis;vitsporre;Art;0;Urban miljö (U) - Stor betydelse;NA;
221692;106964;Linaria genistifolia;ginstsporre;Art;358;Urban miljö (U) - Stor betydelse;NA;
224269;106965;Linaria genistifolia subsp. dalmatica;jättesporre;Underart;183;Urban miljö (U) - Stor betydelse;NA;
224270;106966;Linaria genistifolia subsp. genistifolia;äkta ginstsporre;Underart;24;Urban miljö (U) - Stor betydelse;NA;
221693;106967;Linaria incarnata;violsporre;Art;40;Urban miljö (U) - Stor betydelse;NA;
6010689;106968;Linaria incarnata agg.;violsporre (aggregat);Artkomplex;415;;NA;
221694;106970;Linaria maroccana;färgsporre;Art;337;Urban miljö (U) - Stor betydelse;NA;
221695;106974;Linaria purpurea;purpursporre;Art;654;Urban miljö (U) - Stor betydelse;NA;
221696;106976;Linaria repens;strimsporre;Art;13081;Urban miljö (U) - Stor betydelse;NA;
6331508;106978;Linaria spartea;trådsporre;Art;19;;NA;
221697;106979;Linaria supina;bleksporre;Art;42;Urban miljö (U) - Stor betydelse;NA;
235020;106985;Maurandya barclaiana;maurandia;Art;11;Urban miljö (U) - Stor betydelse;NA;
6002870;106986;Maurandya scandens;kal maurandia;Art;6;Urban miljö (U) - Stor betydelse;NA;
222590;106988;Misopates calycinum;stor kalvnos;Art;12;Urban miljö (U) - Stor betydelse;NA;
222109;106991;Nuttallanthus canadensis;indiansporre;Art;4;Urban miljö (U) - Stor betydelse;NA;
6051254;106993;Penstemon barbatus;skäggört;Art;24;;NA;
261620;106994;Penstemon digitalis;fingerborgshatt;Art;36;Urban miljö (U) - Stor betydelse;NA;
222604;106995;Penstemon hirsutus;azurpenstemon;Art;0;Urban miljö (U) - Stor betydelse;NA;
264701;106996;Penstemon serrulatus;forspenstemon;Art;24;Urban miljö (U) - Stor betydelse;NA;
6319400;106997;Penstemon strictus;styv skäggört;Art;9;;NA;
221567;106999;Plantago afra;loppfrö;Art;55;Urban miljö (U) - Stor betydelse;NA;
221769;107000;Plantago arenaria;sandkämpar;Art;901;Urban miljö (U) - Stor betydelse;NA;
221770;107001;Plantago aristata;borstkämpar;Art;3;Urban miljö (U) - Stor betydelse;NA;
224298;107005;Plantago coronopus subsp. cupanii;;Underart;1;Urban miljö (U) - Stor betydelse;NA;
221772;107007;Plantago holosteum;smalkämpar;Art;1;Urban miljö (U) - Stor betydelse;NA;
221773;107008;Plantago lagopus;vitkämpar;Art;6;Urban miljö (U) - Stor betydelse;NA;
221775;107012;Plantago loeflingii;;Art;2;Urban miljö (U) - Stor betydelse;NA;
265845;107022;Plantago ovata;vitt loppfrö;Art;26;Urban miljö (U) - Stor betydelse;NA;
221779;107023;Plantago patagonica;luddkämpar;Art;1;Urban miljö (U) - Stor betydelse;NA;
221780;107024;Plantago rugelii;vallkämpar;Art;0;Urban miljö (U) - Stor betydelse;NA;
221783;107027;Plantago virginica;;Art;1;Urban miljö (U) - Stor betydelse;NA;
264703;107029;Rhodochiton atrosanguineum;Törnrosas kjortel;Art;2;Urban miljö (U) - Stor betydelse;NA;
6330827;107031;Sibthorpia europaea;;Art;0;;NA;
221880;107038;Veronica anagalloides;sumpveronika;Art;0;Sötvatten (L) - Stor betydelse, Urban miljö (U) - Stor betydelse;NA;
221882;107040;Veronica austriaca;östveronika;Art;968;Urban miljö (U) - Stor betydelse;NA;
224344;107041;Veronica austriaca subsp. austriaca;flikveronika;Underart;2;Urban miljö (U) - Stor betydelse;NA;
224345;107043;Veronica austriaca subsp. teucrium;praktveronika;Underart;849;Urban miljö (U) - Stor betydelse;NA;
221884;107045;Veronica biloba;lobveronika;Art;2;Urban miljö (U) - Stor betydelse;NA;
221886;107048;Veronica ceratocarpa;hornveronika;Art;2;Urban miljö (U) - Stor betydelse;NA;
221888;107051;Veronica cymbalaria;murrevsveronika;Art;0;Urban miljö (U) - Stor betydelse;NA;
221889;107053;Veronica filiformis;trådveronika;Art;2779;Urban miljö (U) - Stor betydelse;NA;
221891;107055;Veronica gentianoides;porslinsveronika;Art;46;Urban miljö (U) - Stor betydelse;NA;
6037506;107065;Veronica orchidea;nyckelveronika;Art;42;;NA;
221897;107066;Veronica peregrina;pilgrimsveronika;Art;253;Urban miljö (U) - Stor betydelse;NA;
221898;107067;Veronica persica;trädgårdsveronika;Art;12006;Jordbrukslandskap (J) - Stor betydelse, Urban miljö (U) - Stor betydelse;NA;
224353;107081;Veronica spicata subsp. incana;silververonika;Underart;2;Urban miljö (U) - Stor betydelse;NA;
235030;107091;Veronicastrum sibiricum;sibirisk kransveronika;Art;49;Urban miljö (U) - Stor betydelse;NA;
221906;107092;Veronicastrum virginicum;kransveronika;Art;308;Urban miljö (U) - Stor betydelse;NA;
259694;107095;Alonsoa warscewiczii;eldblomma;Art;11;Urban miljö (U) - Stor betydelse;NA;
220999;107097;Buddleja davidii;syrenbuddleja;Art;875;Urban miljö (U) - Stor betydelse;NA;
221836;107099;Chaenostoma cordatum;snöflinga;Art;150;Urban miljö (U) - Stor betydelse;NA;
264704;107101;Diascia barberae;tvillingsporre;Art;8;Urban miljö (U) - Stor betydelse;NA;
221087;107102;Diascia fetcaniensis;hårig tvillingsporre;Art;2;Urban miljö (U) - Stor betydelse;NA;
6002901;107104;Hebenstretia dentata;gatört;Art;6;Urban miljö (U) - Stor betydelse;NA;
219816;107105;Hebenstretia integrifolia;smalbladig gatört;Art;4;Urban miljö (U) - Stor betydelse;NA;
259709;107109;Nemesia caerulea;doftnemesia;Art;8;Urban miljö (U) - Stor betydelse;NA;
264705;107110;Nemesia macrocarpa;;Art;2;Urban miljö (U) - Stor betydelse;NA;
221117;107111;Nemesia melissifolia;;Art;1;Urban miljö (U) - Stor betydelse;NA;
264706;107112;Nemesia pulchella;pyttenemesia;Art;2;Urban miljö (U) - Stor betydelse;NA;
221726;107113;Nemesia strumosa;nemesia;Art;14;Urban miljö (U) - Stor betydelse;NA;
259729;107114;Nemesia versicolor;blå nemesia;Art;7;Urban miljö (U) - Stor betydelse;NA;
221807;107116;Scrophularia auriculata;vattenflenört;Art;0;Urban miljö (U) - Stor betydelse;NA;
221808;107117;Scrophularia canina;småflenört;Art;3;Urban miljö (U) - Stor betydelse;NA;
221809;107118;Scrophularia chrysantha;guldflenört;Art;47;Urban miljö (U) - Stor betydelse;NA;
221810;107119;Scrophularia lanceolata;lansettflenört;Art;0;Urban miljö (U) - Stor betydelse;NA;
221813;107122;Scrophularia orientalis;;Art;0;Urban miljö (U) - Stor betydelse;NA;
221814;107123;Scrophularia peregrina;nässelflenört;Art;5;Urban miljö (U) - Stor betydelse;NA;
221815;107124;Scrophularia scopolii;hamnflenört;Art;21;Urban miljö (U) - Stor betydelse;NA;
1472;107129;Scrophularia vernalis;vårflenört;Art;729;Urban miljö (U) - Stor betydelse;NA;
221857;107131;Verbascum blattaria;sommarkungsljus;Art;191;Urban miljö (U) - Stor betydelse;NA;
264708;107132;Verbascum bombyciferum;silverkungsljus;Art;5;Urban miljö (U) - Stor betydelse;NA;
221858;107133;Verbascum chaixii;franskt kungsljus;Art;96;Urban miljö (U) - Stor betydelse;NA;
224321;107134;Verbascum chaixii subsp. orientale;orientkungsljus;Underart;5;Urban miljö (U) - Stor betydelse;NA;
221860;107137;Verbascum longifolium;serbiskt kungsljus;Art;9;Urban miljö (U) - Stor betydelse;NA;
221863;107140;Verbascum olympicum;jättekungsljus;Art;21;Urban miljö (U) - Stor betydelse;NA;
221864;107141;Verbascum ovalifolium;ryskt kungsljus;Art;2;Urban miljö (U) - Stor betydelse;NA;
221865;107142;Verbascum phlomoides;läkekungsljus;Art;1243;Urban miljö (U) - Stor betydelse;NA;
221866;107143;Verbascum phoeniceum;violkungsljus;Art;347;Urban miljö (U) - Stor betydelse;NA;
221867;107144;Verbascum pulverulentum;kandelaberkungsljus;Art;8;Urban miljö (U) - Stor betydelse;NA;
221868;107145;Verbascum pyramidatum;pyramidkungsljus;Art;13;Urban miljö (U) - Stor betydelse;NA;
221869;107146;Verbascum speciosum;praktkungsljus;Art;4388;Urban miljö (U) - Stor betydelse;NA;
221871;107148;Verbascum virgatum;glandelkungsljus;Art;39;Urban miljö (U) - Stor betydelse;NA;
232969;107181;Asarina barclaiana;;Art;0;Urban miljö (U) - Stor betydelse;;
220531;107192;Ibicella lutea;gult bockhorn;Art;1;Urban miljö (U) - Stor betydelse;NA;
221822;107197;Sesamum indicum;sesam;Art;49;Urban miljö (U) - Stor betydelse;NA;
6332717;107200;Acanthus hungaricus;akantus;Art;6;;NA;
6008849;107201;Acanthus mollis;mjukakantus;Art;44;;NA;
232947;107202;Acanthus sp.;;Art;0;;;
6010692;107212;Strobilanthes attenuata;nässelstrobilant;Art;3;Urban miljö (U) - Stor betydelse;NA;
221846;107214;Thunbergia alata;svartöga;Art;61;Urban miljö (U) - Stor betydelse;NA;
222385;107217;Catalpa bignonioides;katalpa;Art;81;Urban miljö (U) - Stor betydelse;NA;
6331570;107222;Incarvillea delavayi;rosenincarvillea;Art;4;;NA;
264726;107224;Radermachera sinica;rumsask;Art;2;Urban miljö (U) - Stor betydelse;NA;
219809;107247;Glandularia bipinnatifida;prärieverbena;Art;6;Urban miljö (U) - Stor betydelse;NA;
221655;107248;Glandularia canadensis;doftverbena;Art;18;Urban miljö (U) - Stor betydelse;NA;
221654;107249;Glandularia × hybrida;trädgårdsverbena;Art;122;Urban miljö (U) - Stor betydelse;NA;
221656;107252;Glandularia pulchella;mossverbena;Art;87;Urban miljö (U) - Stor betydelse;NA;
232970;107255;Lantana camara;eldkrona;Art;15;Urban miljö (U) - Stor betydelse;NA;
221872;107257;Verbena bonariensis;jätteverbena;Art;2194;Urban miljö (U) - Stor betydelse;NA;
221873;107258;Verbena bracteata;spärrverbena;Art;6;Urban miljö (U) - Stor betydelse;NA;
221874;107259;Verbena hastata;blåverbena;Art;410;Urban miljö (U) - Stor betydelse;NA;
6002908;107261;Verbena macdougalii;bergverbena;Art;6;Urban miljö (U) - Stor betydelse;NA;
221875;107262;Verbena officinalis;järnört;Art;465;Urban miljö (U) - Stor betydelse;NA;
221876;107263;Verbena rigida;violverbena;Art;99;Urban miljö (U) - Stor betydelse;NA;
219620;107269;Agastache foeniculum;anisisop;Art;66;Urban miljö (U) - Stor betydelse;NA;
221593;107270;Agastache rugosa;koreansk anisisop;Art;785;Urban miljö (U) - Stor betydelse;NA;
221595;107273;Ajuga chamaepitys;gulsuga;Art;2;Urban miljö (U) - Stor betydelse;NA;
224231;107274;Ajuga chamaepitys subsp. chia;gulsuga;Underart;1;Urban miljö (U) - Stor betydelse;NA;
222972;107282;Amethystea caerulea;blåman;Art;16;Urban miljö (U) - Stor betydelse;NA;
221830;107288;Betonica macrantha;praktbetonika;Art;891;Urban miljö (U) - Stor betydelse;NA;
221681;107291;Chaiturus marrubiastrum;stortandad hjärtstilla;Art;5;Urban miljö (U) - Stor betydelse;NA;
221803;107295;Clinopodium grandiflorum;rosenmynta;Art;197;Urban miljö (U) - Stor betydelse;NA;
221805;107296;Clinopodium graveolens;racketmynta;Art;0;Urban miljö (U) - Stor betydelse;NA;
221606;107298;Clinopodium nepeta;stenkyndel;Art;699;Urban miljö (U) - Stor betydelse;NA;
6331180;107301;Coleus amboinicus;kryddkarlbergare;Art;12;;NA;
220505;107303;Dracocephalum moldavica;turkisk drakblomma;Art;81;Urban miljö (U) - Stor betydelse;NA;
221628;107305;Dracocephalum parviflorum;amerikansk drakblomma;Art;27;Urban miljö (U) - Stor betydelse;NA;
219566;107309;Elsholtzia ciliata;kammynta;Art;168;Urban miljö (U) - Stor betydelse;NA;
221648;107315;Galeopsis pubescens;rosendån;Art;44;Urban miljö (U) - Stor betydelse;NA;
221649;107316;Galeopsis pyrenaica;;Art;1;Urban miljö (U) - Stor betydelse;NA;
221650;107317;Galeopsis segetum;guldån;Art;25;Urban miljö (U) - Stor betydelse;NA;
221658;107324;Glechoma hirsuta;stor jordreva;Art;55;Urban miljö (U) - Stor betydelse;NA;
221663;107326;Hedeoma pulegioides;amerikansk poleja;Art;1;Urban miljö (U) - Stor betydelse;NA;
220206;107328;Hyssopus officinalis;isop;Art;1402;Urban miljö (U) - Stor betydelse;NA;
222554;107331;Lallemantia iberica;småblommig azurläpp;Art;3;Urban miljö (U) - Stor betydelse;NA;
221669;107332;Lallemantia peltata;sköldazurläpp;Art;4;Urban miljö (U) - Stor betydelse;NA;
235019;107337;Lamiastrum galeobdolon subsp. montanum;berggulplister;Underart;33;Urban miljö (U) - Stor betydelse;NA;
221676;107346;Lamium maculatum;rosenplister;Art;865;Urban miljö (U) - Stor betydelse;NA;
221907;107347;Lamium orientale;turkplister;Art;1;Urban miljö (U) - Stor betydelse;NA;
235018;107348;Lamium orvala;kungsplister;Art;24;Urban miljö (U) - Stor betydelse;NA;
221236;107351;Lavandula angustifolia;lavendel;Art;1159;Urban miljö (U) - Stor betydelse, Jordbrukslandskap (J) - Har betydelse;NA;
259708;107352;Lavandula × intermedia;lavandin;Art;8;Urban miljö (U) - Stor betydelse;NA;
235044;107353;Lavandula multifida;sommarlavendel;Art;9;Urban miljö (U) - Stor betydelse;NA;
6034798;107356;Leonotis nepetifolia;sommarlejonöra;Art;41;;NA;
224266;107360;Leonurus cardiaca subsp. villosus;ullig hjärtstilla;Underart;385;Jordbrukslandskap (J) - Stor betydelse, Urban miljö (U) - Stor betydelse;NA;
221682;107361;Leonurus sibiricus;sibirisk hjärtstilla;Art;32;Urban miljö (U) - Stor betydelse;NA;
220236;107363;Leucas martinicensis;bolldån;Art;0;Urban miljö (U) - Stor betydelse;NA;
221700;107365;Lycopus exaltatus;stor strandklo;Art;52;Urban miljö (U) - Stor betydelse;NA;
222041;107368;Marrubium astracanicum;persisk kransborre;Art;5;Urban miljö (U) - Stor betydelse;NA;
221286;107371;Melissa officinalis;citronmeliss;Art;2179;Urban miljö (U) - Stor betydelse;NA;
224284;107378;Mentha canadensis;japanmynta;Art;5;Urban miljö (U) - Stor betydelse;NA;
265864;107381;Mentha × dumetorum;vattenmynta × gråmynta;Art;32;;NA;
224275;107384;Mentha × gracilis 'Arrhenii';finsk ädelmynta;Sort;9;;NA;
264714;107389;Mentha × gracilis 'Variegata';ingefärsmynta;Sort;14;;NA;
221713;107391;Mentha longifolia;gråmynta;Art;693;Urban miljö (U) - Stor betydelse, Jordbrukslandskap (J) - Har betydelse;NA;
221709;107392;Mentha × piperita;pepparmynta;Art;919;Urban miljö (U) - Stor betydelse;NA;
6332805;107394;Mentha × piperita var. piperita;vanlig pepparmynta;Varietet;0;;NA;
221714;107395;Mentha pulegium;polejmynta;Art;45;Urban miljö (U) - Stor betydelse;NA;
224286;107397;Mentha × rotundifolia;äppelmynta;Art;781;Urban miljö (U) - Stor betydelse;NA;
264715;107398;Mentha × smithiana;raripilamynta;Art;136;Urban miljö (U) - Stor betydelse;NA;
221715;107399;Mentha spicata;grönmynta;Art;2647;Urban miljö (U) - Stor betydelse;NA;
224287;107400;Mentha spicata 'Crispa';krusmynta;Sort;153;;NA;
6007445;107401;Mentha spicata var. spicata;vanlig grönmynta;Varietet;430;Urban miljö (U) - Stor betydelse;NA;
1037;107402;Mentha suaveolens;rundmynta;Art;411;Urban miljö (U) - Stor betydelse, Jordbrukslandskap (J) - Har betydelse;NA;
6046622;107403;Mentha × suavis;sötmynta;Art;1;;NA;
224288;107405;Mentha × villosa;hjärtmynta;Art;212;Urban miljö (U) - Stor betydelse;NA;
6010690;107406;Mentha suaveolens agg.;rundmynta (aggregat);Artkomplex;1902;;NA;
219690;107411;Moluccella laevis;musselsyska;Art;29;Urban miljö (U) - Stor betydelse;NA;
264716;107413;Monarda citriodora;citrontemynta;Art;9;Urban miljö (U) - Stor betydelse;NA;
221723;107414;Monarda didyma;röd temynta;Art;59;Urban miljö (U) - Stor betydelse;NA;
221724;107415;Monarda fistulosa;lila temynta;Art;80;Urban miljö (U) - Stor betydelse;NA;
221728;107418;Nepeta × faassenii;kantnepeta;Art;736;Urban miljö (U) - Stor betydelse;NA;
221729;107419;Nepeta grandiflora;blånepeta;Art;238;Urban miljö (U) - Stor betydelse;NA;
264717;107420;Nepeta nervosa;axnepeta;Art;5;Urban miljö (U) - Stor betydelse;NA;
221731;107422;Nepeta racemosa;bergnepeta;Art;1565;Urban miljö (U) - Stor betydelse;NA;
221630;107423;Nepeta sibirica;stor drakblomma;Art;210;Urban miljö (U) - Stor betydelse;NA;
261640;107424;Nepeta subsessilis;skuggnepeta;Art;43;Urban miljö (U) - Stor betydelse;NA;
220259;107426;Ocimum basilicum;basilika;Art;101;Urban miljö (U) - Stor betydelse;NA;
222755;107428;Origanum majorana;mejram;Art;35;Urban miljö (U) - Stor betydelse;NA;
261633;107434;Perovskia atriplicifolia;afghanperovskia;Art;162;Urban miljö (U) - Stor betydelse;NA;
264719;107435;Perovskia abrotanoides × atriplicifolia;trädgårdsperovskia;Hybrid;120;Urban miljö (U) - Stor betydelse;NA;
264720;107437;Phlomis russeliana;gul lejonsvans;Art;74;Urban miljö (U) - Stor betydelse;NA;
222620;107440;Phlomoides tuberosa;röd lejonsvans;Art;17;Urban miljö (U) - Stor betydelse;NA;
223472;107442;Physostegia parviflora;liten drakmynta;Art;1;Urban miljö (U) - Stor betydelse;NA;
221765;107443;Physostegia virginiana;drakmynta;Art;149;Urban miljö (U) - Stor betydelse;NA;
259688;107446;Plectranthus oertendahlii;novemberljus;Art;3;Urban miljö (U) - Stor betydelse;NA;
264721;107447;Plectranthus scutellarioides;palettblad;Art;16;Urban miljö (U) - Stor betydelse;NA;
221789;107462;Rosmarinus officinalis;rosmarin;Art;22;Urban miljö (U) - Stor betydelse;NA;
221791;107464;Salvia argentea;silversalvia;Art;42;Urban miljö (U) - Stor betydelse;NA;
221792;107465;Salvia canariensis;kanariesalvia;Art;0;Urban miljö (U) - Stor betydelse;NA;
235026;107466;Salvia coccinea;scharlakanssalvia;Art;19;Urban miljö (U) - Stor betydelse;NA;
264722;107469;Salvia farinacea;daggsalvia;Art;52;Urban miljö (U) - Stor betydelse;NA;
221793;107470;Salvia glutinosa;klibbsalvia;Art;111;Urban miljö (U) - Stor betydelse;NA;
261635;107471;Salvia guaranitica;paranasalvia;Art;17;Urban miljö (U) - Stor betydelse;NA;
6007696;107472;Salvia hispanica;mexikansk chiasalvia;Art;388;Urban miljö (U) - Stor betydelse;NA;
221794;107473;Salvia nemorosa;stäppsalvia;Art;731;Jordbrukslandskap (J) - Stor betydelse, Urban miljö (U) - Stor betydelse;NA;
221795;107474;Salvia officinalis;kryddsalvia;Art;305;Urban miljö (U) - Stor betydelse;NA;
221796;107475;Salvia patens;blåsalvia;Art;12;Urban miljö (U) - Stor betydelse;NA;
221798;107477;Salvia reflexa;spädsalvia;Art;25;Urban miljö (U) - Stor betydelse;NA;
6003321;107478;Salvia roemeriana;karminsalvia;Art;8;Urban miljö (U) - Stor betydelse;NA;
221799;107479;Salvia sclarea;muskatellsalvia;Art;47;Urban miljö (U) - Stor betydelse;NA;
264723;107480;Salvia splendens;praktsalvia;Art;25;Urban miljö (U) - Stor betydelse;NA;
221790;107481;Salvia × sylvestris;skogssalvia;Art;143;Urban miljö (U) - Stor betydelse, Jordbrukslandskap (J) - Har betydelse;NA;
6010565;107482;Salvia transsylvanica;rumänsk salvia;Art;2;Urban miljö (U) - Stor betydelse;NA;
265873;107483;Salvia verbenaca;fliksalvia;Art;22;;NA;
221801;107485;Salvia viridis;broksalvia;Art;289;Urban miljö (U) - Stor betydelse;NA;
221804;107487;Satureja hortensis;sommarkyndel;Art;102;Urban miljö (U) - Stor betydelse;NA;
264724;107488;Satureja montana;vinterkyndel;Art;78;Urban miljö (U) - Stor betydelse;NA;
221818;107491;Scutellaria altissima;stor frossört;Art;384;Urban miljö (U) - Stor betydelse;NA;
264725;107495;Scutellaria scordiifolia;sibirisk frossört;Art;3;Urban miljö (U) - Stor betydelse;NA;
221823;107499;Sideritis montana;sårmynta;Art;22;Urban miljö (U) - Stor betydelse;NA;
6030461;107500;Sideritis syriaca;syrisk sårört;Art;55;;NA;
259735;107502;Solenostemon scutellarioides;palettblad;Art;0;Urban miljö (U) - Stor betydelse;;
221824;107504;Stachys alpina;alpsyska;Art;8;Urban miljö (U) - Stor betydelse;NA;
221825;107505;Stachys annua;gulsyska;Art;182;Urban miljö (U) - Stor betydelse;NA;
221827;107507;Stachys atherocalyx;;Art;1;Urban miljö (U) - Stor betydelse;NA;
221828;107508;Stachys byzantina;lammöron;Art;3004;Urban miljö (U) - Stor betydelse;NA;
265875;107509;Stachys cretica;;Art;4;;NA;
221829;107512;Stachys germanica;luddsyska;Art;7;Urban miljö (U) - Stor betydelse;NA;
221833;107515;Stachys recta;styvsyska;Art;54;Urban miljö (U) - Stor betydelse;NA;
221834;107516;Stachys setifera;borstsyska;Art;20;Urban miljö (U) - Stor betydelse;NA;
221842;107520;Teucrium botrys;druvgamander;Art;80;Urban miljö (U) - Stor betydelse, Jordbrukslandskap (J) - Har betydelse;NA;
221843;107521;Teucrium chamaedrys;gamander;Art;45;Jordbrukslandskap (J) - Stor betydelse, Urban miljö (U) - Stor betydelse;NA;
221845;107523;Teucrium scorodonia;lundgamander;Art;322;Urban miljö (U) - Stor betydelse;NA;
261631;107525;Thymus × citriodorus;citrontimjan;Art;33;Urban miljö (U) - Stor betydelse;NA;
6038628;107526;Thymus herba-barona;kummintimjan;Art;1;;NA;
6043355;107527;Thymus longicaulis;kaskadtimjan;Art;92;;NA;
221847;107529;Thymus praecox;junitimjan;Art;47;Urban miljö (U) - Stor betydelse;NA;
265880;107530;Thymus praecox subsp. britannicus;skotsk timjan;Underart;3;;NA;
224314;107532;Thymus pseudolanuginosus;gråtimjan;Art;109;Jordbrukslandskap (J) - Stor betydelse, Urban miljö (U) - Stor betydelse;NA;
6002873;107534;Thymus pulegioides subsp. pannonicus;stäpptimjan;Underart;41;;NA;
221850;107539;Thymus vulgaris;kryddtimjan;Art;288;Urban miljö (U) - Stor betydelse;NA;
6040155;107543;Vitex agnus-castus;kyskhetsträd;Art;14;;NA;
221908;107546;Ziziphora capitata;;Art;0;Urban miljö (U) - Stor betydelse;NA;
6051253;107552;Erythranthe cardinalis;kardinalgyckelblomma;Art;1;;NA;
221287;107554;Erythranthe guttata;gyckelblomma;Art;541;Urban miljö (U) - Stor betydelse, Våtmark (V) - Har betydelse;NA;
221718;107555;Erythranthe lutea;kal gyckelblomma;Art;54;Urban miljö (U) - Stor betydelse, Våtmark (V) - Har betydelse;NA;
224289;107556;Erythranthe × maculosa;tuvgyckelblomma;Art;5;Urban miljö (U) - Stor betydelse;NA;
221719;107557;Erythranthe moschata;myskgyckelblomma;Art;8;Urban miljö (U) - Stor betydelse;NA;
6010566;107562;Mimulus ringens;blå gyckelblomma;Art;2;Urban miljö (U) - Stor betydelse;NA;
6011420;107565;Paulownia tomentosa;kejsarträd;Art;90;;NA;
221603;107569;Bartsia trixago;brokax;Art;1;Urban miljö (U) - Stor betydelse;NA;
221397;107573;Castilleja miniata;mönjeröd indianpensel;Art;11;Urban miljö (U) - Stor betydelse;NA;
265896;107642;Odontites luteus;gultoppa;Art;2;;NA;
221740;107650;Orobanche amethystea;ametistsnyltrot;Art;26;Urban miljö (U) - Stor betydelse;NA;
221741;107651;Orobanche caryophyllacea;måresnyltrot;Art;2;Urban miljö (U) - Stor betydelse;NA;
221742;107652;Orobanche cernua;;Art;0;Urban miljö (U) - Stor betydelse;NA;
221743;107653;Orobanche crenata;praktsnyltrot;Art;8;Urban miljö (U) - Stor betydelse;NA;
221745;107655;Orobanche flava;skråpsnyltrot;Art;168;Urban miljö (U) - Stor betydelse;NA;
221746;107656;Orobanche gracilis;;Art;0;Urban miljö (U) - Stor betydelse;NA;
221747;107657;Orobanche hederae;murgrönssnyltrot;Art;292;Urban miljö (U) - Stor betydelse;NA;
221748;107658;Orobanche lucorum;berberissnyltrot;Art;230;Urban miljö (U) - Stor betydelse;NA;
1126;107659;Orobanche minor;klöversnyltrot;Art;119;Jordbrukslandskap (J) - Stor betydelse;NA;
221752;107662;Orobanche ramosa;hampsnyltrot;Art;6;Urban miljö (U) - Stor betydelse;NA;
222601;107665;Parentucellia viscosa;gulhö;Art;19;Urban miljö (U) - Stor betydelse;NA;
6008901;107708;Ilex × altaclerensis;storbladig järnek;Art;20;;NA;
6328949;107710;Ilex crenata;japansk järnek;Art;26;;NA;
264727;107711;Ilex × meserveae;blå järnek;Art;188;Urban miljö (U) - Stor betydelse;NA;
221069;107716;Adenophora liliifolia;kragklocka;Art;0;Urban miljö (U) - Stor betydelse;NA;
6046625;107717;Adenophora stricta;läkekragklocka;Art;2;;NA;
6046626;107718;Adenophora stricta subsp. stricta;;Underart;0;;NA;
220455;107720;Campanula alliariifolia;hjärtklocka;Art;101;Urban miljö (U) - Stor betydelse;NA;
235014;107721;Campanula americana;amerikansk blåklocka;Art;6;Urban miljö (U) - Stor betydelse;NA;
220010;107725;Campanula bononiensis;bolognerklocka;Art;25;Urban miljö (U) - Stor betydelse;NA;
220011;107726;Campanula carpatica;karpaterklocka;Art;168;Urban miljö (U) - Stor betydelse;NA;
265915;107728;Campanula cochleariifolia;dvärgklocka;Art;2;;NA;
264729;107731;Campanula garganica;italiensk klocka;Art;22;Urban miljö (U) - Stor betydelse;NA;
6002879;107736;Campanula hofmannii;elfenbensklocka;Art;4;;NA;
220014;107737;Campanula lactiflora;mjölkklocka;Art;97;Urban miljö (U) - Stor betydelse;NA;
223654;107740;Campanula latifolia var. macrantha;stor hässleklocka;Varietet;39;Urban miljö (U) - Stor betydelse;NA;
220016;107742;Campanula medium;mariaklocka;Art;323;Urban miljö (U) - Stor betydelse;NA;
6051256;107744;Campanula pendula;kaukasisk elfenbensklocka;Art;2;;NA;
220019;107748;Campanula portenschlagiana;murklocka;Art;187;Urban miljö (U) - Stor betydelse;NA;
232951;107749;Campanula poscharskyana;stjärnklocka;Art;118;Urban miljö (U) - Stor betydelse;NA;
6002880;107750;Campanula punctata;prickklocka;Art;37;Urban miljö (U) - Stor betydelse;NA;
220020;107751;Campanula pyramidalis;pyramidklocka;Art;3;Urban miljö (U) - Stor betydelse;NA;
220021;107753;Campanula rapunculoides;knölklocka;Art;19004;Urban miljö (U) - Stor betydelse, Jordbrukslandskap (J) - Har betydelse;NA;
6046628;107766;Isotoma axillaris;blå stjärnlobelia;Art;20;;NA;
222555;107772;Legousia hybrida;dvärgspegel;Art;51;Urban miljö (U) - Stor betydelse;NA;
220224;107773;Legousia pentagonia;hårig venusspegel;Art;4;Urban miljö (U) - Stor betydelse;NA;
220225;107774;Legousia speculum-veneris;venusspegel;Art;60;Urban miljö (U) - Stor betydelse;NA;
6051250;107777;Lobelia cardinalis;kardinallobelia;Art;9;;NA;
220241;107779;Lobelia erinus;kaplobelia;Art;1534;Urban miljö (U) - Stor betydelse;NA;
220242;107780;Lobelia inflata;läkelobelia;Art;14;Urban miljö (U) - Stor betydelse;NA;
220243;107781;Lobelia kalmii;gräslobelia;Art;17;Urban miljö (U) - Stor betydelse;NA;
6007374;107782;Lobelia siphilitica;blå axlobelia;Art;9;Urban miljö (U) - Stor betydelse;NA;
6010581;107783;Lobelia × speciosa;rabattlobelia;Art;1;Urban miljö (U) - Stor betydelse;NA;
1236;107786;Phyteuma nigrum;blårapunkel;Art;406;Jordbrukslandskap (J) - Stor betydelse, Urban miljö (U) - Stor betydelse;NA;
1237;107789;Phyteuma spicatum;vitrapunkel;Art;556;Jordbrukslandskap (J) - Stor betydelse, Urban miljö (U) - Stor betydelse, Skog (S) - Har betydelse;NA;
223729;107790;Phyteuma spicatum subsp. coeruleum;blekrapunkel;Underart;35;Urban miljö (U) - Stor betydelse;NA;
223730;107791;Phyteuma spicatum subsp. spicatum;äkta vitrapunkel;Underart;84;Urban miljö (U) - Stor betydelse;NA;
259706;107795;Platycodon grandiflorus;praktklocka;Art;49;Urban miljö (U) - Stor betydelse;NA;
222110;107806;Nymphoides peltata;sjögull;Art;3698;Sötvatten (L) - Stor betydelse;NA;
6002907;107809;Scaevola aemula;femtunga;Art;44;Urban miljö (U) - Stor betydelse;NA;
222178;107812;Acicarpha tribuloides;nålnöt;Art;0;Urban miljö (U) - Stor betydelse;NA;
219897;107815;Acanthospermum hispidum;;Art;2;Urban miljö (U) - Stor betydelse;NA;
223320;107818;Achillea aspleniifolia;bandröllika;Art;1;Urban miljö (U) - Stor betydelse;NA;
6331435;107819;Achillea clypeolata;grekisk röllika;Art;38;;NA;
219898;107820;Achillea collina;backröllika;Art;30;Urban miljö (U) - Stor betydelse;NA;
219899;107821;Achillea crithmifolia;kamröllika;Art;35;Urban miljö (U) - Stor betydelse;NA;
219900;107822;Achillea distans;fjäderröllika/jätteröllika;Art;9;Urban miljö (U) - Stor betydelse;NA;
223624;107823;Achillea distans subsp. distans;fjäderröllika;Underart;0;Urban miljö (U) - Stor betydelse;NA;
223625;107824;Achillea distans subsp. tanacetifolia;jätteröllika;Underart;9;Urban miljö (U) - Stor betydelse;NA;
219901;107825;Achillea erba-rotta;kryddröllika;Art;1;Urban miljö (U) - Stor betydelse;NA;
219902;107826;Achillea filipendulina;praktröllika;Art;398;Urban miljö (U) - Stor betydelse;NA;
219903;107827;Achillea impatiens;rysk nysört;Art;3;Urban miljö (U) - Stor betydelse;NA;
219904;107828;Achillea macrophylla;bredröllika;Art;2;Urban miljö (U) - Stor betydelse;NA;
219905;107829;Achillea micrantha;smalröllika;Art;7;Urban miljö (U) - Stor betydelse;NA;
223627;107831;Achillea millefolium subsp. lanulosa;plymröllika;Underart;44;Urban miljö (U) - Stor betydelse;NA;
219907;107834;Achillea nobilis;ängsröllika;Art;93;Urban miljö (U) - Stor betydelse;NA;
219908;107835;Achillea odorata;doftröllika;Art;1;Urban miljö (U) - Stor betydelse;NA;
223630;107838;Achillea ptarmica var. multiplex;vitpytta;Varietet;271;Urban miljö (U) - Stor betydelse;NA;
219910;107840;Achillea salicifolia;stor nysört;Art;6;Urban miljö (U) - Stor betydelse;NA;
219911;107841;Achillea setacea;finröllika;Art;7;Urban miljö (U) - Stor betydelse;NA;
223626;107843;Achillea impatiens × ptarmica;rysk nysört × nysört;Hybrid;3;Urban miljö (U) - Stor betydelse;NA;
219913;107846;Acmella decumbens;akmella;Art;1;Urban miljö (U) - Stor betydelse;NA;
235140;107847;Acmella oleracea;parakrasse;Art;4;Urban miljö (U) - Stor betydelse;NA;
221594;107851;Ageratum houstonianum;ageratum;Art;222;Urban miljö (U) - Stor betydelse;NA;
219917;107853;Agoseris heterophylla;indianfibbla;Art;0;Urban miljö (U) - Stor betydelse;NA;
221954;107855;Alfredia cernua;alfredia;Art;1;Urban miljö (U) - Stor betydelse;NA;
220643;107857;Amberboa moschata;doftklint;Art;38;Urban miljö (U) - Stor betydelse;NA;
219920;107859;Ambrosia artemisiifolia;malörtsambrosia;Art;3200;Urban miljö (U) - Stor betydelse;NA;
219921;107860;Ambrosia maritima;strandambrosia;Art;0;Urban miljö (U) - Stor betydelse;NA;
219922;107861;Ambrosia psilostachya;sträv ambrosia;Art;148;Urban miljö (U) - Stor betydelse;NA;
219923;107862;Ambrosia tenuifolia;dillambrosia;Art;0;Urban miljö (U) - Stor betydelse;NA;
219924;107863;Ambrosia trifida;hästambrosia;Art;130;Urban miljö (U) - Stor betydelse;NA;
219622;107865;Ammobium alatum;sandeternell;Art;7;Urban miljö (U) - Stor betydelse;NA;
219761;107867;Anacyclus clavatus;vit bertram;Art;4;Urban miljö (U) - Stor betydelse;NA;
219927;107868;Anacyclus radiatus;gul bertram;Art;4;Urban miljö (U) - Stor betydelse;NA;
221073;107871;Anaphalis margaritacea;pärleternell;Art;1254;Urban miljö (U) - Stor betydelse;NA;
264730;107872;Anaphalis triplinervis;ulleternell;Art;30;Urban miljö (U) - Stor betydelse;NA;
221077;107874;Andryala integrifolia;solfibbla;Art;0;Urban miljö (U) - Stor betydelse;NA;
219930;107875;Andryala pinnatifida;kanarisk solfibbla;Art;0;Urban miljö (U) - Stor betydelse;NA;
223636;107889;Anthemis arvensis subsp. incrassata;klubbåkerkulla;Underart;0;Urban miljö (U) - Stor betydelse;NA;
219939;107890;Anthemis chia;;Art;0;Urban miljö (U) - Stor betydelse;NA;
219942;107895;Anthemis pseudocotula;;Art;2;Urban miljö (U) - Stor betydelse;NA;
219943;107896;Anthemis ruthenica;rysskulla;Art;109;Urban miljö (U) - Stor betydelse;NA;
219631;107898;Aposeris foetida;stinkfibbla;Art;0;Urban miljö (U) - Stor betydelse;NA;
6037508;107900;Archanthemis marschalliana;guldkulla;Art;0;;NA;
219949;107907;Arctium palladini;kaukasisk kardborre;Art;5;Urban miljö (U) - Stor betydelse;NA;
221079;107917;Arctotheca calendula;kapöga;Art;3;Urban miljö (U) - Stor betydelse;NA;
222976;107919;Argyranthemum frutescens;buskmargerit;Art;22;Urban miljö (U) - Stor betydelse;NA;
219954;107924;Arnica chamissonis;vägarnika;Art;141;Urban miljö (U) - Stor betydelse;NA;
222227;107931;Artemisia abrotanum;åbrodd;Art;282;Urban miljö (U) - Stor betydelse;NA;
219959;107933;Artemisia annua;sommarmalört;Art;24;Urban miljö (U) - Stor betydelse;NA;
219960;107934;Artemisia argyi;grovbladig gråbo;Art;6;Urban miljö (U) - Stor betydelse;NA;
219961;107935;Artemisia austriaca;donaumalört;Art;27;Urban miljö (U) - Stor betydelse;NA;
219962;107936;Artemisia biennis;smalmalört;Art;23;Urban miljö (U) - Stor betydelse;NA;
219964;107941;Artemisia dracunculus;dragon;Art;391;Urban miljö (U) - Stor betydelse;NA;
219965;107942;Artemisia integrifolia;bandgråbo;Art;7;Urban miljö (U) - Stor betydelse;NA;
219966;107943;Artemisia japonica;fingermalört;Art;2;Urban miljö (U) - Stor betydelse;NA;
6010582;107944;Artemisia lactiflora;pärlmalört;Art;0;Urban miljö (U) - Stor betydelse;NA;
219967;107945;Artemisia ludoviciana;vitmalört;Art;230;Urban miljö (U) - Stor betydelse;NA;
219968;107949;Artemisia minutiflora;småkorgig gråbo;Art;4;Urban miljö (U) - Stor betydelse;NA;
219970;107952;Artemisia pontica;romersk malört;Art;150;Urban miljö (U) - Stor betydelse;NA;
260627;107954;Artemisia schmidtiana;krypmalört;Art;4;Urban miljö (U) - Stor betydelse;NA;
219972;107955;Artemisia scoparia;vippmalört;Art;19;Urban miljö (U) - Stor betydelse;NA;
219973;107956;Artemisia siversiana;östmalört;Art;18;Urban miljö (U) - Stor betydelse;NA;
92;107957;Artemisia stelleriana;sandmalört;Art;101;Havsstrand (H) - Stor betydelse;NA;
6002896;107969;Aster ageratoides;balsamaster;Art;25;Urban miljö (U) - Stor betydelse;NA;
222735;107970;Aster alpinus;alpaster;Art;26;Urban miljö (U) - Stor betydelse;NA;
219980;107971;Aster amellus;brittsommaraster;Art;18;Urban miljö (U) - Stor betydelse;NA;
222149;107972;Aster incisus;fjäderaster;Art;15;Urban miljö (U) - Stor betydelse;NA;
220215;107973;Aster pekinensis;gråaster;Art;7;Urban miljö (U) - Stor betydelse;NA;
220566;107975;Asteriscus aquaticus;liten strandstjärna;Art;0;Urban miljö (U) - Stor betydelse;NA;
219993;107981;Bidens aristosa;missouriskära;Art;1;Urban miljö (U) - Stor betydelse;NA;
223648;107982;Bidens aristosa var. aristosa;;Varietet;0;Urban miljö (U) - Stor betydelse;NA;
223649;107983;Bidens aristosa var. retrorsa;;Varietet;0;Urban miljö (U) - Stor betydelse;NA;
219994;107984;Bidens bipinnata;flikskära;Art;0;Urban miljö (U) - Stor betydelse;NA;
219997;107989;Bidens frondosa;fläderskära;Art;59;Urban miljö (U) - Stor betydelse;NA;
219998;107990;Bidens pilosa;nålskära;Art;92;Urban miljö (U) - Stor betydelse;NA;
220000;107992;Bidens subalternans;bahiaskära;Art;1;Urban miljö (U) - Stor betydelse;NA;
219996;107994;Bidens triplinervia;ampelskära;Art;123;Urban miljö (U) - Stor betydelse;NA;
220002;107995;Bidens vulgata;västskära;Art;1;Urban miljö (U) - Stor betydelse;NA;
222241;108000;Brachycome iberidifolia;dockkrage;Art;17;Urban miljö (U) - Stor betydelse;NA;
219639;108002;Buphthalmum salicifolium;ljusöga;Art;97;Urban miljö (U) - Stor betydelse;NA;
221607;108004;Calendula arvensis;åkerringblomma;Art;69;Urban miljö (U) - Stor betydelse;NA;
220006;108005;Calendula officinalis;ringblomma;Art;4044;Urban miljö (U) - Stor betydelse;NA;
264734;108006;Calendula stellata;;Art;4;Urban miljö (U) - Stor betydelse;NA;
219562;108009;Callistephus chinensis;sommaraster;Art;639;Urban miljö (U) - Stor betydelse;NA;
6012053;108011;Calotis cuneifolia;;Art;1;;NA;
221080;108012;Calotis hispidula;;Art;5;Urban miljö (U) - Stor betydelse;NA;
220029;108016;Carduus hamulosus;kvarntistel;Art;19;Urban miljö (U) - Stor betydelse;NA;
220030;108017;Carduus nigrescens;;Art;1;Urban miljö (U) - Stor betydelse;NA;
220035;108019;Carduus nutans subsp. leiophyllus;olymptistel;Underart;96;Urban miljö (U) - Stor betydelse;NA;
220032;108021;Carduus personata;bergtistel;Art;2;Urban miljö (U) - Stor betydelse;NA;
220033;108022;Carduus pycnocephalus;gyttertistel;Art;12;Urban miljö (U) - Stor betydelse;NA;
220034;108023;Carduus tenuiflorus;smaltistel;Art;81;Urban miljö (U) - Stor betydelse;NA;
222384;108028;Carlina acaulis;silvertistel;Art;66;Jordbrukslandskap (J) - Stor betydelse, Urban miljö (U) - Stor betydelse;NA;
220037;108029;Carlina corymbosa;guldspåtistel;Art;3;Urban miljö (U) - Stor betydelse;NA;
220472;108036;Carthamus lanatus;luddsafflor;Art;14;Urban miljö (U) - Stor betydelse;NA;
264735;108037;Carthamus oxyacantha;piggsafflor;Art;0;Urban miljö (U) - Stor betydelse;NA;
220040;108038;Carthamus tinctorius;safflor;Art;592;Urban miljö (U) - Stor betydelse;NA;
221617;108040;Catananche caerulea;blå gräsfibbla;Art;36;Urban miljö (U) - Stor betydelse;NA;
220044;108042;Centaurea aspera;raspklint;Art;14;Urban miljö (U) - Stor betydelse;NA;
219774;108043;Centaurea benedicta;kardbenedikt;Art;36;Urban miljö (U) - Stor betydelse;NA;
220045;108044;Centaurea bruguieriana;benklint;Art;0;Urban miljö (U) - Stor betydelse;NA;
220046;108045;Centaurea calcitrapa;tistelklint;Art;29;Urban miljö (U) - Stor betydelse;NA;
220047;108047;Centaurea cheiranthifolia;kamklint;Art;124;Urban miljö (U) - Stor betydelse;NA;
223663;108048;Centaurea cheiranthifolia var. cheiranthifolia;gul kamklint;Varietet;34;Urban miljö (U) - Stor betydelse;NA;
223664;108049;Centaurea cheiranthifolia var. purpurascens;röd kamklint;Varietet;67;Urban miljö (U) - Stor betydelse;NA;
220048;108051;Centaurea cyanoides;turkisk blåklint;Art;6;Urban miljö (U) - Stor betydelse;NA;
220051;108053;Centaurea debeauxii;brunklint;Art;28;Urban miljö (U) - Stor betydelse;NA;
231008;108054;Centaurea debeauxii subsp. nemoralis;brunklint;Underart;2;Urban miljö (U) - Stor betydelse;NA;
220052;108056;Centaurea diffusa;spretklint;Art;67;Urban miljö (U) - Stor betydelse;NA;
264736;108057;Centaurea diluta;algerklint/blekklint;Art;2;Urban miljö (U) - Stor betydelse;NA;
220053;108059;Centaurea diluta subsp. diluta;blekklint;Underart;0;Urban miljö (U) - Stor betydelse;NA;
264741;108061;Centaurea iberica;kaukasusklint;Art;1;Urban miljö (U) - Stor betydelse;NA;
220055;108066;Centaurea macrocephala;gulklint;Art;97;Urban miljö (U) - Stor betydelse;NA;
220056;108067;Centaurea macroptilon;;Art;37;Urban miljö (U) - Stor betydelse;NA;
223668;108068;Centaurea macroptilon subsp. macroptilon;;Underart;2;Urban miljö (U) - Stor betydelse;NA;
223669;108069;Centaurea macroptilon subsp. oxylepis;;Underart;14;Urban miljö (U) - Stor betydelse;NA;
220057;108070;Centaurea melitensis;maltaklint;Art;39;Urban miljö (U) - Stor betydelse;NA;
220043;108072;Centaurea × moncktonii;banklint;Art;330;Urban miljö (U) - Stor betydelse;NA;
220058;108073;Centaurea montana;bergklint;Art;8357;Jordbrukslandskap (J) - Stor betydelse, Urban miljö (U) - Stor betydelse;NA;
285;108074;Centaurea nigra;svartklint;Art;701;Urban miljö (U) - Stor betydelse, Jordbrukslandskap (J) - Har betydelse;NA;
220060;108075;Centaurea nigrescens;fjunklint;Art;14;Urban miljö (U) - Stor betydelse;NA;
220061;108076;Centaurea orientalis;orientklint;Art;1;Urban miljö (U) - Stor betydelse;NA;
264743;108083;Centaurea phrygia subsp. pseudophrygia;fjäderklint;Underart;68;Jordbrukslandskap (J) - Stor betydelse, Urban miljö (U) - Stor betydelse;NA;
220063;108084;Centaurea pulchella;skönklint;Art;0;Urban miljö (U) - Stor betydelse;NA;
264739;108087;Centaurea scabiosa subsp. adpressa;;Underart;0;Urban miljö (U) - Stor betydelse;NA;
222387;108089;Centaurea scabiosa subsp. apiculata;;Underart;1;Urban miljö (U) - Stor betydelse;NA;
220065;108091;Centaurea solstitialis;stjärnklint;Art;62;Urban miljö (U) - Stor betydelse;NA;
220067;108092;Centaurea stoebe;sandklint;Art;770;Urban miljö (U) - Stor betydelse;NA;
264744;108095;Centaurea virgata;pysslingklint/risklint;Art;1;Urban miljö (U) - Stor betydelse;NA;
220066;108096;Centaurea virgata subsp. squarrosa;pysslingklint;Underart;0;Urban miljö (U) - Stor betydelse;NA;
265956;108100;Centaurea jacea × macroptilon subsp. macroptilon;;Hybrid;2;;NA;
220180;108111;Centromadia fitchii;sylklibbört;Art;0;Urban miljö (U) - Stor betydelse;NA;
220181;108112;Centromadia pungens;klibbört;Art;18;Urban miljö (U) - Stor betydelse;NA;
220072;108115;Chamaemelum nobile;romersk kamomill;Art;12;Urban miljö (U) - Stor betydelse;NA;
264553;108117;Chondrilla juncea;risfibbla;Art;5;Urban miljö (U) - Stor betydelse;NA;
220074;108121;Chrysanthemum × morifolium;krysantemum;Art;32;Urban miljö (U) - Stor betydelse;NA;
232960;108122;Chrysanthemum indicum;;Art;0;Urban miljö (U) - Stor betydelse;;
235043;108123;Chrysanthemum zawadzkii;höstkrage;Art;22;Urban miljö (U) - Stor betydelse;NA;
220473;108125;Chrysocoma tenuifolia;smalbladig gullknapp;Art;0;Urban miljö (U) - Stor betydelse;NA;
6332092;108127;Cichorium calvum;;Art;6;;NA;
220077;108128;Cichorium endivia;sydcikoria;Art;22;Urban miljö (U) - Stor betydelse;NA;
223672;108129;Cichorium endivia subsp. endivia;sydcikoria;Underart;0;;;
223674;108131;Cichorium intybus var. foliosum;sallatscikoria;Varietet;247;Urban miljö (U) - Stor betydelse;NA;
223673;108133;Cichorium pumilum;klubbcikoria;Art;7;Urban miljö (U) - Stor betydelse;NA;
350;108140;Cirsium canum;bantistel;Art;123;Urban miljö (U) - Stor betydelse, Jordbrukslandskap (J) - Har betydelse;NA;
220082;108142;Cirsium eriophorum;klottistel;Art;70;Urban miljö (U) - Stor betydelse;NA;
220087;108147;Cirsium tuberosum;knöltistel;Art;3;Urban miljö (U) - Stor betydelse;NA;
6324987;108149;Cirsium waldsteinii;;Art;38;;NA;
220071;108169;Cladanthus mixtus;kamkulla;Art;21;Urban miljö (U) - Stor betydelse;NA;
223670;108170;Cladanthus mixtus var. aureus;;Varietet;0;Urban miljö (U) - Stor betydelse;NA;
223671;108171;Cladanthus mixtus var. mixtus;;Varietet;0;Urban miljö (U) - Stor betydelse;NA;
221911;108173;Coleostephus myconis;stor dvärgkrage;Art;7;Urban miljö (U) - Stor betydelse;NA;
223425;108175;Conyza bonariensis;boliviabinka;Art;10;Urban miljö (U) - Stor betydelse;NA;
259707;108178;Conyza sumatrensis;sumatrabinka;Art;21;Urban miljö (U) - Stor betydelse;NA;
219776;108181;Coreopsis basalis;guldöga;Art;6;Urban miljö (U) - Stor betydelse;NA;
264749;108182;Coreopsis grandiflora;flicköga;Art;66;Urban miljö (U) - Stor betydelse;NA;
220094;108183;Coreopsis tinctoria;tigeröga;Art;437;Urban miljö (U) - Stor betydelse;NA;
220095;108184;Coreopsis verticillata;höstöga;Art;266;Urban miljö (U) - Stor betydelse;NA;
6002883;108186;Cosmos atrosanguineus;chokladskära;Art;9;Urban miljö (U) - Stor betydelse;NA;
222397;108187;Cosmos bipinnatus;rosenskära;Art;1312;Urban miljö (U) - Stor betydelse;NA;
259732;108188;Cosmos sulphureus;gullskära;Art;49;Urban miljö (U) - Stor betydelse;NA;
219936;108190;Cota altissima;storkulla;Art;15;Urban miljö (U) - Stor betydelse;NA;
219938;108191;Cota austriaca;kvarnkulla;Art;26;Urban miljö (U) - Stor betydelse;NA;
219940;108192;Cota coelopoda;;Art;1;Urban miljö (U) - Stor betydelse;NA;
219945;108194;Cota triumfettii;;Art;0;Urban miljö (U) - Stor betydelse;NA;
223009;108197;Cotula coronopifolia;strandkotula;Art;1501;Urban miljö (U) - Stor betydelse;NA;
264750;108198;Cotula turbinata;morotskotula;Art;2;Urban miljö (U) - Stor betydelse;NA;
220099;108202;Crepis capillaris;grönfibbla;Art;4956;Urban miljö (U) - Stor betydelse;NA;
220100;108205;Crepis foetida;sprötfibbla;Art;22;Urban miljö (U) - Stor betydelse;NA;
223695;108206;Crepis foetida subsp. commutata;narrsprötfibbla;Underart;0;Urban miljö (U) - Stor betydelse;NA;
223696;108207;Crepis foetida subsp. foetida;glandelsprötfibbla;Underart;8;Urban miljö (U) - Stor betydelse;NA;
223697;108208;Crepis foetida subsp. rhoeadifolia;borstsprötfibbla;Underart;0;Urban miljö (U) - Stor betydelse;NA;
481;108211;Crepis nicaeensis;vallfibbla;Art;316;Jordbrukslandskap (J) - Stor betydelse, Urban miljö (U) - Stor betydelse;NA;
265975;108215;Crepis rubra;rosenfibbla;Art;10;;NA;
220104;108216;Crepis sancta;helgonfibbla;Art;1;Urban miljö (U) - Stor betydelse;NA;
265976;108217;Crepis sancta subsp. nemausensis;;Underart;0;Urban miljö (U) - Stor betydelse;NA;
220105;108218;Crepis setosa;borstfibbla;Art;161;Urban miljö (U) - Stor betydelse;NA;
220106;108219;Crepis sibirica;sibirisk fibbla;Art;7;Urban miljö (U) - Stor betydelse;NA;
220108;108226;Crepis vesicaria;blåsfibbla;Art;106;Urban miljö (U) - Stor betydelse;NA;
265978;108227;Crepis vesicaria subsp. taraxacifolia;blåsfibbla;Underart;13;Urban miljö (U) - Stor betydelse;NA;
220109;108228;Crepis zacintha;;Art;1;Urban miljö (U) - Stor betydelse;NA;
220212;108230;Cyclachaena xanthiifolia;iva;Art;136;Urban miljö (U) - Stor betydelse;NA;
259686;108232;Cynara cardunculus;kardon;Art;30;Urban miljö (U) - Stor betydelse;NA;
6004147;108233;Cynara cardunculus var. cardunculus;kardon;Varietet;0;Urban miljö (U) - Stor betydelse;NA;
264751;108234;Cynara cardunculus var. scolymus;kronärtskocka;Varietet;0;Urban miljö (U) - Stor betydelse;NA;
220112;108236;Dahlia × pinnata;dahlia;Art;252;Urban miljö (U) - Stor betydelse;NA;
219819;108238;Deinandra fasciculata;spärrklibbört;Art;2;Urban miljö (U) - Stor betydelse;NA;
219667;108241;Delairea odorata;sommarmurgröna;Art;1;Urban miljö (U) - Stor betydelse;NA;
232950;108243;Dimorphotheca ecklonis;stjärnöga;Art;95;Urban miljö (U) - Stor betydelse;NA;
264752;108244;Dimorphotheca jucunda;violstjärnöga;Art;12;Urban miljö (U) - Stor betydelse;NA;
264753;108245;Dimorphotheca pluvialis;väderspåman;Art;26;Urban miljö (U) - Stor betydelse;NA;
264754;108246;Dimorphotheca sinuata;solvisare;Art;86;;NA;
221022;108248;Dittrichia graveolens;kamferkrissla;Art;108;Urban miljö (U) - Stor betydelse;NA;
220114;108251;Doronicum columnae;balkangemsrot;Art;1260;Urban miljö (U) - Stor betydelse;NA;
220115;108253;Doronicum macrophyllum;kaukasisk gemsrot;Art;36;Urban miljö (U) - Stor betydelse;NA;
220116;108254;Doronicum orientale;gemsrot;Art;1945;Urban miljö (U) - Stor betydelse, Jordbrukslandskap (J) - Har betydelse;NA;
220117;108255;Doronicum pardalianches;klostergemsrot;Art;491;Urban miljö (U) - Stor betydelse, Jordbrukslandskap (J) - Har betydelse, Skog (S) - Har betydelse;NA;
220118;108256;Doronicum plantagineum;stor gemsrot;Art;229;Urban miljö (U) - Stor betydelse, Jordbrukslandskap (J) - Har betydelse, Skog (S) - Har betydelse;NA;
6008883;108257;Doronicum × willdenowii;slottsgemsrot;Art;8;;NA;
6332749;108258;Doronicum orientale × plantagineum;gemsrot × stor gemsrot;Hybrid;2;;NA;
6007479;108260;Echinacea pallida;blek solhatt;Art;60;Urban miljö (U) - Stor betydelse;NA;
221009;108262;Echinacea purpurea;röd solhatt;Art;215;Urban miljö (U) - Stor betydelse;NA;
6324982;108263;Echinacea paradoxa × pupurea;gul solhatt × röd solhatt;Hybrid;0;;NA;
222429;108265;Echinops bannaticus;blå bolltistel;Art;1341;Urban miljö (U) - Stor betydelse;NA;
220122;108266;Echinops exaltatus;grå bolltistel;Art;667;Urban miljö (U) - Stor betydelse;NA;
220123;108267;Echinops sphaerocephalus;bolltistel;Art;1486;Urban miljö (U) - Stor betydelse;NA;
6010583;108268;Echinops bannaticus × sphaerocephalus;blå bolltistel × bolltistel;Hybrid;1;Urban miljö (U) - Stor betydelse;NA;
6007481;108270;Eclipta prostrata;vitknapp;Art;9;;NA;
6010585;108272;Emilia coccinea;tofsblomster;Art;1;Urban miljö (U) - Stor betydelse;NA;
220126;108283;Erigeron annuus;sommarbinka;Art;1919;Urban miljö (U) - Stor betydelse;NA;
223710;108284;Erigeron annuus subsp. annuus;vit sommarbinka;Underart;286;Urban miljö (U) - Stor betydelse;NA;
223709;108285;Erigeron annuus subsp. lilacinus;blå sommarbinka;Underart;413;Urban miljö (U) - Stor betydelse;NA;
220128;108288;Erigeron glabellus;vallbinka;Art;3;Urban miljö (U) - Stor betydelse;NA;
264755;108290;Erigeron × hybridus;praktbinka;Art;31;Urban miljö (U) - Stor betydelse;NA;
220130;108291;Erigeron karvinskianus;murbinka;Art;155;Urban miljö (U) - Stor betydelse;NA;
220131;108292;Erigeron speciosus;skönbinka;Art;76;Urban miljö (U) - Stor betydelse;NA;
220132;108293;Erigeron subtrinervis;strävbinka;Art;4;Urban miljö (U) - Stor betydelse;NA;
222471;108304;Eriophyllum lanatum;ullblad;Art;27;Urban miljö (U) - Stor betydelse;NA;
220136;108307;Eupatorium serotinum;höstflockel;Art;1;Urban miljö (U) - Stor betydelse;NA;
219981;108309;Eurybia divaricata;vit skogsaster;Art;109;Urban miljö (U) - Stor betydelse;NA;
6332719;108310;Eurybia × herveyi;skymningsaster;Art;1;;NA;
219984;108311;Eurybia macrophylla;glandelaster;Art;62;Urban miljö (U) - Stor betydelse;NA;
219988;108312;Eurybia schreberi;skogsaster;Art;20;Urban miljö (U) - Stor betydelse;NA;
219990;108313;Eurybia sibirica;sibirisk aster;Art;79;Urban miljö (U) - Stor betydelse, Sötvatten (L) - Har betydelse;NA;
220327;108315;Euthamia graminifolia;kvastgullris;Art;63;Urban miljö (U) - Stor betydelse;NA;
6333413;108317;Eutrochium dubium;liten rosenflockel;Art;0;;;
232948;108319;Eutrochium maculatum;fläckflockel;Art;223;Urban miljö (U) - Stor betydelse;NA;
232949;108320;Eutrochium purpureum;rosenflockel;Art;135;Urban miljö (U) - Stor betydelse;NA;
221023;108322;Felicia tenella;dockaster;Art;1;Urban miljö (U) - Stor betydelse;NA;
264757;108325;Filago eriocephala;;Art;1;Urban miljö (U) - Stor betydelse;NA;
220139;108328;Filago pyramidata;spansk ullört;Art;3;Urban miljö (U) - Stor betydelse;NA;
220140;108329;Filago tyrrhenica;korsikansk ullört;Art;0;Urban miljö (U) - Stor betydelse;NA;
223028;108332;Flaveria bidentis;flaveria;Art;1;Urban miljö (U) - Stor betydelse;NA;
220144;108334;Gaillardia × grandiflora;kokardblomster;Art;141;Urban miljö (U) - Stor betydelse;NA;
221920;108337;Galactites tomentosus;klinttistel;Art;5;Urban miljö (U) - Stor betydelse;NA;
219989;108340;Galatella sedifolia;prickaster;Art;38;Urban miljö (U) - Stor betydelse;NA;
221653;108342;Galinsoga caracasana;rödgängel;Art;0;Urban miljö (U) - Stor betydelse;;
220146;108343;Galinsoga parviflora;gängel;Art;2272;Urban miljö (U) - Stor betydelse, Jordbrukslandskap (J) - Har betydelse;NA;
220147;108344;Galinsoga quadriradiata;hårgängel;Art;5325;Urban miljö (U) - Stor betydelse, Jordbrukslandskap (J) - Har betydelse;NA;
6004149;108346;Gamochaeta pensylvanica;lurvnoppa;Art;18;Urban miljö (U) - Stor betydelse;NA;
220390;108349;Geropogon hybridus;späd haverrot;Art;0;Urban miljö (U) - Stor betydelse;NA;
220149;108351;Glebionis coronaria;kranskrage;Art;514;Urban miljö (U) - Stor betydelse;NA;
220150;108352;Glebionis multicolor;brokkrage;Art;16;Urban miljö (U) - Stor betydelse;NA;
220153;108357;Gnaphalium polycaulon;grånoppa;Art;0;Urban miljö (U) - Stor betydelse;NA;
265983;108365;Grindelia hirsutula;klibbgrindelia;Art;9;Urban miljö (U) - Stor betydelse;NA;
221662;108366;Grindelia squarrosa;grindelia;Art;3;Urban miljö (U) - Stor betydelse;NA;
219567;108368;Guizotia abyssinica;nigerfrö;Art;552;Urban miljö (U) - Stor betydelse;NA;
220159;108369;Guizotia scabra;strävt nigerfrö;Art;18;Urban miljö (U) - Stor betydelse;NA;
265984;108370;Guizotia scabra subsp. schimperi;;Underart;7;Urban miljö (U) - Stor betydelse;NA;
220160;108371;Guizotia villosa;luddnigerfrö;Art;4;Urban miljö (U) - Stor betydelse;NA;
219679;108375;Hedypnois rhagadioloides;rörfibbla;Art;1;Urban miljö (U) - Stor betydelse;NA;
221203;108377;Helenium amarum;sommarsolbrud;Art;10;Urban miljö (U) - Stor betydelse;NA;
261637;108378;Helenium aromaticum;äppelsolbrud;Art;14;Urban miljö (U) - Stor betydelse;NA;
220163;108379;Helenium autumnale;solbrud;Art;85;Urban miljö (U) - Stor betydelse;NA;
222023;108381;Helianthus annuus;solros;Art;6733;Urban miljö (U) - Stor betydelse;NA;
220166;108382;Helianthus atrorubens;mörk solros;Art;0;Urban miljö (U) - Stor betydelse;NA;
220167;108383;Helianthus debilis;miniatyrsolros;Art;63;Urban miljö (U) - Stor betydelse;NA;
265985;108384;Helianthus debilis subsp. cucumerifolius;miniatyrsolros;Underart;3;Urban miljö (U) - Stor betydelse;NA;
220168;108385;Helianthus decapetalus;gullsolros;Art;16;Urban miljö (U) - Stor betydelse;NA;
220169;108386;Helianthus giganteus;goliatsolros;Art;22;Urban miljö (U) - Stor betydelse;NA;
220165;108388;Helianthus × laetiflorus;präriesolros;Art;921;Urban miljö (U) - Stor betydelse;NA;
6331573;108389;Helianthus 'Lemon Queen';;Hybrid;22;;NA;
220170;108390;Helianthus maximiliani;prinssolros;Art;13;Urban miljö (U) - Stor betydelse;NA;
264759;108391;Helianthus mollis;dunsolros;Art;6;Urban miljö (U) - Stor betydelse;NA;
220171;108393;Helianthus niveus;;Art;0;Urban miljö (U) - Stor betydelse;NA;
265987;108394;Helianthus niveus subsp. canescens;;Underart;0;Urban miljö (U) - Stor betydelse;NA;
6007483;108395;Helianthus nuttallii;nuttallsolros;Art;0;;NA;
220172;108396;Helianthus pauciflorus;höstsolros;Art;523;Urban miljö (U) - Stor betydelse;NA;
265988;108397;Helianthus pauciflorus subsp. pauciflorus;;Underart;2;Urban miljö (U) - Stor betydelse;NA;
265989;108398;Helianthus pauciflorus subsp. subrhomboideus;;Underart;8;;NA;
6010684;108399;Helianthus pauciflorus agg.;höstsolros (aggregat);Artkomplex;1492;;NA;
220173;108400;Helianthus petiolaris;hamnsolros;Art;86;Urban miljö (U) - Stor betydelse;NA;
264760;108401;Helianthus salicifolius;skobandssolros;Art;47;Urban miljö (U) - Stor betydelse;NA;
220174;108402;Helianthus strumosus;strävsolros;Art;51;Urban miljö (U) - Stor betydelse;NA;
220175;108403;Helianthus tuberosus;jordärtskocka;Art;1999;Urban miljö (U) - Stor betydelse;NA;
265990;108407;Helichrysum italicum;curryeternell;Art;54;;NA;
220177;108409;Helichrysum petiolare;rabatteternell;Art;16;Urban miljö (U) - Stor betydelse;NA;
220521;108411;Heliopsis helianthoides;dagöga;Art;605;Urban miljö (U) - Stor betydelse;NA;
222157;108413;Helminthotheca echioides;lyktfibbla;Art;269;Urban miljö (U) - Stor betydelse;NA;
220524;108415;Heteranthemis viscidehirta;solkrage;Art;6;Urban miljö (U) - Stor betydelse;NA;
220183;108417;Heterosperma pinnatum;spädskära;Art;0;Urban miljö (U) - Stor betydelse;NA;
220184;108419;Heterotheca subaxillaris;kamferört;Art;3;Urban miljö (U) - Stor betydelse;NA;
220188;108468;Hieracium sect. Amplexicaulia;klisterfibblor;Sektion (botanik);2;;;
266274;108469;Hieracium pulmonarioides;murfibbla;Art;2;Urban miljö (U) - Stor betydelse;NA;
231662;108838;Hieracium epipsilum;;Art;0;Urban miljö (U) - Stor betydelse;;
264763;109289;Hieracium sect. Picroidea;;Sektion (botanik);2;;;
266277;109321;Hieracium sabaudum;savojfibbla;Art;34;Urban miljö (U) - Stor betydelse;NA;
6007497;109322;Hieracium virgultorum;långbladsfibbla;Art;13;Urban miljö (U) - Stor betydelse;NA;
220199;109533;Hieracium sect. Villosa;ullfibblor;Sektion (botanik);7;;;
266279;109534;Hieracium speciosum;lammfibbla;Art;7;Urban miljö (U) - Stor betydelse;NA;
220209;109838;Inula helenium;ålandsrot;Art;1437;Urban miljö (U) - Stor betydelse, Jordbrukslandskap (J) - Har betydelse;NA;
261632;109839;Inula racemosa;fackelkrissla;Art;303;Urban miljö (U) - Stor betydelse;NA;
221098;109841;Ismelia carinata;ringkrage;Art;98;Urban miljö (U) - Stor betydelse;NA;
222520;109843;Iva annua;axiva;Art;0;Urban miljö (U) - Stor betydelse;NA;
220301;109849;Jacobaea cannabifolia;hampstånds;Art;108;Urban miljö (U) - Stor betydelse, Våtmark (V) - Stor betydelse, Sötvatten (L) - Har betydelse;NA;
220302;109851;Jacobaea maritima;silverek;Art;126;Urban miljö (U) - Stor betydelse;NA;
220076;109863;Lactuca macrophylla;parksallat;Art;7372;Jordbrukslandskap (J) - Stor betydelse, Urban miljö (U) - Stor betydelse;NA;
231009;109864;Lactuca macrophylla subsp. uralensis;parksallat;Underart;55;Urban miljö (U) - Stor betydelse;NA;
264745;109866;Lactuca plumieri;fransktorta;Art;19;Urban miljö (U) - Stor betydelse;NA;
223726;109868;Lactuca quercina var. integrifolia;uppsalasallat;Varietet;7;Urban miljö (U) - Stor betydelse;NA;
221209;109870;Lactuca saligna;videsallat;Art;2;Urban miljö (U) - Stor betydelse;NA;
220217;109871;Lactuca sativa;sallat;Art;418;Urban miljö (U) - Stor betydelse;NA;
220255;109874;Lactuca tatarica;sandsallat;Art;702;Havsstrand (H) - Stor betydelse;NA;
220219;109875;Lactuca virosa;giftsallat;Art;12;Urban miljö (U) - Stor betydelse;NA;
223720;109879;Lapsana communis subsp. intermedia;stor harkål;Underart;36;Urban miljö (U) - Stor betydelse;NA;
6331302;109881;Layia chrysanthemoides;;Art;36;;NA;
222030;109882;Layia platyglossa;guldgrävarblomma;Art;50;Urban miljö (U) - Stor betydelse;NA;
6330272;109884;Leontodon crispus;raspfibbla;Art;25;;NA;
941;109886;Leontodon saxatilis;strimfibbla;Art;336;Urban miljö (U) - Stor betydelse, Jordbrukslandskap (J) - Har betydelse;NA;
220550;109891;Lepidophorum repandum;;Art;1;Urban miljö (U) - Stor betydelse;NA;
220232;109894;Leptinella squalida;krypkotula;Art;50;Urban miljö (U) - Stor betydelse;NA;
220805;109896;Leucanthemella serotina;oktoberkrage;Art;57;Urban miljö (U) - Stor betydelse;NA;
264765;109899;Leucanthemum heterophyllum;sydprästkrage;Art;2;Urban miljö (U) - Stor betydelse;NA;
220234;109900;Leucanthemum × superbum;jätteprästkrage;Art;927;Urban miljö (U) - Stor betydelse;NA;
222560;109903;Liatris spicata;rosenstav;Art;108;Urban miljö (U) - Stor betydelse;NA;
220237;109905;Ligularia dentata;klippstånds;Art;99;Urban miljö (U) - Stor betydelse;NA;
264766;109906;Ligularia hodgsonii;orangestånds;Art;2;Urban miljö (U) - Stor betydelse;NA;
235141;109907;Ligularia przewalskii;spirstånds;Art;77;Urban miljö (U) - Stor betydelse;NA;
6002886;109908;Ligularia sibirica;sibirstånds;Art;5;;NA;
220238;109909;Ligularia stenocephala;mörk gullstav;Art;202;Urban miljö (U) - Stor betydelse;NA;
221699;109913;Lindheimera texana;liten texasstjärna;Art;1;Urban miljö (U) - Stor betydelse;NA;
220245;109915;Logfia gallica;fransk ullört;Art;0;Urban miljö (U) - Stor betydelse;NA;
260623;109918;Lonas annua;kransgull;Art;10;Urban miljö (U) - Stor betydelse;NA;
222856;109920;Madia glomerata;bergmadia;Art;0;Urban miljö (U) - Stor betydelse;NA;
221702;109926;Matricaria discoidea;gatkamomill;Art;31536;Jordbrukslandskap (J) - Stor betydelse, Urban miljö (U) - Stor betydelse;NA;
220561;109928;Mauranthemum paludosum;pysslingkrage;Art;433;Urban miljö (U) - Stor betydelse;NA;
235010;109931;Melampodium montanum;litet medaljongblomster;Art;29;Urban miljö (U) - Stor betydelse;NA;
220260;109939;Onopordum tauricum;klibbig ulltistel;Art;3;Urban miljö (U) - Stor betydelse;NA;
266007;109945;Parasenecio hastatus;spjutkakalia;Art;12;Urban miljö (U) - Stor betydelse;NA;
221557;109947;Parthenium hysterophorus;flikpartenium;Art;1;Urban miljö (U) - Stor betydelse;NA;
220399;109958;Peripleura scabra;;Art;0;Urban miljö (U) - Stor betydelse;NA;
220265;109963;Petasites japonicus;bitterskråp;Art;818;Urban miljö (U) - Stor betydelse;NA;
220272;109973;Picris rhagadioloides;sprengerfibbla;Art;1;Urban miljö (U) - Stor betydelse;NA;
264776;109993;Pilosella cymosiformis;stäppfibbla;Art;55;Jordbrukslandskap (J) - Stor betydelse;NA;
220276;109995;Pilosella flagellaris;gisselfibbla;Art;110;Urban miljö (U) - Stor betydelse;NA;
264774;109996;Pilosella floribunda;tyskfibbla;Art;730;Jordbrukslandskap (J) - Stor betydelse;NA;
223075;110048;Prenanthes purpurea;rödsallat;Art;16;Urban miljö (U) - Stor betydelse;NA;
220050;110050;Psephellus dealbatus;strävklint;Art;516;Urban miljö (U) - Stor betydelse;NA;
221403;110054;Ptilostemon afer;elfenbenstistel;Art;53;Skog (S) - Stor betydelse, Urban miljö (U) - Har betydelse;NA;
222652;110057;Pulicaria dysenterica;strandloppört;Art;34;Urban miljö (U) - Stor betydelse;NA;
6034763;110061;Ratibida pinnata;stor mexikohatt;Art;24;;NA;
220287;110064;Reichardia picroides;bittersallat;Art;0;Urban miljö (U) - Stor betydelse;NA;
220288;110066;Rhagadiolus stellatus;stjärnfibbla;Art;0;Urban miljö (U) - Stor betydelse;NA;
219552;110068;Rhaponticum repens;hinnklint;Art;9;Urban miljö (U) - Stor betydelse;NA;
220289;110070;Rhodanthe chlorocephala;roseneternell;Art;49;Urban miljö (U) - Stor betydelse;NA;
264777;110071;Rhodanthe humboldtiana;guldeternell;Art;2;Urban miljö (U) - Stor betydelse;NA;
264778;110072;Rhodanthe manglesii;sideneternell;Art;8;Urban miljö (U) - Stor betydelse;NA;
221632;110074;Rudbeckia amplexicaulis;draköga;Art;10;Urban miljö (U) - Stor betydelse;NA;
220290;110075;Rudbeckia fulgida;skimmerrudbeckia;Art;171;Urban miljö (U) - Stor betydelse;NA;
264779;110077;Rudbeckia fulgida var. speciosa;praktrudbeckia;Varietet;5;Urban miljö (U) - Stor betydelse;NA;
220291;110078;Rudbeckia hirta;sträv rudbeckia;Art;1268;Urban miljö (U) - Stor betydelse;NA;
223759;110079;Rudbeckia hirta var. hirta;vallrudbeckia;Varietet;85;Urban miljö (U) - Stor betydelse;NA;
223760;110080;Rudbeckia hirta var. pulcherrima;sommarrudbeckia;Varietet;325;Urban miljö (U) - Stor betydelse;NA;
220292;110081;Rudbeckia laciniata;höstrudbeckia;Art;1062;Urban miljö (U) - Stor betydelse;NA;
6331108;110082;Rudbeckia subtomentosa;prärierudbeckia;Art;20;;NA;
232490;110084;Santolina chamaecyparissus;grå helgonört;Art;13;Urban miljö (U) - Stor betydelse;NA;
220293;110086;Sanvitalia procumbens;husarknappar;Art;22;Urban miljö (U) - Stor betydelse;NA;
220295;110090;Schkuhria pinnata;dvärgsammetsblomster;Art;5;Urban miljö (U) - Stor betydelse;NA;
220296;110092;Scolymus hispanicus;spansk taggfibbla;Art;1;Urban miljö (U) - Stor betydelse;NA;
220297;110093;Scolymus maculatus;taggfibbla;Art;4;Urban miljö (U) - Stor betydelse;NA;
220298;110095;Scorzonera hispanica;svartrot;Art;261;Urban miljö (U) - Stor betydelse;NA;
6037513;110106;Senecio doria;jättestånds;Art;25;;NA;
220304;110109;Senecio gallicus;;Art;0;Urban miljö (U) - Stor betydelse;NA;
220305;110110;Senecio grisebachii;pampasstånds;Art;1;Urban miljö (U) - Stor betydelse;NA;
220306;110111;Senecio inaequidens;boerstånds;Art;1983;Urban miljö (U) - Stor betydelse;NA;
220308;110112;Senecio lautus;kängurustånds;Art;0;Urban miljö (U) - Stor betydelse;NA;
220309;110113;Senecio leucanthemifolius;;Art;4033;Urban miljö (U) - Stor betydelse;NA;
264781;110114;Senecio leucanthemifolius subsp. leucanthemifolius;;Underart;0;Urban miljö (U) - Stor betydelse;NA;
220316;110115;Senecio leucanthemifolius subsp. vernalis;vårkorsört;Underart;4000;Jordbrukslandskap (J) - Stor betydelse, Urban miljö (U) - Stor betydelse;NA;
220310;110117;Senecio ovatus;glesstånds;Art;298;Urban miljö (U) - Stor betydelse, Skog (S) - Har betydelse;NA;
221093;110119;Senecio quadridentatus;;Art;1;Urban miljö (U) - Stor betydelse;NA;
220312;110120;Senecio sarracenicus;parkstånds;Art;994;Jordbrukslandskap (J) - Stor betydelse, Urban miljö (U) - Stor betydelse, Skog (S) - Har betydelse;NA;
220313;110121;Senecio squalidus;stenkorsört;Art;283;Urban miljö (U) - Stor betydelse;NA;
220315;110123;Senecio teneriffae;kanariekorsört;Art;0;Urban miljö (U) - Stor betydelse;NA;
264782;110127;Senecio vulgaris var. hibernicus;strålkorsört;Varietet;138;Urban miljö (U) - Stor betydelse;NA;
264783;110141;Sigesbeckia orientalis;asiatisk klibbstjärna;Art;40;Urban miljö (U) - Stor betydelse;NA;
220321;110142;Sigesbeckia serrata;klibbstjärna;Art;98;Urban miljö (U) - Stor betydelse;NA;
6051721;110144;Silphium laciniatum;kompassört;Art;30;;NA;
220322;110145;Silphium perfoliatum;skålört;Art;267;Urban miljö (U) - Stor betydelse;NA;
220323;110147;Silybum marianum;mariatistel;Art;607;Urban miljö (U) - Stor betydelse;NA;
220324;110149;Sinacalia tangutica;gullvippa;Art;47;Urban miljö (U) - Stor betydelse;NA;
220325;110152;Solidago canadensis;kanadensiskt gullris;Art;36147;Jordbrukslandskap (J) - Stor betydelse, Urban miljö (U) - Stor betydelse;NA;
6042286;110153;Solidago canadensis agg.;kanadensiskt gullris (aggregat);Artkomplex;39052;;NA;
220326;110154;Solidago gigantea;höstgullris;Art;2896;Jordbrukslandskap (J) - Stor betydelse, Urban miljö (U) - Stor betydelse;NA;
231010;110155;Solidago gigantea subsp. serotina;höstgullris;Underart;40;Urban miljö (U) - Stor betydelse;NA;
6037514;110157;Solidago ptarmicoides;vitt gullris;Art;32;;NA;
6324082;110158;Solidago rigida;styvt gullris;Art;17;;NA;
220328;110159;Solidago rugosa;plymgullris;Art;3;Urban miljö (U) - Stor betydelse;NA;
220330;110167;Soliva sessilis;spjutkotula;Art;2;Urban miljö (U) - Stor betydelse;NA;
220331;110168;Soliva stolonifera;strimkotula;Art;2;Urban miljö (U) - Stor betydelse;NA;
223784;110176;Sonchus asper subsp. glaucescens;lädermolke;Underart;1;Urban miljö (U) - Stor betydelse;NA;
220336;110180;Sonchus tenerrimus;klippmolke;Art;34;Urban miljö (U) - Stor betydelse;NA;
264786;110187;Symphyotrichum ericoides;ljungaster;Art;22;Urban miljö (U) - Stor betydelse;NA;
219982;110189;Symphyotrichum laeve;daggaster;Art;70;Urban miljö (U) - Stor betydelse;NA;
219983;110190;Symphyotrichum lanceolatum;lansettaster;Art;245;Urban miljö (U) - Stor betydelse;NA;
219985;110191;Symphyotrichum novae-angliae;luktaster;Art;479;Urban miljö (U) - Stor betydelse;NA;
219986;110192;Symphyotrichum novi-belgii;höstaster;Art;2854;Urban miljö (U) - Stor betydelse, Jordbrukslandskap (J) - Har betydelse;NA;
6010700;110193;Symphyotrichum novi-belgii agg.;höstaster (aggregat);Artkomplex;4071;;NA;
6331417;110194;Symphyotrichum oblongifolium;doftaster;Art;12;;NA;
219987;110195;Symphyotrichum patulum;torpaster;Art;44;Urban miljö (U) - Stor betydelse;NA;
264787;110196;Symphyotrichum pilosum;filtaster;Art;3;Urban miljö (U) - Stor betydelse;NA;
264788;110197;Symphyotrichum pilosum var. pringlei;filtaster;Varietet;0;Urban miljö (U) - Stor betydelse;NA;
219978;110198;Symphyotrichum × salignum;videaster;Art;891;Urban miljö (U) - Stor betydelse, Jordbrukslandskap (J) - Har betydelse;NA;
6331418;110202;Symphyotrichum turbinellum;ozark-aster;Art;5;;NA;
219979;110203;Symphyotrichum × versicolor;brokaster;Art;249;Urban miljö (U) - Stor betydelse;NA;
220337;110205;Tagetes erecta;stort sammetsblomster;Art;370;Urban miljö (U) - Stor betydelse;NA;
220338;110206;Tagetes minuta;stinktagetes;Art;36;Urban miljö (U) - Stor betydelse;NA;
220339;110207;Tagetes patula;sammetsblomster;Art;573;Urban miljö (U) - Stor betydelse;NA;
220340;110208;Tagetes tenuifolia;litet sammetsblomster;Art;133;Urban miljö (U) - Stor betydelse;NA;
220341;110210;Tanacetum balsamita;balsamblad;Art;276;Urban miljö (U) - Stor betydelse;NA;
220342;110213;Tanacetum coccineum;rosenkrage;Art;125;Urban miljö (U) - Stor betydelse;NA;
220343;110214;Tanacetum corymbosum;renfanekrage;Art;247;Urban miljö (U) - Stor betydelse;NA;
220344;110215;Tanacetum macrophyllum;röllikekrage;Art;659;Urban miljö (U) - Stor betydelse;NA;
223785;110218;Tanacetum vulgare f. crispum;munkrenfana;Form;567;;NA;
6007509;110224;Taraxacum sect. Alpestria;alpmaskrosor;Sektion (botanik);1;;;
6007510;110225;Taraxacum samuelssonii;;Art;1;Urban miljö (U) - Stor betydelse;NA;
6007524;110454;Taraxacum tanyolobum;;Art;2;Urban miljö (U) - Stor betydelse;NA;
230655;110458;Taraxacum tortilobum;skruvmaskros;Art;1;Jordbrukslandskap (J) - Stor betydelse, Urban miljö (U) - Har betydelse;NA;
6007618;110626;Taraxacum decorum;snyggmaskros;Art;4;Jordbrukslandskap (J) - Stor betydelse;NA;
220383;110937;Telekia speciosa;strålöga;Art;1850;Jordbrukslandskap (J) - Stor betydelse, Urban miljö (U) - Stor betydelse;NA;
223788;110942;Tephroseris integrifolia subsp. tundricola;nordnocka;Underart;0;;;
220386;110945;Thelesperma megapotamicum;trådskära;Art;4;Urban miljö (U) - Stor betydelse;NA;
259725;110949;Tithonia rotundifolia;inkakrage;Art;22;Urban miljö (U) - Stor betydelse;NA;
220387;110951;Tolpis barbata;skäggfibbla;Art;11;Urban miljö (U) - Stor betydelse;NA;
1576;110956;Tragopogon dubius;stor haverrot;Art;179;Jordbrukslandskap (J) - Stor betydelse, Urban miljö (U) - Stor betydelse;NA;
220391;110958;Tragopogon porrifolius;äkta haverrot;Art;300;Urban miljö (U) - Stor betydelse;NA;
223796;110961;Tragopogon pratensis subsp. orientalis;guldhaverrot;Underart;0;Urban miljö (U) - Stor betydelse;NA;
264790;110973;Tripleurospermum disciforme;knappbaldersbrå;Art;3;Urban miljö (U) - Stor betydelse;NA;
223800;110978;Tripleurospermum maritimum subsp. phaeocephalum;brunbaldersbrå;Underart;12;Urban miljö (U) - Stor betydelse;NA;
220397;110992;Tyrimnus leucographus;skrifttistel;Art;0;Urban miljö (U) - Stor betydelse;NA;
220398;110994;Verbesina encelioides;verbesina;Art;25;Urban miljö (U) - Stor betydelse;NA;
223803;110995;Verbesina encelioides subsp. encelioides;;Underart;1;Urban miljö (U) - Stor betydelse;NA;
223804;110996;Verbesina encelioides subsp. exauriculata;;Underart;1;Urban miljö (U) - Stor betydelse;NA;
220400;110998;Xanthisma texanum;sömnstjärna;Art;5;Urban miljö (U) - Stor betydelse;NA;
220401;111000;Xanthium ambrosioides;flikgullfrö;Art;1;Urban miljö (U) - Stor betydelse;NA;
223805;111001;Xanthium orientale;mörkt gullfrö;Art;70;Urban miljö (U) - Stor betydelse;NA;
220402;111005;Xanthium pungens;stickgullfrö;Art;0;Urban miljö (U) - Stor betydelse;NA;
220403;111006;Xanthium spinosum;tistelgullfrö;Art;298;Urban miljö (U) - Stor betydelse;NA;
220404;111007;Xanthium strumarium;ljust gullfrö;Art;766;Urban miljö (U) - Stor betydelse;NA;
6325987;111008;Xanthium strumarium subsp. sibiricum;sibiriskt gullfrö;Underart;0;;NA;
223806;111009;Xanthium strumarium subsp. strumarium;ljust gullfrö;Underart;13;;NA;
6010703;111010;Xanthium strumarium agg.;gullfrö (aggregat);Kollektivtaxon;850;;NA;
220405;111012;Xeranthemum annuum;pappersblomster;Art;42;Urban miljö (U) - Stor betydelse;NA;
220406;111013;Xeranthemum cylindraceum;litet pappersblomster;Art;0;Urban miljö (U) - Stor betydelse;NA;
220407;111016;Xerochrysum bracteatum;jätteeternell;Art;111;Urban miljö (U) - Stor betydelse;NA;
220408;111018;Zinnia elegans;zinnia;Art;145;Urban miljö (U) - Stor betydelse;NA;
6002888;111019;Zinnia haageana;guldzinnia;Art;16;;NA;
261643;111020;Zinnia peruviana;spindelzinnia;Art;23;Urban miljö (U) - Stor betydelse;NA;
223694;111023;Conyza canadensis × Erigeron acris subsp. acris;kanadabinka × vanlig gråbinka;Hybrid;5;Urban miljö (U) - Stor betydelse;NA;
235009;111042;Sambucus nigra subsp. cerulea;blåfläder;Underart;36;Urban miljö (U) - Stor betydelse;NA;
6002889;111049;Viburnum × bodnantense;hybridkejsarolvon;Art;51;Urban miljö (U) - Stor betydelse;NA;
6007659;111050;Viburnum × burkwoodii;hybridolvon;Art;29;Urban miljö (U) - Stor betydelse;NA;
221584;111051;Viburnum carlesii;luktolvon;Art;61;Urban miljö (U) - Stor betydelse;NA;
259720;111052;Viburnum dentatum;tandolvon;Art;2;Urban miljö (U) - Stor betydelse;NA;
221585;111054;Viburnum lantana;parkolvon;Art;1995;Urban miljö (U) - Stor betydelse, Jordbrukslandskap (J) - Har betydelse, Skog (S) - Har betydelse;NA;
221586;111055;Viburnum lentago;glansolvon;Art;43;Urban miljö (U) - Stor betydelse;NA;
221588;111058;Viburnum rhytidophyllum;rynkolvon;Art;141;Urban miljö (U) - Stor betydelse;NA;
264793;111062;Centranthus calcitrapae;;Art;2;Urban miljö (U) - Stor betydelse;NA;
221413;111063;Centranthus macrosiphon;sommarpipört;Art;9;Urban miljö (U) - Stor betydelse;NA;
221013;111064;Centranthus ruber;pipört;Art;610;Urban miljö (U) - Stor betydelse;NA;
219771;111066;Cephalaria alpina;alpjättevädd;Art;118;Urban miljö (U) - Stor betydelse;NA;
221015;111069;Cephalaria gigantea;jättevädd;Art;541;Urban miljö (U) - Stor betydelse;NA;
6331717;111070;Cephalaria radiata;;Art;49;;NA;
221016;111071;Cephalaria syriaca;syrisk jättevädd;Art;2;Urban miljö (U) - Stor betydelse;NA;
221017;111072;Cephalaria transsylvanica;rumänsk jättevädd;Art;1;Urban miljö (U) - Stor betydelse;NA;
223326;111074;Diervilla lonicera;getris;Art;82;Urban miljö (U) - Stor betydelse;NA;
220490;111077;Dipsacus fullonum;kardvädd;Art;4673;Urban miljö (U) - Stor betydelse;NA;
221019;111078;Dipsacus laciniatus;flikig kardvädd;Art;176;Urban miljö (U) - Stor betydelse;NA;
221020;111080;Dipsacus sativus;vävarkarda;Art;19;Urban miljö (U) - Stor betydelse;NA;
221021;111081;Dipsacus strigosus;sträv kardvädd;Art;3247;Urban miljö (U) - Stor betydelse, Jordbrukslandskap (J) - Har betydelse;NA;
222472;111083;Fedia cornucopiae;algersallat;Art;4;Urban miljö (U) - Stor betydelse;NA;
221024;111087;Knautia macedonica;grekvädd;Art;431;Urban miljö (U) - Stor betydelse;NA;
220804;111089;Kolkwitzia amabilis;paradisbuske;Art;976;Urban miljö (U) - Stor betydelse;NA;
221032;111095;Lonicera acuminata;vintertry;Art;228;Urban miljö (U) - Stor betydelse;NA;
222567;111096;Lonicera alpigena;alptry;Art;125;Urban miljö (U) - Stor betydelse;NA;
221028;111098;Lonicera × brownii;eldkaprifol;Art;31;Urban miljö (U) - Stor betydelse;NA;
221030;111102;Lonicera caprifolium;äkta kaprifol;Art;4530;Urban miljö (U) - Stor betydelse, Jordbrukslandskap (J) - Har betydelse, Skog (S) - Har betydelse;NA;
259671;111103;Lonicera caucasica;kaukasisk try;Art;178;Urban miljö (U) - Stor betydelse;NA;
221031;111104;Lonicera chrysantha;gulltry;Art;14;Urban miljö (U) - Stor betydelse;NA;
261634;111105;Lonicera × heckrottii;blomsterkaprifol;Art;29;Urban miljö (U) - Stor betydelse;NA;
264796;111106;Lonicera involucrata;skärmtry;Art;392;Jordbrukslandskap (J) - Stor betydelse, Urban miljö (U) - Stor betydelse;NA;
221033;111107;Lonicera involucrata var. involucrata;vanlig skärmtry;Varietet;56;Urban miljö (U) - Stor betydelse, Skog (S) - Har betydelse;NA;
264797;111108;Lonicera involucrata var. ledebourii;kalifornisk skärmtry;Varietet;13;Urban miljö (U) - Stor betydelse;NA;
6034799;111109;Lonicera × italica;rosenkaprifol;Art;114;;NA;
6011403;111110;Lonicera japonica;slingertry;Art;21;;NA;
6332715;111112;Lonicera ligustrina;lingontry/myrtentry;Art;260;;NA;
221038;111113;Lonicera ligustrina var. pileata;lingontry;Varietet;229;Urban miljö (U) - Stor betydelse;NA;
6007694;111114;Lonicera ligustrina var. yunnanensis;myrtentry;Varietet;20;Urban miljö (U) - Stor betydelse;NA;
6011404;111115;Lonicera maackii;koreatry;Art;71;;NA;
221034;111116;Lonicera maximowiczii;amurtry;Art;23;Urban miljö (U) - Stor betydelse;NA;
221035;111117;Lonicera morrowii;spärrtry;Art;57;Urban miljö (U) - Stor betydelse;NA;
221036;111118;Lonicera nigra;svarttry;Art;143;Urban miljö (U) - Stor betydelse;NA;
264798;111120;Lonicera rupicola;syrentry;Art;22;Urban miljö (U) - Stor betydelse;NA;
221039;111121;Lonicera rupicola var. syringantha;syrentry;Varietet;2;Urban miljö (U) - Stor betydelse;NA;
6002891;111123;Lonicera sempervirens;vintergrön kaprifol;Art;20;;NA;
221040;111124;Lonicera tatarica;rosentry;Art;2706;Urban miljö (U) - Stor betydelse;NA;
6034800;111125;Lonicera tragophylla;praktkaprifol;Art;7;;NA;
264799;111126;Lonicera × xylosteoides;dvärgtry;Art;27;Urban miljö (U) - Stor betydelse;NA;
6003016;111129;Patrinia gibbosa;patrinia;Art;2;Urban miljö (U) - Stor betydelse;NA;
259727;111131;Scabiosa atropurpurea;praktvädd;Art;56;Urban miljö (U) - Stor betydelse;NA;
266038;111133;Scabiosa caucasica;höstvädd;Art;36;;NA;
221045;111135;Scabiosa ochroleuca;gulvädd;Art;247;Urban miljö (U) - Stor betydelse;NA;
221047;111139;Symphoricarpos albus;snöbär;Art;16245;Jordbrukslandskap (J) - Stor betydelse, Urban miljö (U) - Stor betydelse, Skog (S) - Har betydelse;NA;
224085;111140;Symphoricarpos albus var. laevigatus;snöbär;Varietet;81;Urban miljö (U) - Stor betydelse, Skog (S) - Har betydelse;NA;
221048;111141;Symphoricarpos × chenaultii;hybridsnöbär;Art;502;Urban miljö (U) - Stor betydelse;NA;
6008957;111142;Symphoricarpos × doorenbosii;doorenbossnöbär;Art;33;;NA;
264800;111149;Valeriana montana;bergvänderot;Art;2;Urban miljö (U) - Stor betydelse;NA;
264801;111152;Valeriana phu;kattvänderot;Art;2;Urban miljö (U) - Stor betydelse;NA;
221052;111162;Valerianella coronata;bägarklynne;Art;1;Urban miljö (U) - Stor betydelse;NA;
221054;111164;Valerianella eriocarpa;luddklynne;Art;1;Urban miljö (U) - Stor betydelse;NA;
221056;111168;Valerianella muricata;;Art;0;Urban miljö (U) - Stor betydelse;NA;
221057;111169;Valerianella rimosa;åkerklynne;Art;5;Urban miljö (U) - Stor betydelse;NA;
6010621;111171;Weigela florida;rosenprakttry;Art;115;Urban miljö (U) - Stor betydelse;NA;
6331273;111172;Weigela × hybrida;trädgårdsprakttry;Art;5;;NA;
221058;111173;Weigela sp.;prakttry;Art;0;;;
6030458;111185;Aralia californica;kalifornia-aralia;Art;39;;NA;
6324973;111187;Aralia continentalis;amuraralia;Art;4;;NA;
219632;111188;Aralia elata;parkaralia;Art;47;Urban miljö (U) - Stor betydelse;NA;
219633;111190;Aralia racemosa;lundaralia;Art;2;Urban miljö (U) - Stor betydelse;NA;
235042;111191;Aralia spinosa;taggaralia;Art;43;Urban miljö (U) - Stor betydelse;NA;
221664;111194;Hedera colchica;kaukasisk murgröna;Art;58;Urban miljö (U) - Stor betydelse;NA;
219678;111196;Hedera hibernica;storbladig murgröna;Art;327;Urban miljö (U) - Stor betydelse;NA;
264806;111202;Hydrocotyle sibthorpioides;trådspikblad;Art;1;Urban miljö (U) - Stor betydelse;NA;
6051261;111207;Kalopanax septemlobus;jättearalia;Art;43;;NA;
221600;111218;Ammi majus;slöjsilja;Art;236;Urban miljö (U) - Stor betydelse;NA;
219621;111219;Ammi visnaga;tandpetarsilja;Art;59;Urban miljö (U) - Stor betydelse;NA;
222788;111223;Anethum graveolens;dill;Art;2687;Urban miljö (U) - Stor betydelse;NA;
63;111231;Anthriscus cerefolium;dansk körvel;Art;793;Urban miljö (U) - Stor betydelse;NA;
221176;111237;Astrantia major;stjärnflocka;Art;1072;Urban miljö (U) - Stor betydelse, Jordbrukslandskap (J) - Har betydelse;NA;
6328974;111240;Azorella trifurcata;gulldyna;Art;20;;NA;
220003;111245;Bifora radians;strålkoriander;Art;20;Urban miljö (U) - Stor betydelse;NA;
220774;111248;Bowlesia glandulosa;drusa;Art;0;Urban miljö (U) - Stor betydelse;NA;
222117;111249;Bowlesia incana;;Art;4;Urban miljö (U) - Stor betydelse;NA;
209;111251;Bunium bulbocastanum;jordkastanj;Art;576;Jordbrukslandskap (J) - Stor betydelse, Urban miljö (U) - Har betydelse;NA;
220005;111253;Bupleurum croceum;cirkelharört;Art;17;Urban miljö (U) - Stor betydelse;NA;
219640;111254;Bupleurum falcatum;smalbladig harört;Art;30;Urban miljö (U) - Stor betydelse;NA;
219641;111255;Bupleurum heldreichii;pisidisk harört;Art;1;Urban miljö (U) - Stor betydelse;NA;
219643;111257;Bupleurum odontites;spetsharört;Art;7;Urban miljö (U) - Stor betydelse;NA;
219644;111258;Bupleurum rotundifolium;harört;Art;174;Urban miljö (U) - Stor betydelse;NA;
219645;111259;Bupleurum subovatum;anatolisk harört;Art;7;Urban miljö (U) - Stor betydelse;NA;
219650;111264;Caucalis platycarpos;piggkörvel;Art;46;Urban miljö (U) - Stor betydelse;NA;
223544;111265;Caucalis platycarpos subsp. muricata;;Underart;0;;;
223545;111266;Caucalis platycarpos subsp. platycarpos;piggkörvel;Underart;0;;;
221619;111272;Chaerophyllum aromaticum;doftkörvel;Art;156;Urban miljö (U) - Stor betydelse, Jordbrukslandskap (J) - Har betydelse;NA;
315;111273;Chaerophyllum aureum;guldkörvel;Art;571;Urban miljö (U) - Stor betydelse, Jordbrukslandskap (J) - Har betydelse;NA;
316;111274;Chaerophyllum bulbosum;rotkörvel;Art;512;Urban miljö (U) - Stor betydelse, Jordbrukslandskap (J) - Har betydelse;NA;
220096;111292;Coriandrum sativum;koriander;Art;701;Urban miljö (U) - Stor betydelse;NA;
221189;111298;Cuminum cyminum;spiskummin;Art;5;Urban miljö (U) - Stor betydelse;NA;
223433;111300;Cyclospermum leptophyllum;kvarnselleri;Art;44;Urban miljö (U) - Stor betydelse;NA;
223549;111305;Daucus carota subsp. maximus;jättemorot;Underart;5;Urban miljö (U) - Stor betydelse;NA;
223550;111306;Daucus carota subsp. sativus;äkta morot;Underart;241;Urban miljö (U) - Stor betydelse;NA;
219665;111307;Daucus glochidiatus;;Art;1;Urban miljö (U) - Stor betydelse;NA;
219666;111308;Daucus muricatus;spikmorot;Art;3;Urban miljö (U) - Stor betydelse;NA;
220512;111313;Eryngium alpinum;alpmartorn;Art;24;Urban miljö (U) - Stor betydelse;NA;
6328971;111314;Eryngium bourgatii;spansk martorn;Art;30;;NA;
219669;111315;Eryngium campestre;fältmartorn;Art;67;Urban miljö (U) - Stor betydelse;NA;
6052344;111316;Eryngium foetidum;sallatsmartorn;Art;2;;NA;
219670;111317;Eryngium giganteum;silvermartorn;Art;562;Urban miljö (U) - Stor betydelse;NA;
219671;111318;Eryngium hookeri;texasmartorn;Art;1;Urban miljö (U) - Stor betydelse;NA;
6037505;111320;Eryngium × olivierianum;praktmartorn;Art;2;;NA;
219673;111321;Eryngium planum;rysk martorn;Art;823;Urban miljö (U) - Stor betydelse;NA;
6332718;111322;Eryngium yuccifolium;skallerormsmartorn;Art;13;;NA;
220143;111326;Foeniculum vulgare;fänkål;Art;454;Urban miljö (U) - Stor betydelse;NA;
266060;111328;Hacquetia epipactis;gullflocka;Art;11;Urban miljö (U) - Stor betydelse;NA;
219630;111331;Helosciadium nodiflorum;fränefloka;Art;6;Urban miljö (U) - Stor betydelse;NA;
219682;111334;Heracleum 'Kungsholm';kungsholmsloka;Art;35;Urban miljö (U) - Stor betydelse;NA;
219680;111335;Heracleum mantegazzianum;jätteloka;Art;21291;Jordbrukslandskap (J) - Stor betydelse, Urban miljö (U) - Stor betydelse;NA;
6010685;111336;Heracleum mantegazzianum agg.;jätteloka (aggregat);Artkomplex;22452;;NA;
222850;111337;Heracleum persicum;tromsöloka;Art;574;Jordbrukslandskap (J) - Stor betydelse, Urban miljö (U) - Stor betydelse;NA;
259710;111338;Heracleum platytaenium;hörsneloka;Art;114;Urban miljö (U) - Stor betydelse;NA;
264805;111339;Heracleum pubescens;liten jätteloka;Art;8;Urban miljö (U) - Stor betydelse;NA;
266062;111340;Heracleum sosnowskyi;bredloka;Art;36;;NA;
222798;111349;Krubera peregrina;filigranskörvel;Art;2;Urban miljö (U) - Stor betydelse;NA;
222152;111353;Laserpitium halleri;alpspenört;Art;13;Skog (S) - Stor betydelse, Urban miljö (U) - Stor betydelse;NA;
220817;111364;Meum athamanticum;björnrot;Art;211;Urban miljö (U) - Stor betydelse;NA;
220826;111366;Molopospermum peleponnesiacum;alpkörvel;Art;56;Urban miljö (U) - Stor betydelse;NA;
6030459;111374;Oenanthe javanica;selleristäkra;Art;97;;NA;
219694;111376;Oenanthe pimpinelloides;knölstäkra;Art;41;Urban miljö (U) - Stor betydelse;NA;
221739;111378;Orlaya grandiflora;blomsterkörvel;Art;27;Urban miljö (U) - Stor betydelse;NA;
223554;111384;Pastinaca sativa subsp. sylvestris;vildpalsternacka;Underart;128;Urban miljö (U) - Stor betydelse;NA;
264807;111385;Pastinaca sativa subsp. urens;sydpalsternacka;Underart;32;Urban miljö (U) - Stor betydelse;NA;
220848;111387;Petroselinum crispum;persilja;Art;1291;Urban miljö (U) - Stor betydelse;NA;
264808;111393;Physospermum cornubiense;;Art;0;Urban miljö (U) - Stor betydelse;NA;
222054;111395;Pimpinella anisum;anis;Art;77;Urban miljö (U) - Stor betydelse;NA;
219705;111397;Pimpinella peregrina;lång bockrot;Art;119;Urban miljö (U) - Stor betydelse;NA;
219707;111401;Pimpinella tripartita;;Art;3;Urban miljö (U) - Stor betydelse;NA;
6051720;111405;Rhizomatophora aegopodioides;;Art;3;;NA;
219710;111407;Ridolfia segetum;falsk fänkål;Art;33;Urban miljö (U) - Stor betydelse;NA;
219712;111411;Scandix balansae;turkisk nålkörvel;Art;0;Urban miljö (U) - Stor betydelse;NA;
219713;111412;Scandix iberica;kaukasisk nålkörvel;Art;16;Urban miljö (U) - Stor betydelse;NA;
223557;111414;Scandix pecten-veneris subsp. brachycarpa;späd nålkörvel;Underart;0;Urban miljö (U) - Stor betydelse;NA;
219715;111416;Scandix stellata;stjärnkörvel;Art;3;Urban miljö (U) - Stor betydelse;NA;
219718;111420;Selinum silaifolium;karstsilja;Art;52;Urban miljö (U) - Stor betydelse;NA;
6333474;111423;Seseli gummiferum;;Art;0;;;
219720;111425;Seseli montanum;fliksäfferot;Art;24;Urban miljö (U) - Stor betydelse;NA;
219721;111427;Silaum alpestre;rysk ängssilja;Art;1;Urban miljö (U) - Stor betydelse;NA;
266064;111430;Silphiodaucus hispidus;borstspenört;Art;15;;NA;
219699;111433;Sison segetum;höstpersilja;Art;5;Urban miljö (U) - Stor betydelse;NA;
219724;111438;Smyrnium perfoliatum;vingloka;Art;276;Urban miljö (U) - Stor betydelse;NA;
6051128;111440;Tordylium maximum;strävsilja;Art;1;;NA;
219725;111442;Torilis arvensis;åkerkörvel;Art;3;Urban miljö (U) - Stor betydelse;NA;
223559;111443;Torilis arvensis subsp. arvensis;;Underart;1;Urban miljö (U) - Stor betydelse;NA;
223560;111444;Torilis arvensis subsp. neglecta;;Underart;1;Urban miljö (U) - Stor betydelse;NA;
264809;111446;Torilis leptophylla;;Art;0;Urban miljö (U) - Stor betydelse;NA;
219727;111447;Torilis nodosa;knutkörvel;Art;10;Urban miljö (U) - Stor betydelse;NA;
264810;111448;Torilis ucranica;;Art;1;Urban miljö (U) - Stor betydelse;NA;
219728;111450;Trachyspermum ammi;ajowan;Art;51;Urban miljö (U) - Stor betydelse;NA;
219729;111452;Trinia kitaibelii;;Art;0;Urban miljö (U) - Stor betydelse;NA;
219730;111454;Turgenia latifolia;stickkörvel;Art;28;Urban miljö (U) - Stor betydelse;NA;
232837;113867;Codium fragile;klykalg;Art;317;Marin miljö (M) - Stor betydelse;NA;
5512;114760;Physarella oblonga;;Art;0;;NA;
